

Microchip MPLAB XC8 Assembler V2.50 build 20240725155939 
                                                                                               Fri Oct 10 17:15:55 2025

Microchip MPLAB XC8 C Compiler v2.50 (Free license) build 20240725155939 Og1 
     1                           	processor	18F47Q10
     2                           	fnconf	rparam,??,?,0
     3                           	pagewidth 120
     4                           	opt	flic
     5                           	psect	mediumconst,global,reloc=2,class=MEDIUMCONST,space=0,delta=1,noexec
     6                           	psect	cinit,global,reloc=2,class=CODE,space=0,delta=1
     7                           	psect	bssCOMRAM,global,class=COMRAM,space=1,delta=1,lowdata,noexec
     8                           	psect	bssBANK0,global,class=BANK0,space=1,delta=1,lowdata,noexec
     9                           	psect	cstackBANK0,global,class=BANK0,space=1,delta=1,lowdata,noexec
    10                           	psect	cstackCOMRAM,global,class=COMRAM,space=1,delta=1,lowdata,noexec
    11                           	psect	text0,global,reloc=2,class=CODE,space=0,delta=1
    12                           	psect	text1,global,reloc=2,class=CODE,space=0,delta=1
    13                           	psect	text2,global,reloc=2,class=CODE,space=0,delta=1
    14                           	psect	text3,global,reloc=2,class=CODE,space=0,delta=1
    15                           	psect	text4,global,reloc=2,class=CODE,space=0,delta=1,group=3
    16                           	psect	text5,global,reloc=2,class=CODE,space=0,delta=1,group=3
    17                           	psect	text6,global,reloc=2,class=CODE,space=0,delta=1,group=3
    18                           	psect	text7,global,reloc=2,class=CODE,space=0,delta=1,group=3
    19                           	psect	text8,global,reloc=2,class=CODE,space=0,delta=1
    20                           	psect	text9,global,reloc=2,class=CODE,space=0,delta=1
    21                           	psect	text10,global,reloc=2,class=CODE,space=0,delta=1
    22                           	psect	text11,global,reloc=2,class=CODE,space=0,delta=1
    23                           	psect	text12,global,reloc=2,class=CODE,space=0,delta=1
    24                           	psect	text13,global,reloc=2,class=CODE,space=0,delta=1
    25                           	psect	text14,global,reloc=2,class=CODE,space=0,delta=1
    26                           	psect	text15,global,reloc=2,class=CODE,space=0,delta=1
    27                           	psect	text16,global,reloc=2,class=CODE,space=0,delta=1
    28                           	psect	text17,global,reloc=2,class=CODE,space=0,delta=1
    29                           	psect	text18,global,reloc=2,class=CODE,space=0,delta=1
    30                           	psect	text19,global,reloc=2,class=CODE,space=0,delta=1
    31                           	psect	text20,global,reloc=2,class=CODE,space=0,delta=1
    32                           	psect	text21,global,reloc=2,class=CODE,space=0,delta=1
    33                           	psect	text22,global,reloc=2,class=CODE,space=0,delta=1
    34                           	psect	text23,global,reloc=2,class=CODE,space=0,delta=1
    35                           	psect	text24,global,reloc=2,class=CODE,space=0,delta=1
    36                           	psect	text25,global,reloc=2,class=CODE,space=0,delta=1
    37                           	psect	text26,global,reloc=2,class=CODE,space=0,delta=1
    38                           	psect	text27,global,reloc=2,class=CODE,space=0,delta=1
    39                           	psect	text28,global,reloc=2,class=CODE,space=0,delta=1
    40                           	psect	text29,global,reloc=2,class=CODE,space=0,delta=1
    41                           	psect	text30,global,reloc=2,class=CODE,space=0,delta=1
    42                           	psect	text31,global,reloc=2,class=CODE,space=0,delta=1,group=3
    43                           	psect	text32,global,reloc=2,class=CODE,space=0,delta=1,group=1
    44                           	psect	text33,global,reloc=2,class=CODE,space=0,delta=1,group=1
    45                           	psect	text34,global,reloc=2,class=CODE,space=0,delta=1,group=3
    46                           	psect	text35,global,reloc=2,class=CODE,space=0,delta=1
    47                           	psect	text36,global,reloc=2,class=CODE,space=0,delta=1
    48                           	psect	text37,global,reloc=2,class=CODE,space=0,delta=1,group=3
    49                           	psect	text38,global,reloc=2,class=CODE,space=0,delta=1,group=2
    50                           	psect	text39,global,reloc=2,class=CODE,space=0,delta=1,group=2
    51                           	psect	text40,global,reloc=2,class=CODE,space=0,delta=1
    52                           	psect	text41,global,reloc=2,class=CODE,space=0,delta=1
    53                           	psect	text42,global,reloc=2,class=CODE,space=0,delta=1
    54                           	psect	text43,global,reloc=2,class=CODE,space=0,delta=1
    55                           	psect	intcode,global,reloc=2,class=CODE,space=0,delta=1
    56                           	psect	text45,global,reloc=2,class=CODE,space=0,delta=1
    57                           	psect	text46,global,reloc=2,class=CODE,space=0,delta=1
    58                           	psect	intsave_regs,global,class=BIGRAM,space=1,delta=1,noexec
    59                           	psect	rparam,global,class=COMRAM,space=1,delta=1,noexec
    60                           	psect	temp,global,ovrld,common,class=COMRAM,space=1,delta=1,lowdata
    61                           	psect	config,global,abs,ovrld,class=CONFIG,space=4,delta=1,noexec
    62   000000                     
    63                           ; Generated 18/12/2023 GMT
    64                           ; 
    65                           ; Copyright © 2023, Microchip Technology Inc. and its subsidiaries ("Microchip")
    66                           ; All rights reserved.
    67                           ; 
    68                           ; This software is developed by Microchip Technology Inc. and its subsidiaries ("Microch
      +                          ip").
    69                           ; 
    70                           ; Redistribution and use in source and binary forms, with or without modification, are
    71                           ; permitted provided that the following conditions are met:
    72                           ; 
    73                           ;     1. Redistributions of source code must retain the above copyright notice, this lis
      +                          t of
    74                           ;        conditions and the following disclaimer.
    75                           ; 
    76                           ;     2. Redistributions in binary form must reproduce the above copyright notice, this 
      +                          list
    77                           ;        of conditions and the following disclaimer in the documentation and/or other
    78                           ;        materials provided with the distribution. Publication is not required when
    79                           ;        this file is used in an embedded application.
    80                           ; 
    81                           ;     3. Microchip's name may not be used to endorse or promote products derived from th
      +                          is
    82                           ;        software without specific prior written permission.
    83                           ; 
    84                           ; THIS SOFTWARE IS PROVIDED BY MICROCHIP "AS IS" AND ANY EXPRESS OR IMPLIED WARRANTIES,
    85                           ; INCLUDING, BUT NOT LIMITED TO, THE IMPLIED WARRANTIES OF MERCHANTABILITY AND FITNESS F
      +                          OR
    86                           ; PURPOSE ARE DISCLAIMED.  IN NO EVENT SHALL MICROCHIP BE LIABLE FOR ANY DIRECT, INDIREC
      +                          T,
    87                           ; INCIDENTAL, SPECIAL, EXEMPLARY, OR CONSEQUENTIAL DAMAGES (INCLUDING BUT NOT LIMITED TO
    88                           ; PROCUREMENT OF SUBSTITUTE GOODS OR SERVICES; LOSS OF USE, DATA OR PROFITS; OR BUSINESS
    89                           ; INTERRUPTION) HOWSOEVER CAUSED AND ON ANY THEORY OF LIABILITY, WHETHER IN CONTRACT, ST
      +                          RICT
    90                           ; LIABILITY, OR TORT (INCLUDING NEGLIGENCE OR OTHERWISE) ARISING IN ANY WAY OUT OF THE U
      +                          SE OF
    91                           ; THIS SOFTWARE, EVEN IF ADVISED OF THE POSSIBILITY OF SUCH DAMAGE.
    92                           ; 
    93                           ; 
    94                           ; Code-generator required, PIC18F47Q10 Definitions
    95                           ; 
    96                           ; SFR Addresses
    97   000FE0                     bsr             equ	4064
    98   000FE9                     fsr0            equ	4073
    99   000FEA                     fsr0h           equ	4074
   100   000FE9                     fsr0l           equ	4073
   101   000FE1                     fsr1            equ	4065
   102   000FE2                     fsr1h           equ	4066
   103   000FE1                     fsr1l           equ	4065
   104   000FD9                     fsr2            equ	4057
   105   000FDA                     fsr2h           equ	4058
   106   000FD9                     fsr2l           equ	4057
   107   000FEF                     indf0           equ	4079
   108   000FE7                     indf1           equ	4071
   109   000FDF                     indf2           equ	4063
   110   000FF2                     intcon          equ	4082
   111   000F80                     nvmcon          equ	3968
   112   000FF9                     pcl             equ	4089
   113   000FFA                     pclath          equ	4090
   114   000FFB                     pclatu          equ	4091
   115   000FEB                     plusw0          equ	4075
   116   000FE3                     plusw1          equ	4067
   117   000FDB                     plusw2          equ	4059
   118   000FED                     postdec0        equ	4077
   119   000FE5                     postdec1        equ	4069
   120   000FDD                     postdec2        equ	4061
   121   000FEE                     postinc0        equ	4078
   122   000FE6                     postinc1        equ	4070
   123   000FDE                     postinc2        equ	4062
   124   000FEC                     preinc0         equ	4076
   125   000FE4                     preinc1         equ	4068
   126   000FDC                     preinc2         equ	4060
   127   000FF3                     prod            equ	4083
   128   000FF4                     prodh           equ	4084
   129   000FF3                     prodl           equ	4083
   130   000FD8                     status          equ	4056
   131   000FF5                     tablat          equ	4085
   132   000FF6                     tblptr          equ	4086
   133   000FF7                     tblptrh         equ	4087
   134   000FF6                     tblptrl         equ	4086
   135   000FF8                     tblptru         equ	4088
   136   000FFD                     tosl            equ	4093
   137   000FE8                     wreg            equ	4072
   138   000E1F                     CLCIN0PPS       equ	3615	;# 
   139   000E20                     CLCIN1PPS       equ	3616	;# 
   140   000E21                     CLCIN2PPS       equ	3617	;# 
   141   000E22                     CLCIN3PPS       equ	3618	;# 
   142   000E23                     CLCIN4PPS       equ	3619	;# 
   143   000E24                     CLCIN5PPS       equ	3620	;# 
   144   000E25                     CLCIN6PPS       equ	3621	;# 
   145   000E26                     CLCIN7PPS       equ	3622	;# 
   146   000E27                     CLC1CON         equ	3623	;# 
   147   000E28                     CLC1POL         equ	3624	;# 
   148   000E29                     CLC1SEL0        equ	3625	;# 
   149   000E2A                     CLC1SEL1        equ	3626	;# 
   150   000E2B                     CLC1SEL2        equ	3627	;# 
   151   000E2C                     CLC1SEL3        equ	3628	;# 
   152   000E2D                     CLC1GLS0        equ	3629	;# 
   153   000E2E                     CLC1GLS1        equ	3630	;# 
   154   000E2F                     CLC1GLS2        equ	3631	;# 
   155   000E30                     CLC1GLS3        equ	3632	;# 
   156   000E31                     CLC2CON         equ	3633	;# 
   157   000E32                     CLC2POL         equ	3634	;# 
   158   000E33                     CLC2SEL0        equ	3635	;# 
   159   000E34                     CLC2SEL1        equ	3636	;# 
   160   000E35                     CLC2SEL2        equ	3637	;# 
   161   000E36                     CLC2SEL3        equ	3638	;# 
   162   000E37                     CLC2GLS0        equ	3639	;# 
   163   000E38                     CLC2GLS1        equ	3640	;# 
   164   000E39                     CLC2GLS2        equ	3641	;# 
   165   000E3A                     CLC2GLS3        equ	3642	;# 
   166   000E3B                     CLC3CON         equ	3643	;# 
   167   000E3C                     CLC3POL         equ	3644	;# 
   168   000E3D                     CLC3SEL0        equ	3645	;# 
   169   000E3E                     CLC3SEL1        equ	3646	;# 
   170   000E3F                     CLC3SEL2        equ	3647	;# 
   171   000E40                     CLC3SEL3        equ	3648	;# 
   172   000E41                     CLC3GLS0        equ	3649	;# 
   173   000E42                     CLC3GLS1        equ	3650	;# 
   174   000E43                     CLC3GLS2        equ	3651	;# 
   175   000E44                     CLC3GLS3        equ	3652	;# 
   176   000E45                     CLC4CON         equ	3653	;# 
   177   000E46                     CLC4POL         equ	3654	;# 
   178   000E47                     CLC4SEL0        equ	3655	;# 
   179   000E48                     CLC4SEL1        equ	3656	;# 
   180   000E49                     CLC4SEL2        equ	3657	;# 
   181   000E4A                     CLC4SEL3        equ	3658	;# 
   182   000E4B                     CLC4GLS0        equ	3659	;# 
   183   000E4C                     CLC4GLS1        equ	3660	;# 
   184   000E4D                     CLC4GLS2        equ	3661	;# 
   185   000E4E                     CLC4GLS3        equ	3662	;# 
   186   000E4F                     CLC5CON         equ	3663	;# 
   187   000E50                     CLC5POL         equ	3664	;# 
   188   000E51                     CLC5SEL0        equ	3665	;# 
   189   000E52                     CLC5SEL1        equ	3666	;# 
   190   000E53                     CLC5SEL2        equ	3667	;# 
   191   000E54                     CLC5SEL3        equ	3668	;# 
   192   000E55                     CLC5GLS0        equ	3669	;# 
   193   000E56                     CLC5GLS1        equ	3670	;# 
   194   000E57                     CLC5GLS2        equ	3671	;# 
   195   000E58                     CLC5GLS3        equ	3672	;# 
   196   000E59                     CLC6CON         equ	3673	;# 
   197   000E5A                     CLC6POL         equ	3674	;# 
   198   000E5B                     CLC6SEL0        equ	3675	;# 
   199   000E5C                     CLC6SEL1        equ	3676	;# 
   200   000E5D                     CLC6SEL2        equ	3677	;# 
   201   000E5E                     CLC6SEL3        equ	3678	;# 
   202   000E5F                     CLC6GLS0        equ	3679	;# 
   203   000E60                     CLC6GLS1        equ	3680	;# 
   204   000E61                     CLC6GLS2        equ	3681	;# 
   205   000E62                     CLC6GLS3        equ	3682	;# 
   206   000E63                     CLC7CON         equ	3683	;# 
   207   000E64                     CLC7POL         equ	3684	;# 
   208   000E65                     CLC7SEL0        equ	3685	;# 
   209   000E66                     CLC7SEL1        equ	3686	;# 
   210   000E67                     CLC7SEL2        equ	3687	;# 
   211   000E68                     CLC7SEL3        equ	3688	;# 
   212   000E69                     CLC7GLS0        equ	3689	;# 
   213   000E6A                     CLC7GLS1        equ	3690	;# 
   214   000E6B                     CLC7GLS2        equ	3691	;# 
   215   000E6C                     CLC7GLS3        equ	3692	;# 
   216   000E6D                     CLC8CON         equ	3693	;# 
   217   000E6E                     CLC8POL         equ	3694	;# 
   218   000E6F                     CLC8SEL0        equ	3695	;# 
   219   000E70                     CLC8SEL1        equ	3696	;# 
   220   000E71                     CLC8SEL2        equ	3697	;# 
   221   000E72                     CLC8SEL3        equ	3698	;# 
   222   000E73                     CLC8GLS0        equ	3699	;# 
   223   000E74                     CLC8GLS1        equ	3700	;# 
   224   000E75                     CLC8GLS2        equ	3701	;# 
   225   000E76                     CLC8GLS3        equ	3702	;# 
   226   000E77                     CLCDATA         equ	3703	;# 
   227   000E88                     RX2PPS          equ	3720	;# 
   228   000E88                     RXDT2PPS        equ	3720	;# 
   229   000E89                     CK2PPS          equ	3721	;# 
   230   000E89                     TXCK2PPS        equ	3721	;# 
   231   000E89                     TX2PPS          equ	3721	;# 
   232   000E8A                     SSP2CLKPPS      equ	3722	;# 
   233   000E8B                     SSP2DATPPS      equ	3723	;# 
   234   000E8C                     SSP2SSPPS       equ	3724	;# 
   235   000E8D                     SSP2BUF         equ	3725	;# 
   236   000E8E                     SSP2ADD         equ	3726	;# 
   237   000E8F                     SSP2MSK         equ	3727	;# 
   238   000E90                     SSP2STAT        equ	3728	;# 
   239   000E91                     SSP2CON1        equ	3729	;# 
   240   000E92                     SSP2CON2        equ	3730	;# 
   241   000E93                     SSP2CON3        equ	3731	;# 
   242   000E94                     RC2REG          equ	3732	;# 
   243   000E94                     RCREG2          equ	3732	;# 
   244   000E95                     TX2REG          equ	3733	;# 
   245   000E95                     TXREG2          equ	3733	;# 
   246   000E96                     SP2BRG          equ	3734	;# 
   247   000E96                     SP2BRGL         equ	3734	;# 
   248   000E96                     SPBRG2          equ	3734	;# 
   249   000E97                     SP2BRGH         equ	3735	;# 
   250   000E97                     SPBRGH2         equ	3735	;# 
   251   000E98                     RC2STA          equ	3736	;# 
   252   000E98                     RCSTA2          equ	3736	;# 
   253   000E99                     TX2STA          equ	3737	;# 
   254   000E99                     TXSTA2          equ	3737	;# 
   255   000E9A                     BAUD2CON        equ	3738	;# 
   256   000E9A                     BAUDCON2        equ	3738	;# 
   257   000E9A                     BAUDCTL2        equ	3738	;# 
   258   000E9B                     PPSLOCK         equ	3739	;# 
   259   000E9C                     INT0PPS         equ	3740	;# 
   260   000E9D                     INT1PPS         equ	3741	;# 
   261   000E9E                     INT2PPS         equ	3742	;# 
   262   000E9F                     T0CKIPPS        equ	3743	;# 
   263   000EA0                     T1CKIPPS        equ	3744	;# 
   264   000EA1                     T1GPPS          equ	3745	;# 
   265   000EA2                     T3CKIPPS        equ	3746	;# 
   266   000EA3                     T3GPPS          equ	3747	;# 
   267   000EA4                     T5CKIPPS        equ	3748	;# 
   268   000EA5                     T5GPPS          equ	3749	;# 
   269   000EA6                     T2INPPS         equ	3750	;# 
   270   000EA7                     T4INPPS         equ	3751	;# 
   271   000EA8                     T6INPPS         equ	3752	;# 
   272   000EA9                     ADACTPPS        equ	3753	;# 
   273   000EAA                     CCP1PPS         equ	3754	;# 
   274   000EAB                     CCP2PPS         equ	3755	;# 
   275   000EAC                     CWG1PPS         equ	3756	;# 
   276   000EAC                     CWGPPS          equ	3756	;# 
   277   000EAC                     CWG1INPPS       equ	3756	;# 
   278   000EAC                     CWGINPPS        equ	3756	;# 
   279   000EAD                     MDCARLPPS       equ	3757	;# 
   280   000EAE                     MDCARHPPS       equ	3758	;# 
   281   000EAF                     MDSRCPPS        equ	3759	;# 
   282   000EB0                     RX1PPS          equ	3760	;# 
   283   000EB0                     RXPPS           equ	3760	;# 
   284   000EB0                     RXDT1PPS        equ	3760	;# 
   285   000EB1                     CK1PPS          equ	3761	;# 
   286   000EB1                     TXPPS           equ	3761	;# 
   287   000EB1                     CKPPS           equ	3761	;# 
   288   000EB1                     TX1PPS          equ	3761	;# 
   289   000EB1                     TXCK1PPS        equ	3761	;# 
   290   000EB2                     SSP1CLKPPS      equ	3762	;# 
   291   000EB2                     SSPCLKPPS       equ	3762	;# 
   292   000EB3                     SSP1DATPPS      equ	3763	;# 
   293   000EB3                     SSPDATPPS       equ	3763	;# 
   294   000EB4                     SSP1SSPPS       equ	3764	;# 
   295   000EB4                     SSPSSPPS        equ	3764	;# 
   296   000EB5                     IPR0            equ	3765	;# 
   297   000EB6                     IPR1            equ	3766	;# 
   298   000EB7                     IPR2            equ	3767	;# 
   299   000EB8                     IPR3            equ	3768	;# 
   300   000EB9                     IPR4            equ	3769	;# 
   301   000EBA                     IPR5            equ	3770	;# 
   302   000EBB                     IPR6            equ	3771	;# 
   303   000EBC                     IPR7            equ	3772	;# 
   304   000EBD                     PIE0            equ	3773	;# 
   305   000EBE                     PIE1            equ	3774	;# 
   306   000EBF                     PIE2            equ	3775	;# 
   307   000EC0                     PIE3            equ	3776	;# 
   308   000EC1                     PIE4            equ	3777	;# 
   309   000EC2                     PIE5            equ	3778	;# 
   310   000EC3                     PIE6            equ	3779	;# 
   311   000EC4                     PIE7            equ	3780	;# 
   312   000EC5                     PIR0            equ	3781	;# 
   313   000EC6                     PIR1            equ	3782	;# 
   314   000EC7                     PIR2            equ	3783	;# 
   315   000EC8                     PIR3            equ	3784	;# 
   316   000EC9                     PIR4            equ	3785	;# 
   317   000ECA                     PIR5            equ	3786	;# 
   318   000ECB                     PIR6            equ	3787	;# 
   319   000ECC                     PIR7            equ	3788	;# 
   320   000ECD                     WDTCON0         equ	3789	;# 
   321   000ECE                     WDTCON1         equ	3790	;# 
   322   000ECF                     WDTPSL          equ	3791	;# 
   323   000ED0                     WDTPSH          equ	3792	;# 
   324   000ED1                     WDTTMR          equ	3793	;# 
   325   000ED2                     CPUDOZE         equ	3794	;# 
   326   000ED3                     OSCCON1         equ	3795	;# 
   327   000ED4                     OSCCON2         equ	3796	;# 
   328   000ED5                     OSCCON3         equ	3797	;# 
   329   000ED6                     OSCSTAT         equ	3798	;# 
   330   000ED6                     OSCSTAT1        equ	3798	;# 
   331   000ED7                     OSCEN           equ	3799	;# 
   332   000ED8                     OSCTUNE         equ	3800	;# 
   333   000ED9                     OSCFRQ          equ	3801	;# 
   334   000ED9                     OSCFREQ         equ	3801	;# 
   335   000EDA                     VREGCON         equ	3802	;# 
   336   000EDB                     BORCON          equ	3803	;# 
   337   000EDC                     PMD0            equ	3804	;# 
   338   000EDD                     PMD1            equ	3805	;# 
   339   000EDE                     PMD2            equ	3806	;# 
   340   000EDF                     PMD3            equ	3807	;# 
   341   000EE0                     PMD4            equ	3808	;# 
   342   000EE1                     PMD5            equ	3809	;# 
   343   000EE2                     RA0PPS          equ	3810	;# 
   344   000EE3                     RA1PPS          equ	3811	;# 
   345   000EE4                     RA2PPS          equ	3812	;# 
   346   000EE5                     RA3PPS          equ	3813	;# 
   347   000EE6                     RA4PPS          equ	3814	;# 
   348   000EE7                     RA5PPS          equ	3815	;# 
   349   000EE8                     RA6PPS          equ	3816	;# 
   350   000EE9                     RA7PPS          equ	3817	;# 
   351   000EEA                     RB0PPS          equ	3818	;# 
   352   000EEB                     RB1PPS          equ	3819	;# 
   353   000EEC                     RB2PPS          equ	3820	;# 
   354   000EED                     RB3PPS          equ	3821	;# 
   355   000EEE                     RB4PPS          equ	3822	;# 
   356   000EEF                     RB5PPS          equ	3823	;# 
   357   000EF0                     RB6PPS          equ	3824	;# 
   358   000EF1                     RB7PPS          equ	3825	;# 
   359   000EF2                     RC0PPS          equ	3826	;# 
   360   000EF3                     RC1PPS          equ	3827	;# 
   361   000EF4                     RC2PPS          equ	3828	;# 
   362   000EF5                     RC3PPS          equ	3829	;# 
   363   000EF6                     RC4PPS          equ	3830	;# 
   364   000EF7                     RC5PPS          equ	3831	;# 
   365   000EF8                     RC6PPS          equ	3832	;# 
   366   000EF9                     RC7PPS          equ	3833	;# 
   367   000EFA                     RD0PPS          equ	3834	;# 
   368   000EFB                     RD1PPS          equ	3835	;# 
   369   000EFC                     RD2PPS          equ	3836	;# 
   370   000EFD                     RD3PPS          equ	3837	;# 
   371   000EFE                     RD4PPS          equ	3838	;# 
   372   000EFF                     RD5PPS          equ	3839	;# 
   373   000F00                     RD6PPS          equ	3840	;# 
   374   000F01                     RD7PPS          equ	3841	;# 
   375   000F02                     RE0PPS          equ	3842	;# 
   376   000F03                     RE1PPS          equ	3843	;# 
   377   000F04                     RE2PPS          equ	3844	;# 
   378   000F05                     IOCAF           equ	3845	;# 
   379   000F06                     IOCAN           equ	3846	;# 
   380   000F07                     IOCAP           equ	3847	;# 
   381   000F08                     INLVLA          equ	3848	;# 
   382   000F09                     SLRCONA         equ	3849	;# 
   383   000F0A                     ODCONA          equ	3850	;# 
   384   000F0B                     WPUA            equ	3851	;# 
   385   000F0C                     ANSELA          equ	3852	;# 
   386   000F0D                     IOCBF           equ	3853	;# 
   387   000F0E                     IOCBN           equ	3854	;# 
   388   000F0F                     IOCBP           equ	3855	;# 
   389   000F10                     INLVLB          equ	3856	;# 
   390   000F11                     SLRCONB         equ	3857	;# 
   391   000F12                     ODCONB          equ	3858	;# 
   392   000F13                     WPUB            equ	3859	;# 
   393   000F14                     ANSELB          equ	3860	;# 
   394   000F15                     IOCCF           equ	3861	;# 
   395   000F16                     IOCCN           equ	3862	;# 
   396   000F17                     IOCCP           equ	3863	;# 
   397   000F18                     INLVLC          equ	3864	;# 
   398   000F19                     SLRCONC         equ	3865	;# 
   399   000F1A                     ODCONC          equ	3866	;# 
   400   000F1B                     WPUC            equ	3867	;# 
   401   000F1C                     ANSELC          equ	3868	;# 
   402   000F1D                     INLVLD          equ	3869	;# 
   403   000F1E                     SLRCOND         equ	3870	;# 
   404   000F1F                     ODCOND          equ	3871	;# 
   405   000F20                     WPUD            equ	3872	;# 
   406   000F21                     ANSELD          equ	3873	;# 
   407   000F22                     IOCEF           equ	3874	;# 
   408   000F23                     IOCEN           equ	3875	;# 
   409   000F24                     IOCEP           equ	3876	;# 
   410   000F25                     INLVLE          equ	3877	;# 
   411   000F26                     SLRCONE         equ	3878	;# 
   412   000F27                     ODCONE          equ	3879	;# 
   413   000F28                     WPUE            equ	3880	;# 
   414   000F29                     ANSELE          equ	3881	;# 
   415   000F2A                     HLVDCON0        equ	3882	;# 
   416   000F2B                     HLVDCON1        equ	3883	;# 
   417   000F2C                     FVRCON          equ	3884	;# 
   418   000F2D                     ZCDCON          equ	3885	;# 
   419   000F2E                     DAC1CON0        equ	3886	;# 
   420   000F2F                     DAC1CON1        equ	3887	;# 
   421   000F30                     CM2CON0         equ	3888	;# 
   422   000F31                     CM2CON1         equ	3889	;# 
   423   000F32                     CM2NCH          equ	3890	;# 
   424   000F33                     CM2PCH          equ	3891	;# 
   425   000F34                     CM1CON0         equ	3892	;# 
   426   000F35                     CM1CON1         equ	3893	;# 
   427   000F36                     CM1NCH          equ	3894	;# 
   428   000F37                     CM1PCH          equ	3895	;# 
   429   000F38                     CMOUT           equ	3896	;# 
   430   000F39                     CLKRCON         equ	3897	;# 
   431   000F3A                     CLKRCLK         equ	3898	;# 
   432   000F3B                     CWG1CLK         equ	3899	;# 
   433   000F3B                     CWG1CLKCON      equ	3899	;# 
   434   000F3C                     CWG1ISM         equ	3900	;# 
   435   000F3D                     CWG1DBR         equ	3901	;# 
   436   000F3E                     CWG1DBF         equ	3902	;# 
   437   000F3F                     CWG1CON0        equ	3903	;# 
   438   000F40                     CWG1CON1        equ	3904	;# 
   439   000F41                     CWG1AS0         equ	3905	;# 
   440   000F42                     CWG1AS1         equ	3906	;# 
   441   000F43                     CWG1STR         equ	3907	;# 
   442   000F44                     SCANLADR        equ	3908	;# 
   443   000F44                     SCANLADRL       equ	3908	;# 
   444   000F45                     SCANLADRH       equ	3909	;# 
   445   000F46                     SCANLADRU       equ	3910	;# 
   446   000F47                     SCANHADR        equ	3911	;# 
   447   000F47                     SCANHADRL       equ	3911	;# 
   448   000F48                     SCANHADRH       equ	3912	;# 
   449   000F49                     SCANHADRU       equ	3913	;# 
   450   000F4A                     SCANCON0        equ	3914	;# 
   451   000F4B                     SCANTRIG        equ	3915	;# 
   452   000F4C                     MDCON0          equ	3916	;# 
   453   000F4D                     MDCON1          equ	3917	;# 
   454   000F4E                     MDSRC           equ	3918	;# 
   455   000F4F                     MDCARL          equ	3919	;# 
   456   000F50                     MDCARH          equ	3920	;# 
   457   000F51                     ADACT           equ	3921	;# 
   458   000F52                     ADCLK           equ	3922	;# 
   459   000F53                     ADREF           equ	3923	;# 
   460   000F54                     ADCON1          equ	3924	;# 
   461   000F55                     ADCON2          equ	3925	;# 
   462   000F56                     ADCON3          equ	3926	;# 
   463   000F57                     ADACQ           equ	3927	;# 
   464   000F58                     ADCAP           equ	3928	;# 
   465   000F59                     ADPRE           equ	3929	;# 
   466   000F5A                     ADPCH           equ	3930	;# 
   467   000F5B                     ADCON0          equ	3931	;# 
   468   000F5C                     ADPREV          equ	3932	;# 
   469   000F5C                     ADPREVL         equ	3932	;# 
   470   000F5D                     ADPREVH         equ	3933	;# 
   471   000F5E                     ADRES           equ	3934	;# 
   472   000F5E                     ADRESL          equ	3934	;# 
   473   000F5F                     ADRESH          equ	3935	;# 
   474   000F60                     ADSTAT          equ	3936	;# 
   475   000F61                     ADRPT           equ	3937	;# 
   476   000F62                     ADCNT           equ	3938	;# 
   477   000F63                     ADSTPT          equ	3939	;# 
   478   000F63                     ADSTPTL         equ	3939	;# 
   479   000F64                     ADSTPTH         equ	3940	;# 
   480   000F65                     ADLTH           equ	3941	;# 
   481   000F65                     ADLTHL          equ	3941	;# 
   482   000F66                     ADLTHH          equ	3942	;# 
   483   000F67                     ADUTH           equ	3943	;# 
   484   000F67                     ADUTHL          equ	3943	;# 
   485   000F68                     ADUTHH          equ	3944	;# 
   486   000F69                     ADERR           equ	3945	;# 
   487   000F69                     ADERRL          equ	3945	;# 
   488   000F6A                     ADERRH          equ	3946	;# 
   489   000F6B                     ADACC           equ	3947	;# 
   490   000F6B                     ADACCL          equ	3947	;# 
   491   000F6C                     ADACCH          equ	3948	;# 
   492   000F6D                     ADFLTR          equ	3949	;# 
   493   000F6D                     ADFLTRL         equ	3949	;# 
   494   000F6E                     ADFLTRH         equ	3950	;# 
   495   000F6F                     CRCDATA         equ	3951	;# 
   496   000F6F                     CRCDATL         equ	3951	;# 
   497   000F70                     CRCDATH         equ	3952	;# 
   498   000F71                     CRCACC          equ	3953	;# 
   499   000F71                     CRCACCL         equ	3953	;# 
   500   000F72                     CRCACCH         equ	3954	;# 
   501   000F73                     CRCSHFT         equ	3955	;# 
   502   000F73                     CRCSHIFTL       equ	3955	;# 
   503   000F74                     CRCSHIFTH       equ	3956	;# 
   504   000F75                     CRCXOR          equ	3957	;# 
   505   000F75                     CRCXORL         equ	3957	;# 
   506   000F76                     CRCXORH         equ	3958	;# 
   507   000F77                     CRCCON0         equ	3959	;# 
   508   000F78                     CRCCON1         equ	3960	;# 
   509   000F79                     NVMADR          equ	3961	;# 
   510   000F79                     NVMADRL         equ	3961	;# 
   511   000F7A                     NVMADRH         equ	3962	;# 
   512   000F7B                     NVMADRU         equ	3963	;# 
   513   000F7C                     NVMDAT          equ	3964	;# 
   514   000F7C                     NVMDATL         equ	3964	;# 
   515   000F7D                     NVMDATH         equ	3965	;# 
   516   000F7F                     NVMCON0         equ	3967	;# 
   517   000F80                     NVMCON1         equ	3968	;# 
   518   000F81                     NVMCON2         equ	3969	;# 
   519   000F82                     LATA            equ	3970	;# 
   520   000F83                     LATB            equ	3971	;# 
   521   000F84                     LATC            equ	3972	;# 
   522   000F85                     LATD            equ	3973	;# 
   523   000F86                     LATE            equ	3974	;# 
   524   000F87                     TRISA           equ	3975	;# 
   525   000F87                     DDRA            equ	3975	;# 
   526   000F88                     TRISB           equ	3976	;# 
   527   000F88                     DDRB            equ	3976	;# 
   528   000F89                     TRISC           equ	3977	;# 
   529   000F89                     DDRC            equ	3977	;# 
   530   000F8A                     TRISD           equ	3978	;# 
   531   000F8A                     DDRD            equ	3978	;# 
   532   000F8B                     TRISE           equ	3979	;# 
   533   000F8B                     DDRE            equ	3979	;# 
   534   000F8C                     PORTA           equ	3980	;# 
   535   000F8D                     PORTB           equ	3981	;# 
   536   000F8E                     PORTC           equ	3982	;# 
   537   000F8F                     PORTD           equ	3983	;# 
   538   000F90                     PORTE           equ	3984	;# 
   539   000F91                     SSP1BUF         equ	3985	;# 
   540   000F92                     SSP1ADD         equ	3986	;# 
   541   000F93                     SSP1MSK         equ	3987	;# 
   542   000F94                     SSP1STAT        equ	3988	;# 
   543   000F95                     SSP1CON1        equ	3989	;# 
   544   000F96                     SSP1CON2        equ	3990	;# 
   545   000F97                     SSP1CON3        equ	3991	;# 
   546   000F98                     RC1REG          equ	3992	;# 
   547   000F98                     RCREG           equ	3992	;# 
   548   000F98                     RCREG1          equ	3992	;# 
   549   000F99                     TX1REG          equ	3993	;# 
   550   000F99                     TXREG1          equ	3993	;# 
   551   000F99                     TXREG           equ	3993	;# 
   552   000F9A                     SP1BRG          equ	3994	;# 
   553   000F9A                     SPBRG           equ	3994	;# 
   554   000F9A                     SP1BRGL         equ	3994	;# 
   555   000F9A                     SPBRG1          equ	3994	;# 
   556   000F9A                     SPBRGL          equ	3994	;# 
   557   000F9B                     SP1BRGH         equ	3995	;# 
   558   000F9B                     SPBRGH          equ	3995	;# 
   559   000F9B                     SPBRGH1         equ	3995	;# 
   560   000F9C                     RC1STA          equ	3996	;# 
   561   000F9C                     RCSTA1          equ	3996	;# 
   562   000F9C                     RCSTA           equ	3996	;# 
   563   000F9D                     TX1STA          equ	3997	;# 
   564   000F9D                     TXSTA1          equ	3997	;# 
   565   000F9D                     TXSTA           equ	3997	;# 
   566   000F9E                     BAUD1CON        equ	3998	;# 
   567   000F9E                     BAUDCON1        equ	3998	;# 
   568   000F9E                     BAUDCTL1        equ	3998	;# 
   569   000F9E                     BAUDCON         equ	3998	;# 
   570   000F9E                     BAUDCTL         equ	3998	;# 
   571   000F9F                     PWM4DC          equ	3999	;# 
   572   000F9F                     PWM4DCL         equ	3999	;# 
   573   000FA0                     PWM4DCH         equ	4000	;# 
   574   000FA1                     PWM4CON         equ	4001	;# 
   575   000FA2                     PWM3DC          equ	4002	;# 
   576   000FA2                     PWM3DCL         equ	4002	;# 
   577   000FA3                     PWM3DCH         equ	4003	;# 
   578   000FA4                     PWM3CON         equ	4004	;# 
   579   000FA5                     CCPR2           equ	4005	;# 
   580   000FA5                     CCPR2L          equ	4005	;# 
   581   000FA6                     CCPR2H          equ	4006	;# 
   582   000FA7                     CCP2CON         equ	4007	;# 
   583   000FA8                     CCP2CAP         equ	4008	;# 
   584   000FA9                     CCPR1           equ	4009	;# 
   585   000FA9                     CCPR1L          equ	4009	;# 
   586   000FAA                     CCPR1H          equ	4010	;# 
   587   000FAB                     CCP1CON         equ	4011	;# 
   588   000FAC                     CCP1CAP         equ	4012	;# 
   589   000FAD                     CCPTMRS         equ	4013	;# 
   590   000FAE                     T6TMR           equ	4014	;# 
   591   000FAE                     TMR6            equ	4014	;# 
   592   000FAF                     T6PR            equ	4015	;# 
   593   000FAF                     PR6             equ	4015	;# 
   594   000FB0                     T6CON           equ	4016	;# 
   595   000FB1                     T6HLT           equ	4017	;# 
   596   000FB2                     T6CLKCON        equ	4018	;# 
   597   000FB2                     T6CLK           equ	4018	;# 
   598   000FB3                     T6RST           equ	4019	;# 
   599   000FB4                     T4TMR           equ	4020	;# 
   600   000FB4                     TMR4            equ	4020	;# 
   601   000FB5                     T4PR            equ	4021	;# 
   602   000FB5                     PR4             equ	4021	;# 
   603   000FB6                     T4CON           equ	4022	;# 
   604   000FB7                     T4HLT           equ	4023	;# 
   605   000FB8                     T4CLKCON        equ	4024	;# 
   606   000FB8                     T4CLK           equ	4024	;# 
   607   000FB9                     T4RST           equ	4025	;# 
   608   000FBA                     T2TMR           equ	4026	;# 
   609   000FBA                     TMR2            equ	4026	;# 
   610   000FBB                     T2PR            equ	4027	;# 
   611   000FBB                     PR2             equ	4027	;# 
   612   000FBC                     T2CON           equ	4028	;# 
   613   000FBD                     T2HLT           equ	4029	;# 
   614   000FBE                     T2CLKCON        equ	4030	;# 
   615   000FBE                     T2CLK           equ	4030	;# 
   616   000FBF                     T2RST           equ	4031	;# 
   617   000FC0                     TMR5            equ	4032	;# 
   618   000FC0                     TMR5L           equ	4032	;# 
   619   000FC1                     TMR5H           equ	4033	;# 
   620   000FC2                     T5CON           equ	4034	;# 
   621   000FC2                     TMR5CON         equ	4034	;# 
   622   000FC3                     T5GCON          equ	4035	;# 
   623   000FC3                     TMR5GCON        equ	4035	;# 
   624   000FC4                     T5GATE          equ	4036	;# 
   625   000FC4                     TMR5GATE        equ	4036	;# 
   626   000FC5                     T5CLK           equ	4037	;# 
   627   000FC5                     TMR5CLK         equ	4037	;# 
   628   000FC5                     PR5             equ	4037	;# 
   629   000FC6                     TMR3            equ	4038	;# 
   630   000FC6                     TMR3L           equ	4038	;# 
   631   000FC7                     TMR3H           equ	4039	;# 
   632   000FC8                     T3CON           equ	4040	;# 
   633   000FC8                     TMR3CON         equ	4040	;# 
   634   000FC9                     T3GCON          equ	4041	;# 
   635   000FC9                     TMR3GCON        equ	4041	;# 
   636   000FCA                     T3GATE          equ	4042	;# 
   637   000FCA                     TMR3GATE        equ	4042	;# 
   638   000FCB                     T3CLK           equ	4043	;# 
   639   000FCB                     TMR3CLK         equ	4043	;# 
   640   000FCB                     PR3             equ	4043	;# 
   641   000FCC                     TMR1            equ	4044	;# 
   642   000FCC                     TMR1L           equ	4044	;# 
   643   000FCD                     TMR1H           equ	4045	;# 
   644   000FCE                     T1CON           equ	4046	;# 
   645   000FCE                     TMR1CON         equ	4046	;# 
   646   000FCF                     T1GCON          equ	4047	;# 
   647   000FCF                     TMR1GCON        equ	4047	;# 
   648   000FD0                     T1GATE          equ	4048	;# 
   649   000FD0                     TMR1GATE        equ	4048	;# 
   650   000FD1                     T1CLK           equ	4049	;# 
   651   000FD1                     TMR1CLK         equ	4049	;# 
   652   000FD1                     PR1             equ	4049	;# 
   653   000FD2                     TMR0L           equ	4050	;# 
   654   000FD2                     TMR0            equ	4050	;# 
   655   000FD3                     TMR0H           equ	4051	;# 
   656   000FD3                     PR0             equ	4051	;# 
   657   000FD4                     T0CON0          equ	4052	;# 
   658   000FD5                     T0CON1          equ	4053	;# 
   659   000FD6                     PCON1           equ	4054	;# 
   660   000FD7                     PCON0           equ	4055	;# 
   661   000FD8                     STATUS          equ	4056	;# 
   662   000FD9                     FSR2            equ	4057	;# 
   663   000FD9                     FSR2L           equ	4057	;# 
   664   000FDA                     FSR2H           equ	4058	;# 
   665   000FDB                     PLUSW2          equ	4059	;# 
   666   000FDC                     PREINC2         equ	4060	;# 
   667   000FDD                     POSTDEC2        equ	4061	;# 
   668   000FDE                     POSTINC2        equ	4062	;# 
   669   000FDF                     INDF2           equ	4063	;# 
   670   000FE0                     BSR             equ	4064	;# 
   671   000FE1                     FSR1            equ	4065	;# 
   672   000FE1                     FSR1L           equ	4065	;# 
   673   000FE2                     FSR1H           equ	4066	;# 
   674   000FE3                     PLUSW1          equ	4067	;# 
   675   000FE4                     PREINC1         equ	4068	;# 
   676   000FE5                     POSTDEC1        equ	4069	;# 
   677   000FE6                     POSTINC1        equ	4070	;# 
   678   000FE7                     INDF1           equ	4071	;# 
   679   000FE8                     WREG            equ	4072	;# 
   680   000FE9                     FSR0            equ	4073	;# 
   681   000FE9                     FSR0L           equ	4073	;# 
   682   000FEA                     FSR0H           equ	4074	;# 
   683   000FEB                     PLUSW0          equ	4075	;# 
   684   000FEC                     PREINC0         equ	4076	;# 
   685   000FED                     POSTDEC0        equ	4077	;# 
   686   000FEE                     POSTINC0        equ	4078	;# 
   687   000FEF                     INDF0           equ	4079	;# 
   688   000FF2                     INTCON          equ	4082	;# 
   689   000FF3                     PROD            equ	4083	;# 
   690   000FF3                     PRODL           equ	4083	;# 
   691   000FF4                     PRODH           equ	4084	;# 
   692   000FF5                     TABLAT          equ	4085	;# 
   693   000FF6                     TBLPTR          equ	4086	;# 
   694   000FF6                     TBLPTRL         equ	4086	;# 
   695   000FF7                     TBLPTRH         equ	4087	;# 
   696   000FF8                     TBLPTRU         equ	4088	;# 
   697   000FF9                     PCLAT           equ	4089	;# 
   698   000FF9                     PCL             equ	4089	;# 
   699   000FFA                     PCLATH          equ	4090	;# 
   700   000FFB                     PCLATU          equ	4091	;# 
   701   000FFC                     STKPTR          equ	4092	;# 
   702   000FFD                     TOS             equ	4093	;# 
   703   000FFD                     TOSL            equ	4093	;# 
   704   000FFE                     TOSH            equ	4094	;# 
   705   000FFF                     TOSU            equ	4095	;# 
   706   000E1F                     CLCIN0PPS       equ	3615	;# 
   707   000E20                     CLCIN1PPS       equ	3616	;# 
   708   000E21                     CLCIN2PPS       equ	3617	;# 
   709   000E22                     CLCIN3PPS       equ	3618	;# 
   710   000E23                     CLCIN4PPS       equ	3619	;# 
   711   000E24                     CLCIN5PPS       equ	3620	;# 
   712   000E25                     CLCIN6PPS       equ	3621	;# 
   713   000E26                     CLCIN7PPS       equ	3622	;# 
   714   000E27                     CLC1CON         equ	3623	;# 
   715   000E28                     CLC1POL         equ	3624	;# 
   716   000E29                     CLC1SEL0        equ	3625	;# 
   717   000E2A                     CLC1SEL1        equ	3626	;# 
   718   000E2B                     CLC1SEL2        equ	3627	;# 
   719   000E2C                     CLC1SEL3        equ	3628	;# 
   720   000E2D                     CLC1GLS0        equ	3629	;# 
   721   000E2E                     CLC1GLS1        equ	3630	;# 
   722   000E2F                     CLC1GLS2        equ	3631	;# 
   723   000E30                     CLC1GLS3        equ	3632	;# 
   724   000E31                     CLC2CON         equ	3633	;# 
   725   000E32                     CLC2POL         equ	3634	;# 
   726   000E33                     CLC2SEL0        equ	3635	;# 
   727   000E34                     CLC2SEL1        equ	3636	;# 
   728   000E35                     CLC2SEL2        equ	3637	;# 
   729   000E36                     CLC2SEL3        equ	3638	;# 
   730   000E37                     CLC2GLS0        equ	3639	;# 
   731   000E38                     CLC2GLS1        equ	3640	;# 
   732   000E39                     CLC2GLS2        equ	3641	;# 
   733   000E3A                     CLC2GLS3        equ	3642	;# 
   734   000E3B                     CLC3CON         equ	3643	;# 
   735   000E3C                     CLC3POL         equ	3644	;# 
   736   000E3D                     CLC3SEL0        equ	3645	;# 
   737   000E3E                     CLC3SEL1        equ	3646	;# 
   738   000E3F                     CLC3SEL2        equ	3647	;# 
   739   000E40                     CLC3SEL3        equ	3648	;# 
   740   000E41                     CLC3GLS0        equ	3649	;# 
   741   000E42                     CLC3GLS1        equ	3650	;# 
   742   000E43                     CLC3GLS2        equ	3651	;# 
   743   000E44                     CLC3GLS3        equ	3652	;# 
   744   000E45                     CLC4CON         equ	3653	;# 
   745   000E46                     CLC4POL         equ	3654	;# 
   746   000E47                     CLC4SEL0        equ	3655	;# 
   747   000E48                     CLC4SEL1        equ	3656	;# 
   748   000E49                     CLC4SEL2        equ	3657	;# 
   749   000E4A                     CLC4SEL3        equ	3658	;# 
   750   000E4B                     CLC4GLS0        equ	3659	;# 
   751   000E4C                     CLC4GLS1        equ	3660	;# 
   752   000E4D                     CLC4GLS2        equ	3661	;# 
   753   000E4E                     CLC4GLS3        equ	3662	;# 
   754   000E4F                     CLC5CON         equ	3663	;# 
   755   000E50                     CLC5POL         equ	3664	;# 
   756   000E51                     CLC5SEL0        equ	3665	;# 
   757   000E52                     CLC5SEL1        equ	3666	;# 
   758   000E53                     CLC5SEL2        equ	3667	;# 
   759   000E54                     CLC5SEL3        equ	3668	;# 
   760   000E55                     CLC5GLS0        equ	3669	;# 
   761   000E56                     CLC5GLS1        equ	3670	;# 
   762   000E57                     CLC5GLS2        equ	3671	;# 
   763   000E58                     CLC5GLS3        equ	3672	;# 
   764   000E59                     CLC6CON         equ	3673	;# 
   765   000E5A                     CLC6POL         equ	3674	;# 
   766   000E5B                     CLC6SEL0        equ	3675	;# 
   767   000E5C                     CLC6SEL1        equ	3676	;# 
   768   000E5D                     CLC6SEL2        equ	3677	;# 
   769   000E5E                     CLC6SEL3        equ	3678	;# 
   770   000E5F                     CLC6GLS0        equ	3679	;# 
   771   000E60                     CLC6GLS1        equ	3680	;# 
   772   000E61                     CLC6GLS2        equ	3681	;# 
   773   000E62                     CLC6GLS3        equ	3682	;# 
   774   000E63                     CLC7CON         equ	3683	;# 
   775   000E64                     CLC7POL         equ	3684	;# 
   776   000E65                     CLC7SEL0        equ	3685	;# 
   777   000E66                     CLC7SEL1        equ	3686	;# 
   778   000E67                     CLC7SEL2        equ	3687	;# 
   779   000E68                     CLC7SEL3        equ	3688	;# 
   780   000E69                     CLC7GLS0        equ	3689	;# 
   781   000E6A                     CLC7GLS1        equ	3690	;# 
   782   000E6B                     CLC7GLS2        equ	3691	;# 
   783   000E6C                     CLC7GLS3        equ	3692	;# 
   784   000E6D                     CLC8CON         equ	3693	;# 
   785   000E6E                     CLC8POL         equ	3694	;# 
   786   000E6F                     CLC8SEL0        equ	3695	;# 
   787   000E70                     CLC8SEL1        equ	3696	;# 
   788   000E71                     CLC8SEL2        equ	3697	;# 
   789   000E72                     CLC8SEL3        equ	3698	;# 
   790   000E73                     CLC8GLS0        equ	3699	;# 
   791   000E74                     CLC8GLS1        equ	3700	;# 
   792   000E75                     CLC8GLS2        equ	3701	;# 
   793   000E76                     CLC8GLS3        equ	3702	;# 
   794   000E77                     CLCDATA         equ	3703	;# 
   795   000E88                     RX2PPS          equ	3720	;# 
   796   000E88                     RXDT2PPS        equ	3720	;# 
   797   000E89                     CK2PPS          equ	3721	;# 
   798   000E89                     TXCK2PPS        equ	3721	;# 
   799   000E89                     TX2PPS          equ	3721	;# 
   800   000E8A                     SSP2CLKPPS      equ	3722	;# 
   801   000E8B                     SSP2DATPPS      equ	3723	;# 
   802   000E8C                     SSP2SSPPS       equ	3724	;# 
   803   000E8D                     SSP2BUF         equ	3725	;# 
   804   000E8E                     SSP2ADD         equ	3726	;# 
   805   000E8F                     SSP2MSK         equ	3727	;# 
   806   000E90                     SSP2STAT        equ	3728	;# 
   807   000E91                     SSP2CON1        equ	3729	;# 
   808   000E92                     SSP2CON2        equ	3730	;# 
   809   000E93                     SSP2CON3        equ	3731	;# 
   810   000E94                     RC2REG          equ	3732	;# 
   811   000E94                     RCREG2          equ	3732	;# 
   812   000E95                     TX2REG          equ	3733	;# 
   813   000E95                     TXREG2          equ	3733	;# 
   814   000E96                     SP2BRG          equ	3734	;# 
   815   000E96                     SP2BRGL         equ	3734	;# 
   816   000E96                     SPBRG2          equ	3734	;# 
   817   000E97                     SP2BRGH         equ	3735	;# 
   818   000E97                     SPBRGH2         equ	3735	;# 
   819   000E98                     RC2STA          equ	3736	;# 
   820   000E98                     RCSTA2          equ	3736	;# 
   821   000E99                     TX2STA          equ	3737	;# 
   822   000E99                     TXSTA2          equ	3737	;# 
   823   000E9A                     BAUD2CON        equ	3738	;# 
   824   000E9A                     BAUDCON2        equ	3738	;# 
   825   000E9A                     BAUDCTL2        equ	3738	;# 
   826   000E9B                     PPSLOCK         equ	3739	;# 
   827   000E9C                     INT0PPS         equ	3740	;# 
   828   000E9D                     INT1PPS         equ	3741	;# 
   829   000E9E                     INT2PPS         equ	3742	;# 
   830   000E9F                     T0CKIPPS        equ	3743	;# 
   831   000EA0                     T1CKIPPS        equ	3744	;# 
   832   000EA1                     T1GPPS          equ	3745	;# 
   833   000EA2                     T3CKIPPS        equ	3746	;# 
   834   000EA3                     T3GPPS          equ	3747	;# 
   835   000EA4                     T5CKIPPS        equ	3748	;# 
   836   000EA5                     T5GPPS          equ	3749	;# 
   837   000EA6                     T2INPPS         equ	3750	;# 
   838   000EA7                     T4INPPS         equ	3751	;# 
   839   000EA8                     T6INPPS         equ	3752	;# 
   840   000EA9                     ADACTPPS        equ	3753	;# 
   841   000EAA                     CCP1PPS         equ	3754	;# 
   842   000EAB                     CCP2PPS         equ	3755	;# 
   843   000EAC                     CWG1PPS         equ	3756	;# 
   844   000EAC                     CWGPPS          equ	3756	;# 
   845   000EAC                     CWG1INPPS       equ	3756	;# 
   846   000EAC                     CWGINPPS        equ	3756	;# 
   847   000EAD                     MDCARLPPS       equ	3757	;# 
   848   000EAE                     MDCARHPPS       equ	3758	;# 
   849   000EAF                     MDSRCPPS        equ	3759	;# 
   850   000EB0                     RX1PPS          equ	3760	;# 
   851   000EB0                     RXPPS           equ	3760	;# 
   852   000EB0                     RXDT1PPS        equ	3760	;# 
   853   000EB1                     CK1PPS          equ	3761	;# 
   854   000EB1                     TXPPS           equ	3761	;# 
   855   000EB1                     CKPPS           equ	3761	;# 
   856   000EB1                     TX1PPS          equ	3761	;# 
   857   000EB1                     TXCK1PPS        equ	3761	;# 
   858   000EB2                     SSP1CLKPPS      equ	3762	;# 
   859   000EB2                     SSPCLKPPS       equ	3762	;# 
   860   000EB3                     SSP1DATPPS      equ	3763	;# 
   861   000EB3                     SSPDATPPS       equ	3763	;# 
   862   000EB4                     SSP1SSPPS       equ	3764	;# 
   863   000EB4                     SSPSSPPS        equ	3764	;# 
   864   000EB5                     IPR0            equ	3765	;# 
   865   000EB6                     IPR1            equ	3766	;# 
   866   000EB7                     IPR2            equ	3767	;# 
   867   000EB8                     IPR3            equ	3768	;# 
   868   000EB9                     IPR4            equ	3769	;# 
   869   000EBA                     IPR5            equ	3770	;# 
   870   000EBB                     IPR6            equ	3771	;# 
   871   000EBC                     IPR7            equ	3772	;# 
   872   000EBD                     PIE0            equ	3773	;# 
   873   000EBE                     PIE1            equ	3774	;# 
   874   000EBF                     PIE2            equ	3775	;# 
   875   000EC0                     PIE3            equ	3776	;# 
   876   000EC1                     PIE4            equ	3777	;# 
   877   000EC2                     PIE5            equ	3778	;# 
   878   000EC3                     PIE6            equ	3779	;# 
   879   000EC4                     PIE7            equ	3780	;# 
   880   000EC5                     PIR0            equ	3781	;# 
   881   000EC6                     PIR1            equ	3782	;# 
   882   000EC7                     PIR2            equ	3783	;# 
   883   000EC8                     PIR3            equ	3784	;# 
   884   000EC9                     PIR4            equ	3785	;# 
   885   000ECA                     PIR5            equ	3786	;# 
   886   000ECB                     PIR6            equ	3787	;# 
   887   000ECC                     PIR7            equ	3788	;# 
   888   000ECD                     WDTCON0         equ	3789	;# 
   889   000ECE                     WDTCON1         equ	3790	;# 
   890   000ECF                     WDTPSL          equ	3791	;# 
   891   000ED0                     WDTPSH          equ	3792	;# 
   892   000ED1                     WDTTMR          equ	3793	;# 
   893   000ED2                     CPUDOZE         equ	3794	;# 
   894   000ED3                     OSCCON1         equ	3795	;# 
   895   000ED4                     OSCCON2         equ	3796	;# 
   896   000ED5                     OSCCON3         equ	3797	;# 
   897   000ED6                     OSCSTAT         equ	3798	;# 
   898   000ED6                     OSCSTAT1        equ	3798	;# 
   899   000ED7                     OSCEN           equ	3799	;# 
   900   000ED8                     OSCTUNE         equ	3800	;# 
   901   000ED9                     OSCFRQ          equ	3801	;# 
   902   000ED9                     OSCFREQ         equ	3801	;# 
   903   000EDA                     VREGCON         equ	3802	;# 
   904   000EDB                     BORCON          equ	3803	;# 
   905   000EDC                     PMD0            equ	3804	;# 
   906   000EDD                     PMD1            equ	3805	;# 
   907   000EDE                     PMD2            equ	3806	;# 
   908   000EDF                     PMD3            equ	3807	;# 
   909   000EE0                     PMD4            equ	3808	;# 
   910   000EE1                     PMD5            equ	3809	;# 
   911   000EE2                     RA0PPS          equ	3810	;# 
   912   000EE3                     RA1PPS          equ	3811	;# 
   913   000EE4                     RA2PPS          equ	3812	;# 
   914   000EE5                     RA3PPS          equ	3813	;# 
   915   000EE6                     RA4PPS          equ	3814	;# 
   916   000EE7                     RA5PPS          equ	3815	;# 
   917   000EE8                     RA6PPS          equ	3816	;# 
   918   000EE9                     RA7PPS          equ	3817	;# 
   919   000EEA                     RB0PPS          equ	3818	;# 
   920   000EEB                     RB1PPS          equ	3819	;# 
   921   000EEC                     RB2PPS          equ	3820	;# 
   922   000EED                     RB3PPS          equ	3821	;# 
   923   000EEE                     RB4PPS          equ	3822	;# 
   924   000EEF                     RB5PPS          equ	3823	;# 
   925   000EF0                     RB6PPS          equ	3824	;# 
   926   000EF1                     RB7PPS          equ	3825	;# 
   927   000EF2                     RC0PPS          equ	3826	;# 
   928   000EF3                     RC1PPS          equ	3827	;# 
   929   000EF4                     RC2PPS          equ	3828	;# 
   930   000EF5                     RC3PPS          equ	3829	;# 
   931   000EF6                     RC4PPS          equ	3830	;# 
   932   000EF7                     RC5PPS          equ	3831	;# 
   933   000EF8                     RC6PPS          equ	3832	;# 
   934   000EF9                     RC7PPS          equ	3833	;# 
   935   000EFA                     RD0PPS          equ	3834	;# 
   936   000EFB                     RD1PPS          equ	3835	;# 
   937   000EFC                     RD2PPS          equ	3836	;# 
   938   000EFD                     RD3PPS          equ	3837	;# 
   939   000EFE                     RD4PPS          equ	3838	;# 
   940   000EFF                     RD5PPS          equ	3839	;# 
   941   000F00                     RD6PPS          equ	3840	;# 
   942   000F01                     RD7PPS          equ	3841	;# 
   943   000F02                     RE0PPS          equ	3842	;# 
   944   000F03                     RE1PPS          equ	3843	;# 
   945   000F04                     RE2PPS          equ	3844	;# 
   946   000F05                     IOCAF           equ	3845	;# 
   947   000F06                     IOCAN           equ	3846	;# 
   948   000F07                     IOCAP           equ	3847	;# 
   949   000F08                     INLVLA          equ	3848	;# 
   950   000F09                     SLRCONA         equ	3849	;# 
   951   000F0A                     ODCONA          equ	3850	;# 
   952   000F0B                     WPUA            equ	3851	;# 
   953   000F0C                     ANSELA          equ	3852	;# 
   954   000F0D                     IOCBF           equ	3853	;# 
   955   000F0E                     IOCBN           equ	3854	;# 
   956   000F0F                     IOCBP           equ	3855	;# 
   957   000F10                     INLVLB          equ	3856	;# 
   958   000F11                     SLRCONB         equ	3857	;# 
   959   000F12                     ODCONB          equ	3858	;# 
   960   000F13                     WPUB            equ	3859	;# 
   961   000F14                     ANSELB          equ	3860	;# 
   962   000F15                     IOCCF           equ	3861	;# 
   963   000F16                     IOCCN           equ	3862	;# 
   964   000F17                     IOCCP           equ	3863	;# 
   965   000F18                     INLVLC          equ	3864	;# 
   966   000F19                     SLRCONC         equ	3865	;# 
   967   000F1A                     ODCONC          equ	3866	;# 
   968   000F1B                     WPUC            equ	3867	;# 
   969   000F1C                     ANSELC          equ	3868	;# 
   970   000F1D                     INLVLD          equ	3869	;# 
   971   000F1E                     SLRCOND         equ	3870	;# 
   972   000F1F                     ODCOND          equ	3871	;# 
   973   000F20                     WPUD            equ	3872	;# 
   974   000F21                     ANSELD          equ	3873	;# 
   975   000F22                     IOCEF           equ	3874	;# 
   976   000F23                     IOCEN           equ	3875	;# 
   977   000F24                     IOCEP           equ	3876	;# 
   978   000F25                     INLVLE          equ	3877	;# 
   979   000F26                     SLRCONE         equ	3878	;# 
   980   000F27                     ODCONE          equ	3879	;# 
   981   000F28                     WPUE            equ	3880	;# 
   982   000F29                     ANSELE          equ	3881	;# 
   983   000F2A                     HLVDCON0        equ	3882	;# 
   984   000F2B                     HLVDCON1        equ	3883	;# 
   985   000F2C                     FVRCON          equ	3884	;# 
   986   000F2D                     ZCDCON          equ	3885	;# 
   987   000F2E                     DAC1CON0        equ	3886	;# 
   988   000F2F                     DAC1CON1        equ	3887	;# 
   989   000F30                     CM2CON0         equ	3888	;# 
   990   000F31                     CM2CON1         equ	3889	;# 
   991   000F32                     CM2NCH          equ	3890	;# 
   992   000F33                     CM2PCH          equ	3891	;# 
   993   000F34                     CM1CON0         equ	3892	;# 
   994   000F35                     CM1CON1         equ	3893	;# 
   995   000F36                     CM1NCH          equ	3894	;# 
   996   000F37                     CM1PCH          equ	3895	;# 
   997   000F38                     CMOUT           equ	3896	;# 
   998   000F39                     CLKRCON         equ	3897	;# 
   999   000F3A                     CLKRCLK         equ	3898	;# 
  1000   000F3B                     CWG1CLK         equ	3899	;# 
  1001   000F3B                     CWG1CLKCON      equ	3899	;# 
  1002   000F3C                     CWG1ISM         equ	3900	;# 
  1003   000F3D                     CWG1DBR         equ	3901	;# 
  1004   000F3E                     CWG1DBF         equ	3902	;# 
  1005   000F3F                     CWG1CON0        equ	3903	;# 
  1006   000F40                     CWG1CON1        equ	3904	;# 
  1007   000F41                     CWG1AS0         equ	3905	;# 
  1008   000F42                     CWG1AS1         equ	3906	;# 
  1009   000F43                     CWG1STR         equ	3907	;# 
  1010   000F44                     SCANLADR        equ	3908	;# 
  1011   000F44                     SCANLADRL       equ	3908	;# 
  1012   000F45                     SCANLADRH       equ	3909	;# 
  1013   000F46                     SCANLADRU       equ	3910	;# 
  1014   000F47                     SCANHADR        equ	3911	;# 
  1015   000F47                     SCANHADRL       equ	3911	;# 
  1016   000F48                     SCANHADRH       equ	3912	;# 
  1017   000F49                     SCANHADRU       equ	3913	;# 
  1018   000F4A                     SCANCON0        equ	3914	;# 
  1019   000F4B                     SCANTRIG        equ	3915	;# 
  1020   000F4C                     MDCON0          equ	3916	;# 
  1021   000F4D                     MDCON1          equ	3917	;# 
  1022   000F4E                     MDSRC           equ	3918	;# 
  1023   000F4F                     MDCARL          equ	3919	;# 
  1024   000F50                     MDCARH          equ	3920	;# 
  1025   000F51                     ADACT           equ	3921	;# 
  1026   000F52                     ADCLK           equ	3922	;# 
  1027   000F53                     ADREF           equ	3923	;# 
  1028   000F54                     ADCON1          equ	3924	;# 
  1029   000F55                     ADCON2          equ	3925	;# 
  1030   000F56                     ADCON3          equ	3926	;# 
  1031   000F57                     ADACQ           equ	3927	;# 
  1032   000F58                     ADCAP           equ	3928	;# 
  1033   000F59                     ADPRE           equ	3929	;# 
  1034   000F5A                     ADPCH           equ	3930	;# 
  1035   000F5B                     ADCON0          equ	3931	;# 
  1036   000F5C                     ADPREV          equ	3932	;# 
  1037   000F5C                     ADPREVL         equ	3932	;# 
  1038   000F5D                     ADPREVH         equ	3933	;# 
  1039   000F5E                     ADRES           equ	3934	;# 
  1040   000F5E                     ADRESL          equ	3934	;# 
  1041   000F5F                     ADRESH          equ	3935	;# 
  1042   000F60                     ADSTAT          equ	3936	;# 
  1043   000F61                     ADRPT           equ	3937	;# 
  1044   000F62                     ADCNT           equ	3938	;# 
  1045   000F63                     ADSTPT          equ	3939	;# 
  1046   000F63                     ADSTPTL         equ	3939	;# 
  1047   000F64                     ADSTPTH         equ	3940	;# 
  1048   000F65                     ADLTH           equ	3941	;# 
  1049   000F65                     ADLTHL          equ	3941	;# 
  1050   000F66                     ADLTHH          equ	3942	;# 
  1051   000F67                     ADUTH           equ	3943	;# 
  1052   000F67                     ADUTHL          equ	3943	;# 
  1053   000F68                     ADUTHH          equ	3944	;# 
  1054   000F69                     ADERR           equ	3945	;# 
  1055   000F69                     ADERRL          equ	3945	;# 
  1056   000F6A                     ADERRH          equ	3946	;# 
  1057   000F6B                     ADACC           equ	3947	;# 
  1058   000F6B                     ADACCL          equ	3947	;# 
  1059   000F6C                     ADACCH          equ	3948	;# 
  1060   000F6D                     ADFLTR          equ	3949	;# 
  1061   000F6D                     ADFLTRL         equ	3949	;# 
  1062   000F6E                     ADFLTRH         equ	3950	;# 
  1063   000F6F                     CRCDATA         equ	3951	;# 
  1064   000F6F                     CRCDATL         equ	3951	;# 
  1065   000F70                     CRCDATH         equ	3952	;# 
  1066   000F71                     CRCACC          equ	3953	;# 
  1067   000F71                     CRCACCL         equ	3953	;# 
  1068   000F72                     CRCACCH         equ	3954	;# 
  1069   000F73                     CRCSHFT         equ	3955	;# 
  1070   000F73                     CRCSHIFTL       equ	3955	;# 
  1071   000F74                     CRCSHIFTH       equ	3956	;# 
  1072   000F75                     CRCXOR          equ	3957	;# 
  1073   000F75                     CRCXORL         equ	3957	;# 
  1074   000F76                     CRCXORH         equ	3958	;# 
  1075   000F77                     CRCCON0         equ	3959	;# 
  1076   000F78                     CRCCON1         equ	3960	;# 
  1077   000F79                     NVMADR          equ	3961	;# 
  1078   000F79                     NVMADRL         equ	3961	;# 
  1079   000F7A                     NVMADRH         equ	3962	;# 
  1080   000F7B                     NVMADRU         equ	3963	;# 
  1081   000F7C                     NVMDAT          equ	3964	;# 
  1082   000F7C                     NVMDATL         equ	3964	;# 
  1083   000F7D                     NVMDATH         equ	3965	;# 
  1084   000F7F                     NVMCON0         equ	3967	;# 
  1085   000F80                     NVMCON1         equ	3968	;# 
  1086   000F81                     NVMCON2         equ	3969	;# 
  1087   000F82                     LATA            equ	3970	;# 
  1088   000F83                     LATB            equ	3971	;# 
  1089   000F84                     LATC            equ	3972	;# 
  1090   000F85                     LATD            equ	3973	;# 
  1091   000F86                     LATE            equ	3974	;# 
  1092   000F87                     TRISA           equ	3975	;# 
  1093   000F87                     DDRA            equ	3975	;# 
  1094   000F88                     TRISB           equ	3976	;# 
  1095   000F88                     DDRB            equ	3976	;# 
  1096   000F89                     TRISC           equ	3977	;# 
  1097   000F89                     DDRC            equ	3977	;# 
  1098   000F8A                     TRISD           equ	3978	;# 
  1099   000F8A                     DDRD            equ	3978	;# 
  1100   000F8B                     TRISE           equ	3979	;# 
  1101   000F8B                     DDRE            equ	3979	;# 
  1102   000F8C                     PORTA           equ	3980	;# 
  1103   000F8D                     PORTB           equ	3981	;# 
  1104   000F8E                     PORTC           equ	3982	;# 
  1105   000F8F                     PORTD           equ	3983	;# 
  1106   000F90                     PORTE           equ	3984	;# 
  1107   000F91                     SSP1BUF         equ	3985	;# 
  1108   000F92                     SSP1ADD         equ	3986	;# 
  1109   000F93                     SSP1MSK         equ	3987	;# 
  1110   000F94                     SSP1STAT        equ	3988	;# 
  1111   000F95                     SSP1CON1        equ	3989	;# 
  1112   000F96                     SSP1CON2        equ	3990	;# 
  1113   000F97                     SSP1CON3        equ	3991	;# 
  1114   000F98                     RC1REG          equ	3992	;# 
  1115   000F98                     RCREG           equ	3992	;# 
  1116   000F98                     RCREG1          equ	3992	;# 
  1117   000F99                     TX1REG          equ	3993	;# 
  1118   000F99                     TXREG1          equ	3993	;# 
  1119   000F99                     TXREG           equ	3993	;# 
  1120   000F9A                     SP1BRG          equ	3994	;# 
  1121   000F9A                     SPBRG           equ	3994	;# 
  1122   000F9A                     SP1BRGL         equ	3994	;# 
  1123   000F9A                     SPBRG1          equ	3994	;# 
  1124   000F9A                     SPBRGL          equ	3994	;# 
  1125   000F9B                     SP1BRGH         equ	3995	;# 
  1126   000F9B                     SPBRGH          equ	3995	;# 
  1127   000F9B                     SPBRGH1         equ	3995	;# 
  1128   000F9C                     RC1STA          equ	3996	;# 
  1129   000F9C                     RCSTA1          equ	3996	;# 
  1130   000F9C                     RCSTA           equ	3996	;# 
  1131   000F9D                     TX1STA          equ	3997	;# 
  1132   000F9D                     TXSTA1          equ	3997	;# 
  1133   000F9D                     TXSTA           equ	3997	;# 
  1134   000F9E                     BAUD1CON        equ	3998	;# 
  1135   000F9E                     BAUDCON1        equ	3998	;# 
  1136   000F9E                     BAUDCTL1        equ	3998	;# 
  1137   000F9E                     BAUDCON         equ	3998	;# 
  1138   000F9E                     BAUDCTL         equ	3998	;# 
  1139   000F9F                     PWM4DC          equ	3999	;# 
  1140   000F9F                     PWM4DCL         equ	3999	;# 
  1141   000FA0                     PWM4DCH         equ	4000	;# 
  1142   000FA1                     PWM4CON         equ	4001	;# 
  1143   000FA2                     PWM3DC          equ	4002	;# 
  1144   000FA2                     PWM3DCL         equ	4002	;# 
  1145   000FA3                     PWM3DCH         equ	4003	;# 
  1146   000FA4                     PWM3CON         equ	4004	;# 
  1147   000FA5                     CCPR2           equ	4005	;# 
  1148   000FA5                     CCPR2L          equ	4005	;# 
  1149   000FA6                     CCPR2H          equ	4006	;# 
  1150   000FA7                     CCP2CON         equ	4007	;# 
  1151   000FA8                     CCP2CAP         equ	4008	;# 
  1152   000FA9                     CCPR1           equ	4009	;# 
  1153   000FA9                     CCPR1L          equ	4009	;# 
  1154   000FAA                     CCPR1H          equ	4010	;# 
  1155   000FAB                     CCP1CON         equ	4011	;# 
  1156   000FAC                     CCP1CAP         equ	4012	;# 
  1157   000FAD                     CCPTMRS         equ	4013	;# 
  1158   000FAE                     T6TMR           equ	4014	;# 
  1159   000FAE                     TMR6            equ	4014	;# 
  1160   000FAF                     T6PR            equ	4015	;# 
  1161   000FAF                     PR6             equ	4015	;# 
  1162   000FB0                     T6CON           equ	4016	;# 
  1163   000FB1                     T6HLT           equ	4017	;# 
  1164   000FB2                     T6CLKCON        equ	4018	;# 
  1165   000FB2                     T6CLK           equ	4018	;# 
  1166   000FB3                     T6RST           equ	4019	;# 
  1167   000FB4                     T4TMR           equ	4020	;# 
  1168   000FB4                     TMR4            equ	4020	;# 
  1169   000FB5                     T4PR            equ	4021	;# 
  1170   000FB5                     PR4             equ	4021	;# 
  1171   000FB6                     T4CON           equ	4022	;# 
  1172   000FB7                     T4HLT           equ	4023	;# 
  1173   000FB8                     T4CLKCON        equ	4024	;# 
  1174   000FB8                     T4CLK           equ	4024	;# 
  1175   000FB9                     T4RST           equ	4025	;# 
  1176   000FBA                     T2TMR           equ	4026	;# 
  1177   000FBA                     TMR2            equ	4026	;# 
  1178   000FBB                     T2PR            equ	4027	;# 
  1179   000FBB                     PR2             equ	4027	;# 
  1180   000FBC                     T2CON           equ	4028	;# 
  1181   000FBD                     T2HLT           equ	4029	;# 
  1182   000FBE                     T2CLKCON        equ	4030	;# 
  1183   000FBE                     T2CLK           equ	4030	;# 
  1184   000FBF                     T2RST           equ	4031	;# 
  1185   000FC0                     TMR5            equ	4032	;# 
  1186   000FC0                     TMR5L           equ	4032	;# 
  1187   000FC1                     TMR5H           equ	4033	;# 
  1188   000FC2                     T5CON           equ	4034	;# 
  1189   000FC2                     TMR5CON         equ	4034	;# 
  1190   000FC3                     T5GCON          equ	4035	;# 
  1191   000FC3                     TMR5GCON        equ	4035	;# 
  1192   000FC4                     T5GATE          equ	4036	;# 
  1193   000FC4                     TMR5GATE        equ	4036	;# 
  1194   000FC5                     T5CLK           equ	4037	;# 
  1195   000FC5                     TMR5CLK         equ	4037	;# 
  1196   000FC5                     PR5             equ	4037	;# 
  1197   000FC6                     TMR3            equ	4038	;# 
  1198   000FC6                     TMR3L           equ	4038	;# 
  1199   000FC7                     TMR3H           equ	4039	;# 
  1200   000FC8                     T3CON           equ	4040	;# 
  1201   000FC8                     TMR3CON         equ	4040	;# 
  1202   000FC9                     T3GCON          equ	4041	;# 
  1203   000FC9                     TMR3GCON        equ	4041	;# 
  1204   000FCA                     T3GATE          equ	4042	;# 
  1205   000FCA                     TMR3GATE        equ	4042	;# 
  1206   000FCB                     T3CLK           equ	4043	;# 
  1207   000FCB                     TMR3CLK         equ	4043	;# 
  1208   000FCB                     PR3             equ	4043	;# 
  1209   000FCC                     TMR1            equ	4044	;# 
  1210   000FCC                     TMR1L           equ	4044	;# 
  1211   000FCD                     TMR1H           equ	4045	;# 
  1212   000FCE                     T1CON           equ	4046	;# 
  1213   000FCE                     TMR1CON         equ	4046	;# 
  1214   000FCF                     T1GCON          equ	4047	;# 
  1215   000FCF                     TMR1GCON        equ	4047	;# 
  1216   000FD0                     T1GATE          equ	4048	;# 
  1217   000FD0                     TMR1GATE        equ	4048	;# 
  1218   000FD1                     T1CLK           equ	4049	;# 
  1219   000FD1                     TMR1CLK         equ	4049	;# 
  1220   000FD1                     PR1             equ	4049	;# 
  1221   000FD2                     TMR0L           equ	4050	;# 
  1222   000FD2                     TMR0            equ	4050	;# 
  1223   000FD3                     TMR0H           equ	4051	;# 
  1224   000FD3                     PR0             equ	4051	;# 
  1225   000FD4                     T0CON0          equ	4052	;# 
  1226   000FD5                     T0CON1          equ	4053	;# 
  1227   000FD6                     PCON1           equ	4054	;# 
  1228   000FD7                     PCON0           equ	4055	;# 
  1229   000FD8                     STATUS          equ	4056	;# 
  1230   000FD9                     FSR2            equ	4057	;# 
  1231   000FD9                     FSR2L           equ	4057	;# 
  1232   000FDA                     FSR2H           equ	4058	;# 
  1233   000FDB                     PLUSW2          equ	4059	;# 
  1234   000FDC                     PREINC2         equ	4060	;# 
  1235   000FDD                     POSTDEC2        equ	4061	;# 
  1236   000FDE                     POSTINC2        equ	4062	;# 
  1237   000FDF                     INDF2           equ	4063	;# 
  1238   000FE0                     BSR             equ	4064	;# 
  1239   000FE1                     FSR1            equ	4065	;# 
  1240   000FE1                     FSR1L           equ	4065	;# 
  1241   000FE2                     FSR1H           equ	4066	;# 
  1242   000FE3                     PLUSW1          equ	4067	;# 
  1243   000FE4                     PREINC1         equ	4068	;# 
  1244   000FE5                     POSTDEC1        equ	4069	;# 
  1245   000FE6                     POSTINC1        equ	4070	;# 
  1246   000FE7                     INDF1           equ	4071	;# 
  1247   000FE8                     WREG            equ	4072	;# 
  1248   000FE9                     FSR0            equ	4073	;# 
  1249   000FE9                     FSR0L           equ	4073	;# 
  1250   000FEA                     FSR0H           equ	4074	;# 
  1251   000FEB                     PLUSW0          equ	4075	;# 
  1252   000FEC                     PREINC0         equ	4076	;# 
  1253   000FED                     POSTDEC0        equ	4077	;# 
  1254   000FEE                     POSTINC0        equ	4078	;# 
  1255   000FEF                     INDF0           equ	4079	;# 
  1256   000FF2                     INTCON          equ	4082	;# 
  1257   000FF3                     PROD            equ	4083	;# 
  1258   000FF3                     PRODL           equ	4083	;# 
  1259   000FF4                     PRODH           equ	4084	;# 
  1260   000FF5                     TABLAT          equ	4085	;# 
  1261   000FF6                     TBLPTR          equ	4086	;# 
  1262   000FF6                     TBLPTRL         equ	4086	;# 
  1263   000FF7                     TBLPTRH         equ	4087	;# 
  1264   000FF8                     TBLPTRU         equ	4088	;# 
  1265   000FF9                     PCLAT           equ	4089	;# 
  1266   000FF9                     PCL             equ	4089	;# 
  1267   000FFA                     PCLATH          equ	4090	;# 
  1268   000FFB                     PCLATU          equ	4091	;# 
  1269   000FFC                     STKPTR          equ	4092	;# 
  1270   000FFD                     TOS             equ	4093	;# 
  1271   000FFD                     TOSL            equ	4093	;# 
  1272   000FFE                     TOSH            equ	4094	;# 
  1273   000FFF                     TOSU            equ	4095	;# 
  1274   000E1F                     CLCIN0PPS       equ	3615	;# 
  1275   000E20                     CLCIN1PPS       equ	3616	;# 
  1276   000E21                     CLCIN2PPS       equ	3617	;# 
  1277   000E22                     CLCIN3PPS       equ	3618	;# 
  1278   000E23                     CLCIN4PPS       equ	3619	;# 
  1279   000E24                     CLCIN5PPS       equ	3620	;# 
  1280   000E25                     CLCIN6PPS       equ	3621	;# 
  1281   000E26                     CLCIN7PPS       equ	3622	;# 
  1282   000E27                     CLC1CON         equ	3623	;# 
  1283   000E28                     CLC1POL         equ	3624	;# 
  1284   000E29                     CLC1SEL0        equ	3625	;# 
  1285   000E2A                     CLC1SEL1        equ	3626	;# 
  1286   000E2B                     CLC1SEL2        equ	3627	;# 
  1287   000E2C                     CLC1SEL3        equ	3628	;# 
  1288   000E2D                     CLC1GLS0        equ	3629	;# 
  1289   000E2E                     CLC1GLS1        equ	3630	;# 
  1290   000E2F                     CLC1GLS2        equ	3631	;# 
  1291   000E30                     CLC1GLS3        equ	3632	;# 
  1292   000E31                     CLC2CON         equ	3633	;# 
  1293   000E32                     CLC2POL         equ	3634	;# 
  1294   000E33                     CLC2SEL0        equ	3635	;# 
  1295   000E34                     CLC2SEL1        equ	3636	;# 
  1296   000E35                     CLC2SEL2        equ	3637	;# 
  1297   000E36                     CLC2SEL3        equ	3638	;# 
  1298   000E37                     CLC2GLS0        equ	3639	;# 
  1299   000E38                     CLC2GLS1        equ	3640	;# 
  1300   000E39                     CLC2GLS2        equ	3641	;# 
  1301   000E3A                     CLC2GLS3        equ	3642	;# 
  1302   000E3B                     CLC3CON         equ	3643	;# 
  1303   000E3C                     CLC3POL         equ	3644	;# 
  1304   000E3D                     CLC3SEL0        equ	3645	;# 
  1305   000E3E                     CLC3SEL1        equ	3646	;# 
  1306   000E3F                     CLC3SEL2        equ	3647	;# 
  1307   000E40                     CLC3SEL3        equ	3648	;# 
  1308   000E41                     CLC3GLS0        equ	3649	;# 
  1309   000E42                     CLC3GLS1        equ	3650	;# 
  1310   000E43                     CLC3GLS2        equ	3651	;# 
  1311   000E44                     CLC3GLS3        equ	3652	;# 
  1312   000E45                     CLC4CON         equ	3653	;# 
  1313   000E46                     CLC4POL         equ	3654	;# 
  1314   000E47                     CLC4SEL0        equ	3655	;# 
  1315   000E48                     CLC4SEL1        equ	3656	;# 
  1316   000E49                     CLC4SEL2        equ	3657	;# 
  1317   000E4A                     CLC4SEL3        equ	3658	;# 
  1318   000E4B                     CLC4GLS0        equ	3659	;# 
  1319   000E4C                     CLC4GLS1        equ	3660	;# 
  1320   000E4D                     CLC4GLS2        equ	3661	;# 
  1321   000E4E                     CLC4GLS3        equ	3662	;# 
  1322   000E4F                     CLC5CON         equ	3663	;# 
  1323   000E50                     CLC5POL         equ	3664	;# 
  1324   000E51                     CLC5SEL0        equ	3665	;# 
  1325   000E52                     CLC5SEL1        equ	3666	;# 
  1326   000E53                     CLC5SEL2        equ	3667	;# 
  1327   000E54                     CLC5SEL3        equ	3668	;# 
  1328   000E55                     CLC5GLS0        equ	3669	;# 
  1329   000E56                     CLC5GLS1        equ	3670	;# 
  1330   000E57                     CLC5GLS2        equ	3671	;# 
  1331   000E58                     CLC5GLS3        equ	3672	;# 
  1332   000E59                     CLC6CON         equ	3673	;# 
  1333   000E5A                     CLC6POL         equ	3674	;# 
  1334   000E5B                     CLC6SEL0        equ	3675	;# 
  1335   000E5C                     CLC6SEL1        equ	3676	;# 
  1336   000E5D                     CLC6SEL2        equ	3677	;# 
  1337   000E5E                     CLC6SEL3        equ	3678	;# 
  1338   000E5F                     CLC6GLS0        equ	3679	;# 
  1339   000E60                     CLC6GLS1        equ	3680	;# 
  1340   000E61                     CLC6GLS2        equ	3681	;# 
  1341   000E62                     CLC6GLS3        equ	3682	;# 
  1342   000E63                     CLC7CON         equ	3683	;# 
  1343   000E64                     CLC7POL         equ	3684	;# 
  1344   000E65                     CLC7SEL0        equ	3685	;# 
  1345   000E66                     CLC7SEL1        equ	3686	;# 
  1346   000E67                     CLC7SEL2        equ	3687	;# 
  1347   000E68                     CLC7SEL3        equ	3688	;# 
  1348   000E69                     CLC7GLS0        equ	3689	;# 
  1349   000E6A                     CLC7GLS1        equ	3690	;# 
  1350   000E6B                     CLC7GLS2        equ	3691	;# 
  1351   000E6C                     CLC7GLS3        equ	3692	;# 
  1352   000E6D                     CLC8CON         equ	3693	;# 
  1353   000E6E                     CLC8POL         equ	3694	;# 
  1354   000E6F                     CLC8SEL0        equ	3695	;# 
  1355   000E70                     CLC8SEL1        equ	3696	;# 
  1356   000E71                     CLC8SEL2        equ	3697	;# 
  1357   000E72                     CLC8SEL3        equ	3698	;# 
  1358   000E73                     CLC8GLS0        equ	3699	;# 
  1359   000E74                     CLC8GLS1        equ	3700	;# 
  1360   000E75                     CLC8GLS2        equ	3701	;# 
  1361   000E76                     CLC8GLS3        equ	3702	;# 
  1362   000E77                     CLCDATA         equ	3703	;# 
  1363   000E88                     RX2PPS          equ	3720	;# 
  1364   000E88                     RXDT2PPS        equ	3720	;# 
  1365   000E89                     CK2PPS          equ	3721	;# 
  1366   000E89                     TXCK2PPS        equ	3721	;# 
  1367   000E89                     TX2PPS          equ	3721	;# 
  1368   000E8A                     SSP2CLKPPS      equ	3722	;# 
  1369   000E8B                     SSP2DATPPS      equ	3723	;# 
  1370   000E8C                     SSP2SSPPS       equ	3724	;# 
  1371   000E8D                     SSP2BUF         equ	3725	;# 
  1372   000E8E                     SSP2ADD         equ	3726	;# 
  1373   000E8F                     SSP2MSK         equ	3727	;# 
  1374   000E90                     SSP2STAT        equ	3728	;# 
  1375   000E91                     SSP2CON1        equ	3729	;# 
  1376   000E92                     SSP2CON2        equ	3730	;# 
  1377   000E93                     SSP2CON3        equ	3731	;# 
  1378   000E94                     RC2REG          equ	3732	;# 
  1379   000E94                     RCREG2          equ	3732	;# 
  1380   000E95                     TX2REG          equ	3733	;# 
  1381   000E95                     TXREG2          equ	3733	;# 
  1382   000E96                     SP2BRG          equ	3734	;# 
  1383   000E96                     SP2BRGL         equ	3734	;# 
  1384   000E96                     SPBRG2          equ	3734	;# 
  1385   000E97                     SP2BRGH         equ	3735	;# 
  1386   000E97                     SPBRGH2         equ	3735	;# 
  1387   000E98                     RC2STA          equ	3736	;# 
  1388   000E98                     RCSTA2          equ	3736	;# 
  1389   000E99                     TX2STA          equ	3737	;# 
  1390   000E99                     TXSTA2          equ	3737	;# 
  1391   000E9A                     BAUD2CON        equ	3738	;# 
  1392   000E9A                     BAUDCON2        equ	3738	;# 
  1393   000E9A                     BAUDCTL2        equ	3738	;# 
  1394   000E9B                     PPSLOCK         equ	3739	;# 
  1395   000E9C                     INT0PPS         equ	3740	;# 
  1396   000E9D                     INT1PPS         equ	3741	;# 
  1397   000E9E                     INT2PPS         equ	3742	;# 
  1398   000E9F                     T0CKIPPS        equ	3743	;# 
  1399   000EA0                     T1CKIPPS        equ	3744	;# 
  1400   000EA1                     T1GPPS          equ	3745	;# 
  1401   000EA2                     T3CKIPPS        equ	3746	;# 
  1402   000EA3                     T3GPPS          equ	3747	;# 
  1403   000EA4                     T5CKIPPS        equ	3748	;# 
  1404   000EA5                     T5GPPS          equ	3749	;# 
  1405   000EA6                     T2INPPS         equ	3750	;# 
  1406   000EA7                     T4INPPS         equ	3751	;# 
  1407   000EA8                     T6INPPS         equ	3752	;# 
  1408   000EA9                     ADACTPPS        equ	3753	;# 
  1409   000EAA                     CCP1PPS         equ	3754	;# 
  1410   000EAB                     CCP2PPS         equ	3755	;# 
  1411   000EAC                     CWG1PPS         equ	3756	;# 
  1412   000EAC                     CWGPPS          equ	3756	;# 
  1413   000EAC                     CWG1INPPS       equ	3756	;# 
  1414   000EAC                     CWGINPPS        equ	3756	;# 
  1415   000EAD                     MDCARLPPS       equ	3757	;# 
  1416   000EAE                     MDCARHPPS       equ	3758	;# 
  1417   000EAF                     MDSRCPPS        equ	3759	;# 
  1418   000EB0                     RX1PPS          equ	3760	;# 
  1419   000EB0                     RXPPS           equ	3760	;# 
  1420   000EB0                     RXDT1PPS        equ	3760	;# 
  1421   000EB1                     CK1PPS          equ	3761	;# 
  1422   000EB1                     TXPPS           equ	3761	;# 
  1423   000EB1                     CKPPS           equ	3761	;# 
  1424   000EB1                     TX1PPS          equ	3761	;# 
  1425   000EB1                     TXCK1PPS        equ	3761	;# 
  1426   000EB2                     SSP1CLKPPS      equ	3762	;# 
  1427   000EB2                     SSPCLKPPS       equ	3762	;# 
  1428   000EB3                     SSP1DATPPS      equ	3763	;# 
  1429   000EB3                     SSPDATPPS       equ	3763	;# 
  1430   000EB4                     SSP1SSPPS       equ	3764	;# 
  1431   000EB4                     SSPSSPPS        equ	3764	;# 
  1432   000EB5                     IPR0            equ	3765	;# 
  1433   000EB6                     IPR1            equ	3766	;# 
  1434   000EB7                     IPR2            equ	3767	;# 
  1435   000EB8                     IPR3            equ	3768	;# 
  1436   000EB9                     IPR4            equ	3769	;# 
  1437   000EBA                     IPR5            equ	3770	;# 
  1438   000EBB                     IPR6            equ	3771	;# 
  1439   000EBC                     IPR7            equ	3772	;# 
  1440   000EBD                     PIE0            equ	3773	;# 
  1441   000EBE                     PIE1            equ	3774	;# 
  1442   000EBF                     PIE2            equ	3775	;# 
  1443   000EC0                     PIE3            equ	3776	;# 
  1444   000EC1                     PIE4            equ	3777	;# 
  1445   000EC2                     PIE5            equ	3778	;# 
  1446   000EC3                     PIE6            equ	3779	;# 
  1447   000EC4                     PIE7            equ	3780	;# 
  1448   000EC5                     PIR0            equ	3781	;# 
  1449   000EC6                     PIR1            equ	3782	;# 
  1450   000EC7                     PIR2            equ	3783	;# 
  1451   000EC8                     PIR3            equ	3784	;# 
  1452   000EC9                     PIR4            equ	3785	;# 
  1453   000ECA                     PIR5            equ	3786	;# 
  1454   000ECB                     PIR6            equ	3787	;# 
  1455   000ECC                     PIR7            equ	3788	;# 
  1456   000ECD                     WDTCON0         equ	3789	;# 
  1457   000ECE                     WDTCON1         equ	3790	;# 
  1458   000ECF                     WDTPSL          equ	3791	;# 
  1459   000ED0                     WDTPSH          equ	3792	;# 
  1460   000ED1                     WDTTMR          equ	3793	;# 
  1461   000ED2                     CPUDOZE         equ	3794	;# 
  1462   000ED3                     OSCCON1         equ	3795	;# 
  1463   000ED4                     OSCCON2         equ	3796	;# 
  1464   000ED5                     OSCCON3         equ	3797	;# 
  1465   000ED6                     OSCSTAT         equ	3798	;# 
  1466   000ED6                     OSCSTAT1        equ	3798	;# 
  1467   000ED7                     OSCEN           equ	3799	;# 
  1468   000ED8                     OSCTUNE         equ	3800	;# 
  1469   000ED9                     OSCFRQ          equ	3801	;# 
  1470   000ED9                     OSCFREQ         equ	3801	;# 
  1471   000EDA                     VREGCON         equ	3802	;# 
  1472   000EDB                     BORCON          equ	3803	;# 
  1473   000EDC                     PMD0            equ	3804	;# 
  1474   000EDD                     PMD1            equ	3805	;# 
  1475   000EDE                     PMD2            equ	3806	;# 
  1476   000EDF                     PMD3            equ	3807	;# 
  1477   000EE0                     PMD4            equ	3808	;# 
  1478   000EE1                     PMD5            equ	3809	;# 
  1479   000EE2                     RA0PPS          equ	3810	;# 
  1480   000EE3                     RA1PPS          equ	3811	;# 
  1481   000EE4                     RA2PPS          equ	3812	;# 
  1482   000EE5                     RA3PPS          equ	3813	;# 
  1483   000EE6                     RA4PPS          equ	3814	;# 
  1484   000EE7                     RA5PPS          equ	3815	;# 
  1485   000EE8                     RA6PPS          equ	3816	;# 
  1486   000EE9                     RA7PPS          equ	3817	;# 
  1487   000EEA                     RB0PPS          equ	3818	;# 
  1488   000EEB                     RB1PPS          equ	3819	;# 
  1489   000EEC                     RB2PPS          equ	3820	;# 
  1490   000EED                     RB3PPS          equ	3821	;# 
  1491   000EEE                     RB4PPS          equ	3822	;# 
  1492   000EEF                     RB5PPS          equ	3823	;# 
  1493   000EF0                     RB6PPS          equ	3824	;# 
  1494   000EF1                     RB7PPS          equ	3825	;# 
  1495   000EF2                     RC0PPS          equ	3826	;# 
  1496   000EF3                     RC1PPS          equ	3827	;# 
  1497   000EF4                     RC2PPS          equ	3828	;# 
  1498   000EF5                     RC3PPS          equ	3829	;# 
  1499   000EF6                     RC4PPS          equ	3830	;# 
  1500   000EF7                     RC5PPS          equ	3831	;# 
  1501   000EF8                     RC6PPS          equ	3832	;# 
  1502   000EF9                     RC7PPS          equ	3833	;# 
  1503   000EFA                     RD0PPS          equ	3834	;# 
  1504   000EFB                     RD1PPS          equ	3835	;# 
  1505   000EFC                     RD2PPS          equ	3836	;# 
  1506   000EFD                     RD3PPS          equ	3837	;# 
  1507   000EFE                     RD4PPS          equ	3838	;# 
  1508   000EFF                     RD5PPS          equ	3839	;# 
  1509   000F00                     RD6PPS          equ	3840	;# 
  1510   000F01                     RD7PPS          equ	3841	;# 
  1511   000F02                     RE0PPS          equ	3842	;# 
  1512   000F03                     RE1PPS          equ	3843	;# 
  1513   000F04                     RE2PPS          equ	3844	;# 
  1514   000F05                     IOCAF           equ	3845	;# 
  1515   000F06                     IOCAN           equ	3846	;# 
  1516   000F07                     IOCAP           equ	3847	;# 
  1517   000F08                     INLVLA          equ	3848	;# 
  1518   000F09                     SLRCONA         equ	3849	;# 
  1519   000F0A                     ODCONA          equ	3850	;# 
  1520   000F0B                     WPUA            equ	3851	;# 
  1521   000F0C                     ANSELA          equ	3852	;# 
  1522   000F0D                     IOCBF           equ	3853	;# 
  1523   000F0E                     IOCBN           equ	3854	;# 
  1524   000F0F                     IOCBP           equ	3855	;# 
  1525   000F10                     INLVLB          equ	3856	;# 
  1526   000F11                     SLRCONB         equ	3857	;# 
  1527   000F12                     ODCONB          equ	3858	;# 
  1528   000F13                     WPUB            equ	3859	;# 
  1529   000F14                     ANSELB          equ	3860	;# 
  1530   000F15                     IOCCF           equ	3861	;# 
  1531   000F16                     IOCCN           equ	3862	;# 
  1532   000F17                     IOCCP           equ	3863	;# 
  1533   000F18                     INLVLC          equ	3864	;# 
  1534   000F19                     SLRCONC         equ	3865	;# 
  1535   000F1A                     ODCONC          equ	3866	;# 
  1536   000F1B                     WPUC            equ	3867	;# 
  1537   000F1C                     ANSELC          equ	3868	;# 
  1538   000F1D                     INLVLD          equ	3869	;# 
  1539   000F1E                     SLRCOND         equ	3870	;# 
  1540   000F1F                     ODCOND          equ	3871	;# 
  1541   000F20                     WPUD            equ	3872	;# 
  1542   000F21                     ANSELD          equ	3873	;# 
  1543   000F22                     IOCEF           equ	3874	;# 
  1544   000F23                     IOCEN           equ	3875	;# 
  1545   000F24                     IOCEP           equ	3876	;# 
  1546   000F25                     INLVLE          equ	3877	;# 
  1547   000F26                     SLRCONE         equ	3878	;# 
  1548   000F27                     ODCONE          equ	3879	;# 
  1549   000F28                     WPUE            equ	3880	;# 
  1550   000F29                     ANSELE          equ	3881	;# 
  1551   000F2A                     HLVDCON0        equ	3882	;# 
  1552   000F2B                     HLVDCON1        equ	3883	;# 
  1553   000F2C                     FVRCON          equ	3884	;# 
  1554   000F2D                     ZCDCON          equ	3885	;# 
  1555   000F2E                     DAC1CON0        equ	3886	;# 
  1556   000F2F                     DAC1CON1        equ	3887	;# 
  1557   000F30                     CM2CON0         equ	3888	;# 
  1558   000F31                     CM2CON1         equ	3889	;# 
  1559   000F32                     CM2NCH          equ	3890	;# 
  1560   000F33                     CM2PCH          equ	3891	;# 
  1561   000F34                     CM1CON0         equ	3892	;# 
  1562   000F35                     CM1CON1         equ	3893	;# 
  1563   000F36                     CM1NCH          equ	3894	;# 
  1564   000F37                     CM1PCH          equ	3895	;# 
  1565   000F38                     CMOUT           equ	3896	;# 
  1566   000F39                     CLKRCON         equ	3897	;# 
  1567   000F3A                     CLKRCLK         equ	3898	;# 
  1568   000F3B                     CWG1CLK         equ	3899	;# 
  1569   000F3B                     CWG1CLKCON      equ	3899	;# 
  1570   000F3C                     CWG1ISM         equ	3900	;# 
  1571   000F3D                     CWG1DBR         equ	3901	;# 
  1572   000F3E                     CWG1DBF         equ	3902	;# 
  1573   000F3F                     CWG1CON0        equ	3903	;# 
  1574   000F40                     CWG1CON1        equ	3904	;# 
  1575   000F41                     CWG1AS0         equ	3905	;# 
  1576   000F42                     CWG1AS1         equ	3906	;# 
  1577   000F43                     CWG1STR         equ	3907	;# 
  1578   000F44                     SCANLADR        equ	3908	;# 
  1579   000F44                     SCANLADRL       equ	3908	;# 
  1580   000F45                     SCANLADRH       equ	3909	;# 
  1581   000F46                     SCANLADRU       equ	3910	;# 
  1582   000F47                     SCANHADR        equ	3911	;# 
  1583   000F47                     SCANHADRL       equ	3911	;# 
  1584   000F48                     SCANHADRH       equ	3912	;# 
  1585   000F49                     SCANHADRU       equ	3913	;# 
  1586   000F4A                     SCANCON0        equ	3914	;# 
  1587   000F4B                     SCANTRIG        equ	3915	;# 
  1588   000F4C                     MDCON0          equ	3916	;# 
  1589   000F4D                     MDCON1          equ	3917	;# 
  1590   000F4E                     MDSRC           equ	3918	;# 
  1591   000F4F                     MDCARL          equ	3919	;# 
  1592   000F50                     MDCARH          equ	3920	;# 
  1593   000F51                     ADACT           equ	3921	;# 
  1594   000F52                     ADCLK           equ	3922	;# 
  1595   000F53                     ADREF           equ	3923	;# 
  1596   000F54                     ADCON1          equ	3924	;# 
  1597   000F55                     ADCON2          equ	3925	;# 
  1598   000F56                     ADCON3          equ	3926	;# 
  1599   000F57                     ADACQ           equ	3927	;# 
  1600   000F58                     ADCAP           equ	3928	;# 
  1601   000F59                     ADPRE           equ	3929	;# 
  1602   000F5A                     ADPCH           equ	3930	;# 
  1603   000F5B                     ADCON0          equ	3931	;# 
  1604   000F5C                     ADPREV          equ	3932	;# 
  1605   000F5C                     ADPREVL         equ	3932	;# 
  1606   000F5D                     ADPREVH         equ	3933	;# 
  1607   000F5E                     ADRES           equ	3934	;# 
  1608   000F5E                     ADRESL          equ	3934	;# 
  1609   000F5F                     ADRESH          equ	3935	;# 
  1610   000F60                     ADSTAT          equ	3936	;# 
  1611   000F61                     ADRPT           equ	3937	;# 
  1612   000F62                     ADCNT           equ	3938	;# 
  1613   000F63                     ADSTPT          equ	3939	;# 
  1614   000F63                     ADSTPTL         equ	3939	;# 
  1615   000F64                     ADSTPTH         equ	3940	;# 
  1616   000F65                     ADLTH           equ	3941	;# 
  1617   000F65                     ADLTHL          equ	3941	;# 
  1618   000F66                     ADLTHH          equ	3942	;# 
  1619   000F67                     ADUTH           equ	3943	;# 
  1620   000F67                     ADUTHL          equ	3943	;# 
  1621   000F68                     ADUTHH          equ	3944	;# 
  1622   000F69                     ADERR           equ	3945	;# 
  1623   000F69                     ADERRL          equ	3945	;# 
  1624   000F6A                     ADERRH          equ	3946	;# 
  1625   000F6B                     ADACC           equ	3947	;# 
  1626   000F6B                     ADACCL          equ	3947	;# 
  1627   000F6C                     ADACCH          equ	3948	;# 
  1628   000F6D                     ADFLTR          equ	3949	;# 
  1629   000F6D                     ADFLTRL         equ	3949	;# 
  1630   000F6E                     ADFLTRH         equ	3950	;# 
  1631   000F6F                     CRCDATA         equ	3951	;# 
  1632   000F6F                     CRCDATL         equ	3951	;# 
  1633   000F70                     CRCDATH         equ	3952	;# 
  1634   000F71                     CRCACC          equ	3953	;# 
  1635   000F71                     CRCACCL         equ	3953	;# 
  1636   000F72                     CRCACCH         equ	3954	;# 
  1637   000F73                     CRCSHFT         equ	3955	;# 
  1638   000F73                     CRCSHIFTL       equ	3955	;# 
  1639   000F74                     CRCSHIFTH       equ	3956	;# 
  1640   000F75                     CRCXOR          equ	3957	;# 
  1641   000F75                     CRCXORL         equ	3957	;# 
  1642   000F76                     CRCXORH         equ	3958	;# 
  1643   000F77                     CRCCON0         equ	3959	;# 
  1644   000F78                     CRCCON1         equ	3960	;# 
  1645   000F79                     NVMADR          equ	3961	;# 
  1646   000F79                     NVMADRL         equ	3961	;# 
  1647   000F7A                     NVMADRH         equ	3962	;# 
  1648   000F7B                     NVMADRU         equ	3963	;# 
  1649   000F7C                     NVMDAT          equ	3964	;# 
  1650   000F7C                     NVMDATL         equ	3964	;# 
  1651   000F7D                     NVMDATH         equ	3965	;# 
  1652   000F7F                     NVMCON0         equ	3967	;# 
  1653   000F80                     NVMCON1         equ	3968	;# 
  1654   000F81                     NVMCON2         equ	3969	;# 
  1655   000F82                     LATA            equ	3970	;# 
  1656   000F83                     LATB            equ	3971	;# 
  1657   000F84                     LATC            equ	3972	;# 
  1658   000F85                     LATD            equ	3973	;# 
  1659   000F86                     LATE            equ	3974	;# 
  1660   000F87                     TRISA           equ	3975	;# 
  1661   000F87                     DDRA            equ	3975	;# 
  1662   000F88                     TRISB           equ	3976	;# 
  1663   000F88                     DDRB            equ	3976	;# 
  1664   000F89                     TRISC           equ	3977	;# 
  1665   000F89                     DDRC            equ	3977	;# 
  1666   000F8A                     TRISD           equ	3978	;# 
  1667   000F8A                     DDRD            equ	3978	;# 
  1668   000F8B                     TRISE           equ	3979	;# 
  1669   000F8B                     DDRE            equ	3979	;# 
  1670   000F8C                     PORTA           equ	3980	;# 
  1671   000F8D                     PORTB           equ	3981	;# 
  1672   000F8E                     PORTC           equ	3982	;# 
  1673   000F8F                     PORTD           equ	3983	;# 
  1674   000F90                     PORTE           equ	3984	;# 
  1675   000F91                     SSP1BUF         equ	3985	;# 
  1676   000F92                     SSP1ADD         equ	3986	;# 
  1677   000F93                     SSP1MSK         equ	3987	;# 
  1678   000F94                     SSP1STAT        equ	3988	;# 
  1679   000F95                     SSP1CON1        equ	3989	;# 
  1680   000F96                     SSP1CON2        equ	3990	;# 
  1681   000F97                     SSP1CON3        equ	3991	;# 
  1682   000F98                     RC1REG          equ	3992	;# 
  1683   000F98                     RCREG           equ	3992	;# 
  1684   000F98                     RCREG1          equ	3992	;# 
  1685   000F99                     TX1REG          equ	3993	;# 
  1686   000F99                     TXREG1          equ	3993	;# 
  1687   000F99                     TXREG           equ	3993	;# 
  1688   000F9A                     SP1BRG          equ	3994	;# 
  1689   000F9A                     SPBRG           equ	3994	;# 
  1690   000F9A                     SP1BRGL         equ	3994	;# 
  1691   000F9A                     SPBRG1          equ	3994	;# 
  1692   000F9A                     SPBRGL          equ	3994	;# 
  1693   000F9B                     SP1BRGH         equ	3995	;# 
  1694   000F9B                     SPBRGH          equ	3995	;# 
  1695   000F9B                     SPBRGH1         equ	3995	;# 
  1696   000F9C                     RC1STA          equ	3996	;# 
  1697   000F9C                     RCSTA1          equ	3996	;# 
  1698   000F9C                     RCSTA           equ	3996	;# 
  1699   000F9D                     TX1STA          equ	3997	;# 
  1700   000F9D                     TXSTA1          equ	3997	;# 
  1701   000F9D                     TXSTA           equ	3997	;# 
  1702   000F9E                     BAUD1CON        equ	3998	;# 
  1703   000F9E                     BAUDCON1        equ	3998	;# 
  1704   000F9E                     BAUDCTL1        equ	3998	;# 
  1705   000F9E                     BAUDCON         equ	3998	;# 
  1706   000F9E                     BAUDCTL         equ	3998	;# 
  1707   000F9F                     PWM4DC          equ	3999	;# 
  1708   000F9F                     PWM4DCL         equ	3999	;# 
  1709   000FA0                     PWM4DCH         equ	4000	;# 
  1710   000FA1                     PWM4CON         equ	4001	;# 
  1711   000FA2                     PWM3DC          equ	4002	;# 
  1712   000FA2                     PWM3DCL         equ	4002	;# 
  1713   000FA3                     PWM3DCH         equ	4003	;# 
  1714   000FA4                     PWM3CON         equ	4004	;# 
  1715   000FA5                     CCPR2           equ	4005	;# 
  1716   000FA5                     CCPR2L          equ	4005	;# 
  1717   000FA6                     CCPR2H          equ	4006	;# 
  1718   000FA7                     CCP2CON         equ	4007	;# 
  1719   000FA8                     CCP2CAP         equ	4008	;# 
  1720   000FA9                     CCPR1           equ	4009	;# 
  1721   000FA9                     CCPR1L          equ	4009	;# 
  1722   000FAA                     CCPR1H          equ	4010	;# 
  1723   000FAB                     CCP1CON         equ	4011	;# 
  1724   000FAC                     CCP1CAP         equ	4012	;# 
  1725   000FAD                     CCPTMRS         equ	4013	;# 
  1726   000FAE                     T6TMR           equ	4014	;# 
  1727   000FAE                     TMR6            equ	4014	;# 
  1728   000FAF                     T6PR            equ	4015	;# 
  1729   000FAF                     PR6             equ	4015	;# 
  1730   000FB0                     T6CON           equ	4016	;# 
  1731   000FB1                     T6HLT           equ	4017	;# 
  1732   000FB2                     T6CLKCON        equ	4018	;# 
  1733   000FB2                     T6CLK           equ	4018	;# 
  1734   000FB3                     T6RST           equ	4019	;# 
  1735   000FB4                     T4TMR           equ	4020	;# 
  1736   000FB4                     TMR4            equ	4020	;# 
  1737   000FB5                     T4PR            equ	4021	;# 
  1738   000FB5                     PR4             equ	4021	;# 
  1739   000FB6                     T4CON           equ	4022	;# 
  1740   000FB7                     T4HLT           equ	4023	;# 
  1741   000FB8                     T4CLKCON        equ	4024	;# 
  1742   000FB8                     T4CLK           equ	4024	;# 
  1743   000FB9                     T4RST           equ	4025	;# 
  1744   000FBA                     T2TMR           equ	4026	;# 
  1745   000FBA                     TMR2            equ	4026	;# 
  1746   000FBB                     T2PR            equ	4027	;# 
  1747   000FBB                     PR2             equ	4027	;# 
  1748   000FBC                     T2CON           equ	4028	;# 
  1749   000FBD                     T2HLT           equ	4029	;# 
  1750   000FBE                     T2CLKCON        equ	4030	;# 
  1751   000FBE                     T2CLK           equ	4030	;# 
  1752   000FBF                     T2RST           equ	4031	;# 
  1753   000FC0                     TMR5            equ	4032	;# 
  1754   000FC0                     TMR5L           equ	4032	;# 
  1755   000FC1                     TMR5H           equ	4033	;# 
  1756   000FC2                     T5CON           equ	4034	;# 
  1757   000FC2                     TMR5CON         equ	4034	;# 
  1758   000FC3                     T5GCON          equ	4035	;# 
  1759   000FC3                     TMR5GCON        equ	4035	;# 
  1760   000FC4                     T5GATE          equ	4036	;# 
  1761   000FC4                     TMR5GATE        equ	4036	;# 
  1762   000FC5                     T5CLK           equ	4037	;# 
  1763   000FC5                     TMR5CLK         equ	4037	;# 
  1764   000FC5                     PR5             equ	4037	;# 
  1765   000FC6                     TMR3            equ	4038	;# 
  1766   000FC6                     TMR3L           equ	4038	;# 
  1767   000FC7                     TMR3H           equ	4039	;# 
  1768   000FC8                     T3CON           equ	4040	;# 
  1769   000FC8                     TMR3CON         equ	4040	;# 
  1770   000FC9                     T3GCON          equ	4041	;# 
  1771   000FC9                     TMR3GCON        equ	4041	;# 
  1772   000FCA                     T3GATE          equ	4042	;# 
  1773   000FCA                     TMR3GATE        equ	4042	;# 
  1774   000FCB                     T3CLK           equ	4043	;# 
  1775   000FCB                     TMR3CLK         equ	4043	;# 
  1776   000FCB                     PR3             equ	4043	;# 
  1777   000FCC                     TMR1            equ	4044	;# 
  1778   000FCC                     TMR1L           equ	4044	;# 
  1779   000FCD                     TMR1H           equ	4045	;# 
  1780   000FCE                     T1CON           equ	4046	;# 
  1781   000FCE                     TMR1CON         equ	4046	;# 
  1782   000FCF                     T1GCON          equ	4047	;# 
  1783   000FCF                     TMR1GCON        equ	4047	;# 
  1784   000FD0                     T1GATE          equ	4048	;# 
  1785   000FD0                     TMR1GATE        equ	4048	;# 
  1786   000FD1                     T1CLK           equ	4049	;# 
  1787   000FD1                     TMR1CLK         equ	4049	;# 
  1788   000FD1                     PR1             equ	4049	;# 
  1789   000FD2                     TMR0L           equ	4050	;# 
  1790   000FD2                     TMR0            equ	4050	;# 
  1791   000FD3                     TMR0H           equ	4051	;# 
  1792   000FD3                     PR0             equ	4051	;# 
  1793   000FD4                     T0CON0          equ	4052	;# 
  1794   000FD5                     T0CON1          equ	4053	;# 
  1795   000FD6                     PCON1           equ	4054	;# 
  1796   000FD7                     PCON0           equ	4055	;# 
  1797   000FD8                     STATUS          equ	4056	;# 
  1798   000FD9                     FSR2            equ	4057	;# 
  1799   000FD9                     FSR2L           equ	4057	;# 
  1800   000FDA                     FSR2H           equ	4058	;# 
  1801   000FDB                     PLUSW2          equ	4059	;# 
  1802   000FDC                     PREINC2         equ	4060	;# 
  1803   000FDD                     POSTDEC2        equ	4061	;# 
  1804   000FDE                     POSTINC2        equ	4062	;# 
  1805   000FDF                     INDF2           equ	4063	;# 
  1806   000FE0                     BSR             equ	4064	;# 
  1807   000FE1                     FSR1            equ	4065	;# 
  1808   000FE1                     FSR1L           equ	4065	;# 
  1809   000FE2                     FSR1H           equ	4066	;# 
  1810   000FE3                     PLUSW1          equ	4067	;# 
  1811   000FE4                     PREINC1         equ	4068	;# 
  1812   000FE5                     POSTDEC1        equ	4069	;# 
  1813   000FE6                     POSTINC1        equ	4070	;# 
  1814   000FE7                     INDF1           equ	4071	;# 
  1815   000FE8                     WREG            equ	4072	;# 
  1816   000FE9                     FSR0            equ	4073	;# 
  1817   000FE9                     FSR0L           equ	4073	;# 
  1818   000FEA                     FSR0H           equ	4074	;# 
  1819   000FEB                     PLUSW0          equ	4075	;# 
  1820   000FEC                     PREINC0         equ	4076	;# 
  1821   000FED                     POSTDEC0        equ	4077	;# 
  1822   000FEE                     POSTINC0        equ	4078	;# 
  1823   000FEF                     INDF0           equ	4079	;# 
  1824   000FF2                     INTCON          equ	4082	;# 
  1825   000FF3                     PROD            equ	4083	;# 
  1826   000FF3                     PRODL           equ	4083	;# 
  1827   000FF4                     PRODH           equ	4084	;# 
  1828   000FF5                     TABLAT          equ	4085	;# 
  1829   000FF6                     TBLPTR          equ	4086	;# 
  1830   000FF6                     TBLPTRL         equ	4086	;# 
  1831   000FF7                     TBLPTRH         equ	4087	;# 
  1832   000FF8                     TBLPTRU         equ	4088	;# 
  1833   000FF9                     PCLAT           equ	4089	;# 
  1834   000FF9                     PCL             equ	4089	;# 
  1835   000FFA                     PCLATH          equ	4090	;# 
  1836   000FFB                     PCLATU          equ	4091	;# 
  1837   000FFC                     STKPTR          equ	4092	;# 
  1838   000FFD                     TOS             equ	4093	;# 
  1839   000FFD                     TOSL            equ	4093	;# 
  1840   000FFE                     TOSH            equ	4094	;# 
  1841   000FFF                     TOSU            equ	4095	;# 
  1842   000E1F                     CLCIN0PPS       equ	3615	;# 
  1843   000E20                     CLCIN1PPS       equ	3616	;# 
  1844   000E21                     CLCIN2PPS       equ	3617	;# 
  1845   000E22                     CLCIN3PPS       equ	3618	;# 
  1846   000E23                     CLCIN4PPS       equ	3619	;# 
  1847   000E24                     CLCIN5PPS       equ	3620	;# 
  1848   000E25                     CLCIN6PPS       equ	3621	;# 
  1849   000E26                     CLCIN7PPS       equ	3622	;# 
  1850   000E27                     CLC1CON         equ	3623	;# 
  1851   000E28                     CLC1POL         equ	3624	;# 
  1852   000E29                     CLC1SEL0        equ	3625	;# 
  1853   000E2A                     CLC1SEL1        equ	3626	;# 
  1854   000E2B                     CLC1SEL2        equ	3627	;# 
  1855   000E2C                     CLC1SEL3        equ	3628	;# 
  1856   000E2D                     CLC1GLS0        equ	3629	;# 
  1857   000E2E                     CLC1GLS1        equ	3630	;# 
  1858   000E2F                     CLC1GLS2        equ	3631	;# 
  1859   000E30                     CLC1GLS3        equ	3632	;# 
  1860   000E31                     CLC2CON         equ	3633	;# 
  1861   000E32                     CLC2POL         equ	3634	;# 
  1862   000E33                     CLC2SEL0        equ	3635	;# 
  1863   000E34                     CLC2SEL1        equ	3636	;# 
  1864   000E35                     CLC2SEL2        equ	3637	;# 
  1865   000E36                     CLC2SEL3        equ	3638	;# 
  1866   000E37                     CLC2GLS0        equ	3639	;# 
  1867   000E38                     CLC2GLS1        equ	3640	;# 
  1868   000E39                     CLC2GLS2        equ	3641	;# 
  1869   000E3A                     CLC2GLS3        equ	3642	;# 
  1870   000E3B                     CLC3CON         equ	3643	;# 
  1871   000E3C                     CLC3POL         equ	3644	;# 
  1872   000E3D                     CLC3SEL0        equ	3645	;# 
  1873   000E3E                     CLC3SEL1        equ	3646	;# 
  1874   000E3F                     CLC3SEL2        equ	3647	;# 
  1875   000E40                     CLC3SEL3        equ	3648	;# 
  1876   000E41                     CLC3GLS0        equ	3649	;# 
  1877   000E42                     CLC3GLS1        equ	3650	;# 
  1878   000E43                     CLC3GLS2        equ	3651	;# 
  1879   000E44                     CLC3GLS3        equ	3652	;# 
  1880   000E45                     CLC4CON         equ	3653	;# 
  1881   000E46                     CLC4POL         equ	3654	;# 
  1882   000E47                     CLC4SEL0        equ	3655	;# 
  1883   000E48                     CLC4SEL1        equ	3656	;# 
  1884   000E49                     CLC4SEL2        equ	3657	;# 
  1885   000E4A                     CLC4SEL3        equ	3658	;# 
  1886   000E4B                     CLC4GLS0        equ	3659	;# 
  1887   000E4C                     CLC4GLS1        equ	3660	;# 
  1888   000E4D                     CLC4GLS2        equ	3661	;# 
  1889   000E4E                     CLC4GLS3        equ	3662	;# 
  1890   000E4F                     CLC5CON         equ	3663	;# 
  1891   000E50                     CLC5POL         equ	3664	;# 
  1892   000E51                     CLC5SEL0        equ	3665	;# 
  1893   000E52                     CLC5SEL1        equ	3666	;# 
  1894   000E53                     CLC5SEL2        equ	3667	;# 
  1895   000E54                     CLC5SEL3        equ	3668	;# 
  1896   000E55                     CLC5GLS0        equ	3669	;# 
  1897   000E56                     CLC5GLS1        equ	3670	;# 
  1898   000E57                     CLC5GLS2        equ	3671	;# 
  1899   000E58                     CLC5GLS3        equ	3672	;# 
  1900   000E59                     CLC6CON         equ	3673	;# 
  1901   000E5A                     CLC6POL         equ	3674	;# 
  1902   000E5B                     CLC6SEL0        equ	3675	;# 
  1903   000E5C                     CLC6SEL1        equ	3676	;# 
  1904   000E5D                     CLC6SEL2        equ	3677	;# 
  1905   000E5E                     CLC6SEL3        equ	3678	;# 
  1906   000E5F                     CLC6GLS0        equ	3679	;# 
  1907   000E60                     CLC6GLS1        equ	3680	;# 
  1908   000E61                     CLC6GLS2        equ	3681	;# 
  1909   000E62                     CLC6GLS3        equ	3682	;# 
  1910   000E63                     CLC7CON         equ	3683	;# 
  1911   000E64                     CLC7POL         equ	3684	;# 
  1912   000E65                     CLC7SEL0        equ	3685	;# 
  1913   000E66                     CLC7SEL1        equ	3686	;# 
  1914   000E67                     CLC7SEL2        equ	3687	;# 
  1915   000E68                     CLC7SEL3        equ	3688	;# 
  1916   000E69                     CLC7GLS0        equ	3689	;# 
  1917   000E6A                     CLC7GLS1        equ	3690	;# 
  1918   000E6B                     CLC7GLS2        equ	3691	;# 
  1919   000E6C                     CLC7GLS3        equ	3692	;# 
  1920   000E6D                     CLC8CON         equ	3693	;# 
  1921   000E6E                     CLC8POL         equ	3694	;# 
  1922   000E6F                     CLC8SEL0        equ	3695	;# 
  1923   000E70                     CLC8SEL1        equ	3696	;# 
  1924   000E71                     CLC8SEL2        equ	3697	;# 
  1925   000E72                     CLC8SEL3        equ	3698	;# 
  1926   000E73                     CLC8GLS0        equ	3699	;# 
  1927   000E74                     CLC8GLS1        equ	3700	;# 
  1928   000E75                     CLC8GLS2        equ	3701	;# 
  1929   000E76                     CLC8GLS3        equ	3702	;# 
  1930   000E77                     CLCDATA         equ	3703	;# 
  1931   000E88                     RX2PPS          equ	3720	;# 
  1932   000E88                     RXDT2PPS        equ	3720	;# 
  1933   000E89                     CK2PPS          equ	3721	;# 
  1934   000E89                     TXCK2PPS        equ	3721	;# 
  1935   000E89                     TX2PPS          equ	3721	;# 
  1936   000E8A                     SSP2CLKPPS      equ	3722	;# 
  1937   000E8B                     SSP2DATPPS      equ	3723	;# 
  1938   000E8C                     SSP2SSPPS       equ	3724	;# 
  1939   000E8D                     SSP2BUF         equ	3725	;# 
  1940   000E8E                     SSP2ADD         equ	3726	;# 
  1941   000E8F                     SSP2MSK         equ	3727	;# 
  1942   000E90                     SSP2STAT        equ	3728	;# 
  1943   000E91                     SSP2CON1        equ	3729	;# 
  1944   000E92                     SSP2CON2        equ	3730	;# 
  1945   000E93                     SSP2CON3        equ	3731	;# 
  1946   000E94                     RC2REG          equ	3732	;# 
  1947   000E94                     RCREG2          equ	3732	;# 
  1948   000E95                     TX2REG          equ	3733	;# 
  1949   000E95                     TXREG2          equ	3733	;# 
  1950   000E96                     SP2BRG          equ	3734	;# 
  1951   000E96                     SP2BRGL         equ	3734	;# 
  1952   000E96                     SPBRG2          equ	3734	;# 
  1953   000E97                     SP2BRGH         equ	3735	;# 
  1954   000E97                     SPBRGH2         equ	3735	;# 
  1955   000E98                     RC2STA          equ	3736	;# 
  1956   000E98                     RCSTA2          equ	3736	;# 
  1957   000E99                     TX2STA          equ	3737	;# 
  1958   000E99                     TXSTA2          equ	3737	;# 
  1959   000E9A                     BAUD2CON        equ	3738	;# 
  1960   000E9A                     BAUDCON2        equ	3738	;# 
  1961   000E9A                     BAUDCTL2        equ	3738	;# 
  1962   000E9B                     PPSLOCK         equ	3739	;# 
  1963   000E9C                     INT0PPS         equ	3740	;# 
  1964   000E9D                     INT1PPS         equ	3741	;# 
  1965   000E9E                     INT2PPS         equ	3742	;# 
  1966   000E9F                     T0CKIPPS        equ	3743	;# 
  1967   000EA0                     T1CKIPPS        equ	3744	;# 
  1968   000EA1                     T1GPPS          equ	3745	;# 
  1969   000EA2                     T3CKIPPS        equ	3746	;# 
  1970   000EA3                     T3GPPS          equ	3747	;# 
  1971   000EA4                     T5CKIPPS        equ	3748	;# 
  1972   000EA5                     T5GPPS          equ	3749	;# 
  1973   000EA6                     T2INPPS         equ	3750	;# 
  1974   000EA7                     T4INPPS         equ	3751	;# 
  1975   000EA8                     T6INPPS         equ	3752	;# 
  1976   000EA9                     ADACTPPS        equ	3753	;# 
  1977   000EAA                     CCP1PPS         equ	3754	;# 
  1978   000EAB                     CCP2PPS         equ	3755	;# 
  1979   000EAC                     CWG1PPS         equ	3756	;# 
  1980   000EAC                     CWGPPS          equ	3756	;# 
  1981   000EAC                     CWG1INPPS       equ	3756	;# 
  1982   000EAC                     CWGINPPS        equ	3756	;# 
  1983   000EAD                     MDCARLPPS       equ	3757	;# 
  1984   000EAE                     MDCARHPPS       equ	3758	;# 
  1985   000EAF                     MDSRCPPS        equ	3759	;# 
  1986   000EB0                     RX1PPS          equ	3760	;# 
  1987   000EB0                     RXPPS           equ	3760	;# 
  1988   000EB0                     RXDT1PPS        equ	3760	;# 
  1989   000EB1                     CK1PPS          equ	3761	;# 
  1990   000EB1                     TXPPS           equ	3761	;# 
  1991   000EB1                     CKPPS           equ	3761	;# 
  1992   000EB1                     TX1PPS          equ	3761	;# 
  1993   000EB1                     TXCK1PPS        equ	3761	;# 
  1994   000EB2                     SSP1CLKPPS      equ	3762	;# 
  1995   000EB2                     SSPCLKPPS       equ	3762	;# 
  1996   000EB3                     SSP1DATPPS      equ	3763	;# 
  1997   000EB3                     SSPDATPPS       equ	3763	;# 
  1998   000EB4                     SSP1SSPPS       equ	3764	;# 
  1999   000EB4                     SSPSSPPS        equ	3764	;# 
  2000   000EB5                     IPR0            equ	3765	;# 
  2001   000EB6                     IPR1            equ	3766	;# 
  2002   000EB7                     IPR2            equ	3767	;# 
  2003   000EB8                     IPR3            equ	3768	;# 
  2004   000EB9                     IPR4            equ	3769	;# 
  2005   000EBA                     IPR5            equ	3770	;# 
  2006   000EBB                     IPR6            equ	3771	;# 
  2007   000EBC                     IPR7            equ	3772	;# 
  2008   000EBD                     PIE0            equ	3773	;# 
  2009   000EBE                     PIE1            equ	3774	;# 
  2010   000EBF                     PIE2            equ	3775	;# 
  2011   000EC0                     PIE3            equ	3776	;# 
  2012   000EC1                     PIE4            equ	3777	;# 
  2013   000EC2                     PIE5            equ	3778	;# 
  2014   000EC3                     PIE6            equ	3779	;# 
  2015   000EC4                     PIE7            equ	3780	;# 
  2016   000EC5                     PIR0            equ	3781	;# 
  2017   000EC6                     PIR1            equ	3782	;# 
  2018   000EC7                     PIR2            equ	3783	;# 
  2019   000EC8                     PIR3            equ	3784	;# 
  2020   000EC9                     PIR4            equ	3785	;# 
  2021   000ECA                     PIR5            equ	3786	;# 
  2022   000ECB                     PIR6            equ	3787	;# 
  2023   000ECC                     PIR7            equ	3788	;# 
  2024   000ECD                     WDTCON0         equ	3789	;# 
  2025   000ECE                     WDTCON1         equ	3790	;# 
  2026   000ECF                     WDTPSL          equ	3791	;# 
  2027   000ED0                     WDTPSH          equ	3792	;# 
  2028   000ED1                     WDTTMR          equ	3793	;# 
  2029   000ED2                     CPUDOZE         equ	3794	;# 
  2030   000ED3                     OSCCON1         equ	3795	;# 
  2031   000ED4                     OSCCON2         equ	3796	;# 
  2032   000ED5                     OSCCON3         equ	3797	;# 
  2033   000ED6                     OSCSTAT         equ	3798	;# 
  2034   000ED6                     OSCSTAT1        equ	3798	;# 
  2035   000ED7                     OSCEN           equ	3799	;# 
  2036   000ED8                     OSCTUNE         equ	3800	;# 
  2037   000ED9                     OSCFRQ          equ	3801	;# 
  2038   000ED9                     OSCFREQ         equ	3801	;# 
  2039   000EDA                     VREGCON         equ	3802	;# 
  2040   000EDB                     BORCON          equ	3803	;# 
  2041   000EDC                     PMD0            equ	3804	;# 
  2042   000EDD                     PMD1            equ	3805	;# 
  2043   000EDE                     PMD2            equ	3806	;# 
  2044   000EDF                     PMD3            equ	3807	;# 
  2045   000EE0                     PMD4            equ	3808	;# 
  2046   000EE1                     PMD5            equ	3809	;# 
  2047   000EE2                     RA0PPS          equ	3810	;# 
  2048   000EE3                     RA1PPS          equ	3811	;# 
  2049   000EE4                     RA2PPS          equ	3812	;# 
  2050   000EE5                     RA3PPS          equ	3813	;# 
  2051   000EE6                     RA4PPS          equ	3814	;# 
  2052   000EE7                     RA5PPS          equ	3815	;# 
  2053   000EE8                     RA6PPS          equ	3816	;# 
  2054   000EE9                     RA7PPS          equ	3817	;# 
  2055   000EEA                     RB0PPS          equ	3818	;# 
  2056   000EEB                     RB1PPS          equ	3819	;# 
  2057   000EEC                     RB2PPS          equ	3820	;# 
  2058   000EED                     RB3PPS          equ	3821	;# 
  2059   000EEE                     RB4PPS          equ	3822	;# 
  2060   000EEF                     RB5PPS          equ	3823	;# 
  2061   000EF0                     RB6PPS          equ	3824	;# 
  2062   000EF1                     RB7PPS          equ	3825	;# 
  2063   000EF2                     RC0PPS          equ	3826	;# 
  2064   000EF3                     RC1PPS          equ	3827	;# 
  2065   000EF4                     RC2PPS          equ	3828	;# 
  2066   000EF5                     RC3PPS          equ	3829	;# 
  2067   000EF6                     RC4PPS          equ	3830	;# 
  2068   000EF7                     RC5PPS          equ	3831	;# 
  2069   000EF8                     RC6PPS          equ	3832	;# 
  2070   000EF9                     RC7PPS          equ	3833	;# 
  2071   000EFA                     RD0PPS          equ	3834	;# 
  2072   000EFB                     RD1PPS          equ	3835	;# 
  2073   000EFC                     RD2PPS          equ	3836	;# 
  2074   000EFD                     RD3PPS          equ	3837	;# 
  2075   000EFE                     RD4PPS          equ	3838	;# 
  2076   000EFF                     RD5PPS          equ	3839	;# 
  2077   000F00                     RD6PPS          equ	3840	;# 
  2078   000F01                     RD7PPS          equ	3841	;# 
  2079   000F02                     RE0PPS          equ	3842	;# 
  2080   000F03                     RE1PPS          equ	3843	;# 
  2081   000F04                     RE2PPS          equ	3844	;# 
  2082   000F05                     IOCAF           equ	3845	;# 
  2083   000F06                     IOCAN           equ	3846	;# 
  2084   000F07                     IOCAP           equ	3847	;# 
  2085   000F08                     INLVLA          equ	3848	;# 
  2086   000F09                     SLRCONA         equ	3849	;# 
  2087   000F0A                     ODCONA          equ	3850	;# 
  2088   000F0B                     WPUA            equ	3851	;# 
  2089   000F0C                     ANSELA          equ	3852	;# 
  2090   000F0D                     IOCBF           equ	3853	;# 
  2091   000F0E                     IOCBN           equ	3854	;# 
  2092   000F0F                     IOCBP           equ	3855	;# 
  2093   000F10                     INLVLB          equ	3856	;# 
  2094   000F11                     SLRCONB         equ	3857	;# 
  2095   000F12                     ODCONB          equ	3858	;# 
  2096   000F13                     WPUB            equ	3859	;# 
  2097   000F14                     ANSELB          equ	3860	;# 
  2098   000F15                     IOCCF           equ	3861	;# 
  2099   000F16                     IOCCN           equ	3862	;# 
  2100   000F17                     IOCCP           equ	3863	;# 
  2101   000F18                     INLVLC          equ	3864	;# 
  2102   000F19                     SLRCONC         equ	3865	;# 
  2103   000F1A                     ODCONC          equ	3866	;# 
  2104   000F1B                     WPUC            equ	3867	;# 
  2105   000F1C                     ANSELC          equ	3868	;# 
  2106   000F1D                     INLVLD          equ	3869	;# 
  2107   000F1E                     SLRCOND         equ	3870	;# 
  2108   000F1F                     ODCOND          equ	3871	;# 
  2109   000F20                     WPUD            equ	3872	;# 
  2110   000F21                     ANSELD          equ	3873	;# 
  2111   000F22                     IOCEF           equ	3874	;# 
  2112   000F23                     IOCEN           equ	3875	;# 
  2113   000F24                     IOCEP           equ	3876	;# 
  2114   000F25                     INLVLE          equ	3877	;# 
  2115   000F26                     SLRCONE         equ	3878	;# 
  2116   000F27                     ODCONE          equ	3879	;# 
  2117   000F28                     WPUE            equ	3880	;# 
  2118   000F29                     ANSELE          equ	3881	;# 
  2119   000F2A                     HLVDCON0        equ	3882	;# 
  2120   000F2B                     HLVDCON1        equ	3883	;# 
  2121   000F2C                     FVRCON          equ	3884	;# 
  2122   000F2D                     ZCDCON          equ	3885	;# 
  2123   000F2E                     DAC1CON0        equ	3886	;# 
  2124   000F2F                     DAC1CON1        equ	3887	;# 
  2125   000F30                     CM2CON0         equ	3888	;# 
  2126   000F31                     CM2CON1         equ	3889	;# 
  2127   000F32                     CM2NCH          equ	3890	;# 
  2128   000F33                     CM2PCH          equ	3891	;# 
  2129   000F34                     CM1CON0         equ	3892	;# 
  2130   000F35                     CM1CON1         equ	3893	;# 
  2131   000F36                     CM1NCH          equ	3894	;# 
  2132   000F37                     CM1PCH          equ	3895	;# 
  2133   000F38                     CMOUT           equ	3896	;# 
  2134   000F39                     CLKRCON         equ	3897	;# 
  2135   000F3A                     CLKRCLK         equ	3898	;# 
  2136   000F3B                     CWG1CLK         equ	3899	;# 
  2137   000F3B                     CWG1CLKCON      equ	3899	;# 
  2138   000F3C                     CWG1ISM         equ	3900	;# 
  2139   000F3D                     CWG1DBR         equ	3901	;# 
  2140   000F3E                     CWG1DBF         equ	3902	;# 
  2141   000F3F                     CWG1CON0        equ	3903	;# 
  2142   000F40                     CWG1CON1        equ	3904	;# 
  2143   000F41                     CWG1AS0         equ	3905	;# 
  2144   000F42                     CWG1AS1         equ	3906	;# 
  2145   000F43                     CWG1STR         equ	3907	;# 
  2146   000F44                     SCANLADR        equ	3908	;# 
  2147   000F44                     SCANLADRL       equ	3908	;# 
  2148   000F45                     SCANLADRH       equ	3909	;# 
  2149   000F46                     SCANLADRU       equ	3910	;# 
  2150   000F47                     SCANHADR        equ	3911	;# 
  2151   000F47                     SCANHADRL       equ	3911	;# 
  2152   000F48                     SCANHADRH       equ	3912	;# 
  2153   000F49                     SCANHADRU       equ	3913	;# 
  2154   000F4A                     SCANCON0        equ	3914	;# 
  2155   000F4B                     SCANTRIG        equ	3915	;# 
  2156   000F4C                     MDCON0          equ	3916	;# 
  2157   000F4D                     MDCON1          equ	3917	;# 
  2158   000F4E                     MDSRC           equ	3918	;# 
  2159   000F4F                     MDCARL          equ	3919	;# 
  2160   000F50                     MDCARH          equ	3920	;# 
  2161   000F51                     ADACT           equ	3921	;# 
  2162   000F52                     ADCLK           equ	3922	;# 
  2163   000F53                     ADREF           equ	3923	;# 
  2164   000F54                     ADCON1          equ	3924	;# 
  2165   000F55                     ADCON2          equ	3925	;# 
  2166   000F56                     ADCON3          equ	3926	;# 
  2167   000F57                     ADACQ           equ	3927	;# 
  2168   000F58                     ADCAP           equ	3928	;# 
  2169   000F59                     ADPRE           equ	3929	;# 
  2170   000F5A                     ADPCH           equ	3930	;# 
  2171   000F5B                     ADCON0          equ	3931	;# 
  2172   000F5C                     ADPREV          equ	3932	;# 
  2173   000F5C                     ADPREVL         equ	3932	;# 
  2174   000F5D                     ADPREVH         equ	3933	;# 
  2175   000F5E                     ADRES           equ	3934	;# 
  2176   000F5E                     ADRESL          equ	3934	;# 
  2177   000F5F                     ADRESH          equ	3935	;# 
  2178   000F60                     ADSTAT          equ	3936	;# 
  2179   000F61                     ADRPT           equ	3937	;# 
  2180   000F62                     ADCNT           equ	3938	;# 
  2181   000F63                     ADSTPT          equ	3939	;# 
  2182   000F63                     ADSTPTL         equ	3939	;# 
  2183   000F64                     ADSTPTH         equ	3940	;# 
  2184   000F65                     ADLTH           equ	3941	;# 
  2185   000F65                     ADLTHL          equ	3941	;# 
  2186   000F66                     ADLTHH          equ	3942	;# 
  2187   000F67                     ADUTH           equ	3943	;# 
  2188   000F67                     ADUTHL          equ	3943	;# 
  2189   000F68                     ADUTHH          equ	3944	;# 
  2190   000F69                     ADERR           equ	3945	;# 
  2191   000F69                     ADERRL          equ	3945	;# 
  2192   000F6A                     ADERRH          equ	3946	;# 
  2193   000F6B                     ADACC           equ	3947	;# 
  2194   000F6B                     ADACCL          equ	3947	;# 
  2195   000F6C                     ADACCH          equ	3948	;# 
  2196   000F6D                     ADFLTR          equ	3949	;# 
  2197   000F6D                     ADFLTRL         equ	3949	;# 
  2198   000F6E                     ADFLTRH         equ	3950	;# 
  2199   000F6F                     CRCDATA         equ	3951	;# 
  2200   000F6F                     CRCDATL         equ	3951	;# 
  2201   000F70                     CRCDATH         equ	3952	;# 
  2202   000F71                     CRCACC          equ	3953	;# 
  2203   000F71                     CRCACCL         equ	3953	;# 
  2204   000F72                     CRCACCH         equ	3954	;# 
  2205   000F73                     CRCSHFT         equ	3955	;# 
  2206   000F73                     CRCSHIFTL       equ	3955	;# 
  2207   000F74                     CRCSHIFTH       equ	3956	;# 
  2208   000F75                     CRCXOR          equ	3957	;# 
  2209   000F75                     CRCXORL         equ	3957	;# 
  2210   000F76                     CRCXORH         equ	3958	;# 
  2211   000F77                     CRCCON0         equ	3959	;# 
  2212   000F78                     CRCCON1         equ	3960	;# 
  2213   000F79                     NVMADR          equ	3961	;# 
  2214   000F79                     NVMADRL         equ	3961	;# 
  2215   000F7A                     NVMADRH         equ	3962	;# 
  2216   000F7B                     NVMADRU         equ	3963	;# 
  2217   000F7C                     NVMDAT          equ	3964	;# 
  2218   000F7C                     NVMDATL         equ	3964	;# 
  2219   000F7D                     NVMDATH         equ	3965	;# 
  2220   000F7F                     NVMCON0         equ	3967	;# 
  2221   000F80                     NVMCON1         equ	3968	;# 
  2222   000F81                     NVMCON2         equ	3969	;# 
  2223   000F82                     LATA            equ	3970	;# 
  2224   000F83                     LATB            equ	3971	;# 
  2225   000F84                     LATC            equ	3972	;# 
  2226   000F85                     LATD            equ	3973	;# 
  2227   000F86                     LATE            equ	3974	;# 
  2228   000F87                     TRISA           equ	3975	;# 
  2229   000F87                     DDRA            equ	3975	;# 
  2230   000F88                     TRISB           equ	3976	;# 
  2231   000F88                     DDRB            equ	3976	;# 
  2232   000F89                     TRISC           equ	3977	;# 
  2233   000F89                     DDRC            equ	3977	;# 
  2234   000F8A                     TRISD           equ	3978	;# 
  2235   000F8A                     DDRD            equ	3978	;# 
  2236   000F8B                     TRISE           equ	3979	;# 
  2237   000F8B                     DDRE            equ	3979	;# 
  2238   000F8C                     PORTA           equ	3980	;# 
  2239   000F8D                     PORTB           equ	3981	;# 
  2240   000F8E                     PORTC           equ	3982	;# 
  2241   000F8F                     PORTD           equ	3983	;# 
  2242   000F90                     PORTE           equ	3984	;# 
  2243   000F91                     SSP1BUF         equ	3985	;# 
  2244   000F92                     SSP1ADD         equ	3986	;# 
  2245   000F93                     SSP1MSK         equ	3987	;# 
  2246   000F94                     SSP1STAT        equ	3988	;# 
  2247   000F95                     SSP1CON1        equ	3989	;# 
  2248   000F96                     SSP1CON2        equ	3990	;# 
  2249   000F97                     SSP1CON3        equ	3991	;# 
  2250   000F98                     RC1REG          equ	3992	;# 
  2251   000F98                     RCREG           equ	3992	;# 
  2252   000F98                     RCREG1          equ	3992	;# 
  2253   000F99                     TX1REG          equ	3993	;# 
  2254   000F99                     TXREG1          equ	3993	;# 
  2255   000F99                     TXREG           equ	3993	;# 
  2256   000F9A                     SP1BRG          equ	3994	;# 
  2257   000F9A                     SPBRG           equ	3994	;# 
  2258   000F9A                     SP1BRGL         equ	3994	;# 
  2259   000F9A                     SPBRG1          equ	3994	;# 
  2260   000F9A                     SPBRGL          equ	3994	;# 
  2261   000F9B                     SP1BRGH         equ	3995	;# 
  2262   000F9B                     SPBRGH          equ	3995	;# 
  2263   000F9B                     SPBRGH1         equ	3995	;# 
  2264   000F9C                     RC1STA          equ	3996	;# 
  2265   000F9C                     RCSTA1          equ	3996	;# 
  2266   000F9C                     RCSTA           equ	3996	;# 
  2267   000F9D                     TX1STA          equ	3997	;# 
  2268   000F9D                     TXSTA1          equ	3997	;# 
  2269   000F9D                     TXSTA           equ	3997	;# 
  2270   000F9E                     BAUD1CON        equ	3998	;# 
  2271   000F9E                     BAUDCON1        equ	3998	;# 
  2272   000F9E                     BAUDCTL1        equ	3998	;# 
  2273   000F9E                     BAUDCON         equ	3998	;# 
  2274   000F9E                     BAUDCTL         equ	3998	;# 
  2275   000F9F                     PWM4DC          equ	3999	;# 
  2276   000F9F                     PWM4DCL         equ	3999	;# 
  2277   000FA0                     PWM4DCH         equ	4000	;# 
  2278   000FA1                     PWM4CON         equ	4001	;# 
  2279   000FA2                     PWM3DC          equ	4002	;# 
  2280   000FA2                     PWM3DCL         equ	4002	;# 
  2281   000FA3                     PWM3DCH         equ	4003	;# 
  2282   000FA4                     PWM3CON         equ	4004	;# 
  2283   000FA5                     CCPR2           equ	4005	;# 
  2284   000FA5                     CCPR2L          equ	4005	;# 
  2285   000FA6                     CCPR2H          equ	4006	;# 
  2286   000FA7                     CCP2CON         equ	4007	;# 
  2287   000FA8                     CCP2CAP         equ	4008	;# 
  2288   000FA9                     CCPR1           equ	4009	;# 
  2289   000FA9                     CCPR1L          equ	4009	;# 
  2290   000FAA                     CCPR1H          equ	4010	;# 
  2291   000FAB                     CCP1CON         equ	4011	;# 
  2292   000FAC                     CCP1CAP         equ	4012	;# 
  2293   000FAD                     CCPTMRS         equ	4013	;# 
  2294   000FAE                     T6TMR           equ	4014	;# 
  2295   000FAE                     TMR6            equ	4014	;# 
  2296   000FAF                     T6PR            equ	4015	;# 
  2297   000FAF                     PR6             equ	4015	;# 
  2298   000FB0                     T6CON           equ	4016	;# 
  2299   000FB1                     T6HLT           equ	4017	;# 
  2300   000FB2                     T6CLKCON        equ	4018	;# 
  2301   000FB2                     T6CLK           equ	4018	;# 
  2302   000FB3                     T6RST           equ	4019	;# 
  2303   000FB4                     T4TMR           equ	4020	;# 
  2304   000FB4                     TMR4            equ	4020	;# 
  2305   000FB5                     T4PR            equ	4021	;# 
  2306   000FB5                     PR4             equ	4021	;# 
  2307   000FB6                     T4CON           equ	4022	;# 
  2308   000FB7                     T4HLT           equ	4023	;# 
  2309   000FB8                     T4CLKCON        equ	4024	;# 
  2310   000FB8                     T4CLK           equ	4024	;# 
  2311   000FB9                     T4RST           equ	4025	;# 
  2312   000FBA                     T2TMR           equ	4026	;# 
  2313   000FBA                     TMR2            equ	4026	;# 
  2314   000FBB                     T2PR            equ	4027	;# 
  2315   000FBB                     PR2             equ	4027	;# 
  2316   000FBC                     T2CON           equ	4028	;# 
  2317   000FBD                     T2HLT           equ	4029	;# 
  2318   000FBE                     T2CLKCON        equ	4030	;# 
  2319   000FBE                     T2CLK           equ	4030	;# 
  2320   000FBF                     T2RST           equ	4031	;# 
  2321   000FC0                     TMR5            equ	4032	;# 
  2322   000FC0                     TMR5L           equ	4032	;# 
  2323   000FC1                     TMR5H           equ	4033	;# 
  2324   000FC2                     T5CON           equ	4034	;# 
  2325   000FC2                     TMR5CON         equ	4034	;# 
  2326   000FC3                     T5GCON          equ	4035	;# 
  2327   000FC3                     TMR5GCON        equ	4035	;# 
  2328   000FC4                     T5GATE          equ	4036	;# 
  2329   000FC4                     TMR5GATE        equ	4036	;# 
  2330   000FC5                     T5CLK           equ	4037	;# 
  2331   000FC5                     TMR5CLK         equ	4037	;# 
  2332   000FC5                     PR5             equ	4037	;# 
  2333   000FC6                     TMR3            equ	4038	;# 
  2334   000FC6                     TMR3L           equ	4038	;# 
  2335   000FC7                     TMR3H           equ	4039	;# 
  2336   000FC8                     T3CON           equ	4040	;# 
  2337   000FC8                     TMR3CON         equ	4040	;# 
  2338   000FC9                     T3GCON          equ	4041	;# 
  2339   000FC9                     TMR3GCON        equ	4041	;# 
  2340   000FCA                     T3GATE          equ	4042	;# 
  2341   000FCA                     TMR3GATE        equ	4042	;# 
  2342   000FCB                     T3CLK           equ	4043	;# 
  2343   000FCB                     TMR3CLK         equ	4043	;# 
  2344   000FCB                     PR3             equ	4043	;# 
  2345   000FCC                     TMR1            equ	4044	;# 
  2346   000FCC                     TMR1L           equ	4044	;# 
  2347   000FCD                     TMR1H           equ	4045	;# 
  2348   000FCE                     T1CON           equ	4046	;# 
  2349   000FCE                     TMR1CON         equ	4046	;# 
  2350   000FCF                     T1GCON          equ	4047	;# 
  2351   000FCF                     TMR1GCON        equ	4047	;# 
  2352   000FD0                     T1GATE          equ	4048	;# 
  2353   000FD0                     TMR1GATE        equ	4048	;# 
  2354   000FD1                     T1CLK           equ	4049	;# 
  2355   000FD1                     TMR1CLK         equ	4049	;# 
  2356   000FD1                     PR1             equ	4049	;# 
  2357   000FD2                     TMR0L           equ	4050	;# 
  2358   000FD2                     TMR0            equ	4050	;# 
  2359   000FD3                     TMR0H           equ	4051	;# 
  2360   000FD3                     PR0             equ	4051	;# 
  2361   000FD4                     T0CON0          equ	4052	;# 
  2362   000FD5                     T0CON1          equ	4053	;# 
  2363   000FD6                     PCON1           equ	4054	;# 
  2364   000FD7                     PCON0           equ	4055	;# 
  2365   000FD8                     STATUS          equ	4056	;# 
  2366   000FD9                     FSR2            equ	4057	;# 
  2367   000FD9                     FSR2L           equ	4057	;# 
  2368   000FDA                     FSR2H           equ	4058	;# 
  2369   000FDB                     PLUSW2          equ	4059	;# 
  2370   000FDC                     PREINC2         equ	4060	;# 
  2371   000FDD                     POSTDEC2        equ	4061	;# 
  2372   000FDE                     POSTINC2        equ	4062	;# 
  2373   000FDF                     INDF2           equ	4063	;# 
  2374   000FE0                     BSR             equ	4064	;# 
  2375   000FE1                     FSR1            equ	4065	;# 
  2376   000FE1                     FSR1L           equ	4065	;# 
  2377   000FE2                     FSR1H           equ	4066	;# 
  2378   000FE3                     PLUSW1          equ	4067	;# 
  2379   000FE4                     PREINC1         equ	4068	;# 
  2380   000FE5                     POSTDEC1        equ	4069	;# 
  2381   000FE6                     POSTINC1        equ	4070	;# 
  2382   000FE7                     INDF1           equ	4071	;# 
  2383   000FE8                     WREG            equ	4072	;# 
  2384   000FE9                     FSR0            equ	4073	;# 
  2385   000FE9                     FSR0L           equ	4073	;# 
  2386   000FEA                     FSR0H           equ	4074	;# 
  2387   000FEB                     PLUSW0          equ	4075	;# 
  2388   000FEC                     PREINC0         equ	4076	;# 
  2389   000FED                     POSTDEC0        equ	4077	;# 
  2390   000FEE                     POSTINC0        equ	4078	;# 
  2391   000FEF                     INDF0           equ	4079	;# 
  2392   000FF2                     INTCON          equ	4082	;# 
  2393   000FF3                     PROD            equ	4083	;# 
  2394   000FF3                     PRODL           equ	4083	;# 
  2395   000FF4                     PRODH           equ	4084	;# 
  2396   000FF5                     TABLAT          equ	4085	;# 
  2397   000FF6                     TBLPTR          equ	4086	;# 
  2398   000FF6                     TBLPTRL         equ	4086	;# 
  2399   000FF7                     TBLPTRH         equ	4087	;# 
  2400   000FF8                     TBLPTRU         equ	4088	;# 
  2401   000FF9                     PCLAT           equ	4089	;# 
  2402   000FF9                     PCL             equ	4089	;# 
  2403   000FFA                     PCLATH          equ	4090	;# 
  2404   000FFB                     PCLATU          equ	4091	;# 
  2405   000FFC                     STKPTR          equ	4092	;# 
  2406   000FFD                     TOS             equ	4093	;# 
  2407   000FFD                     TOSL            equ	4093	;# 
  2408   000FFE                     TOSH            equ	4094	;# 
  2409   000FFF                     TOSU            equ	4095	;# 
  2410   000E1F                     CLCIN0PPS       equ	3615	;# 
  2411   000E20                     CLCIN1PPS       equ	3616	;# 
  2412   000E21                     CLCIN2PPS       equ	3617	;# 
  2413   000E22                     CLCIN3PPS       equ	3618	;# 
  2414   000E23                     CLCIN4PPS       equ	3619	;# 
  2415   000E24                     CLCIN5PPS       equ	3620	;# 
  2416   000E25                     CLCIN6PPS       equ	3621	;# 
  2417   000E26                     CLCIN7PPS       equ	3622	;# 
  2418   000E27                     CLC1CON         equ	3623	;# 
  2419   000E28                     CLC1POL         equ	3624	;# 
  2420   000E29                     CLC1SEL0        equ	3625	;# 
  2421   000E2A                     CLC1SEL1        equ	3626	;# 
  2422   000E2B                     CLC1SEL2        equ	3627	;# 
  2423   000E2C                     CLC1SEL3        equ	3628	;# 
  2424   000E2D                     CLC1GLS0        equ	3629	;# 
  2425   000E2E                     CLC1GLS1        equ	3630	;# 
  2426   000E2F                     CLC1GLS2        equ	3631	;# 
  2427   000E30                     CLC1GLS3        equ	3632	;# 
  2428   000E31                     CLC2CON         equ	3633	;# 
  2429   000E32                     CLC2POL         equ	3634	;# 
  2430   000E33                     CLC2SEL0        equ	3635	;# 
  2431   000E34                     CLC2SEL1        equ	3636	;# 
  2432   000E35                     CLC2SEL2        equ	3637	;# 
  2433   000E36                     CLC2SEL3        equ	3638	;# 
  2434   000E37                     CLC2GLS0        equ	3639	;# 
  2435   000E38                     CLC2GLS1        equ	3640	;# 
  2436   000E39                     CLC2GLS2        equ	3641	;# 
  2437   000E3A                     CLC2GLS3        equ	3642	;# 
  2438   000E3B                     CLC3CON         equ	3643	;# 
  2439   000E3C                     CLC3POL         equ	3644	;# 
  2440   000E3D                     CLC3SEL0        equ	3645	;# 
  2441   000E3E                     CLC3SEL1        equ	3646	;# 
  2442   000E3F                     CLC3SEL2        equ	3647	;# 
  2443   000E40                     CLC3SEL3        equ	3648	;# 
  2444   000E41                     CLC3GLS0        equ	3649	;# 
  2445   000E42                     CLC3GLS1        equ	3650	;# 
  2446   000E43                     CLC3GLS2        equ	3651	;# 
  2447   000E44                     CLC3GLS3        equ	3652	;# 
  2448   000E45                     CLC4CON         equ	3653	;# 
  2449   000E46                     CLC4POL         equ	3654	;# 
  2450   000E47                     CLC4SEL0        equ	3655	;# 
  2451   000E48                     CLC4SEL1        equ	3656	;# 
  2452   000E49                     CLC4SEL2        equ	3657	;# 
  2453   000E4A                     CLC4SEL3        equ	3658	;# 
  2454   000E4B                     CLC4GLS0        equ	3659	;# 
  2455   000E4C                     CLC4GLS1        equ	3660	;# 
  2456   000E4D                     CLC4GLS2        equ	3661	;# 
  2457   000E4E                     CLC4GLS3        equ	3662	;# 
  2458   000E4F                     CLC5CON         equ	3663	;# 
  2459   000E50                     CLC5POL         equ	3664	;# 
  2460   000E51                     CLC5SEL0        equ	3665	;# 
  2461   000E52                     CLC5SEL1        equ	3666	;# 
  2462   000E53                     CLC5SEL2        equ	3667	;# 
  2463   000E54                     CLC5SEL3        equ	3668	;# 
  2464   000E55                     CLC5GLS0        equ	3669	;# 
  2465   000E56                     CLC5GLS1        equ	3670	;# 
  2466   000E57                     CLC5GLS2        equ	3671	;# 
  2467   000E58                     CLC5GLS3        equ	3672	;# 
  2468   000E59                     CLC6CON         equ	3673	;# 
  2469   000E5A                     CLC6POL         equ	3674	;# 
  2470   000E5B                     CLC6SEL0        equ	3675	;# 
  2471   000E5C                     CLC6SEL1        equ	3676	;# 
  2472   000E5D                     CLC6SEL2        equ	3677	;# 
  2473   000E5E                     CLC6SEL3        equ	3678	;# 
  2474   000E5F                     CLC6GLS0        equ	3679	;# 
  2475   000E60                     CLC6GLS1        equ	3680	;# 
  2476   000E61                     CLC6GLS2        equ	3681	;# 
  2477   000E62                     CLC6GLS3        equ	3682	;# 
  2478   000E63                     CLC7CON         equ	3683	;# 
  2479   000E64                     CLC7POL         equ	3684	;# 
  2480   000E65                     CLC7SEL0        equ	3685	;# 
  2481   000E66                     CLC7SEL1        equ	3686	;# 
  2482   000E67                     CLC7SEL2        equ	3687	;# 
  2483   000E68                     CLC7SEL3        equ	3688	;# 
  2484   000E69                     CLC7GLS0        equ	3689	;# 
  2485   000E6A                     CLC7GLS1        equ	3690	;# 
  2486   000E6B                     CLC7GLS2        equ	3691	;# 
  2487   000E6C                     CLC7GLS3        equ	3692	;# 
  2488   000E6D                     CLC8CON         equ	3693	;# 
  2489   000E6E                     CLC8POL         equ	3694	;# 
  2490   000E6F                     CLC8SEL0        equ	3695	;# 
  2491   000E70                     CLC8SEL1        equ	3696	;# 
  2492   000E71                     CLC8SEL2        equ	3697	;# 
  2493   000E72                     CLC8SEL3        equ	3698	;# 
  2494   000E73                     CLC8GLS0        equ	3699	;# 
  2495   000E74                     CLC8GLS1        equ	3700	;# 
  2496   000E75                     CLC8GLS2        equ	3701	;# 
  2497   000E76                     CLC8GLS3        equ	3702	;# 
  2498   000E77                     CLCDATA         equ	3703	;# 
  2499   000E88                     RX2PPS          equ	3720	;# 
  2500   000E88                     RXDT2PPS        equ	3720	;# 
  2501   000E89                     CK2PPS          equ	3721	;# 
  2502   000E89                     TXCK2PPS        equ	3721	;# 
  2503   000E89                     TX2PPS          equ	3721	;# 
  2504   000E8A                     SSP2CLKPPS      equ	3722	;# 
  2505   000E8B                     SSP2DATPPS      equ	3723	;# 
  2506   000E8C                     SSP2SSPPS       equ	3724	;# 
  2507   000E8D                     SSP2BUF         equ	3725	;# 
  2508   000E8E                     SSP2ADD         equ	3726	;# 
  2509   000E8F                     SSP2MSK         equ	3727	;# 
  2510   000E90                     SSP2STAT        equ	3728	;# 
  2511   000E91                     SSP2CON1        equ	3729	;# 
  2512   000E92                     SSP2CON2        equ	3730	;# 
  2513   000E93                     SSP2CON3        equ	3731	;# 
  2514   000E94                     RC2REG          equ	3732	;# 
  2515   000E94                     RCREG2          equ	3732	;# 
  2516   000E95                     TX2REG          equ	3733	;# 
  2517   000E95                     TXREG2          equ	3733	;# 
  2518   000E96                     SP2BRG          equ	3734	;# 
  2519   000E96                     SP2BRGL         equ	3734	;# 
  2520   000E96                     SPBRG2          equ	3734	;# 
  2521   000E97                     SP2BRGH         equ	3735	;# 
  2522   000E97                     SPBRGH2         equ	3735	;# 
  2523   000E98                     RC2STA          equ	3736	;# 
  2524   000E98                     RCSTA2          equ	3736	;# 
  2525   000E99                     TX2STA          equ	3737	;# 
  2526   000E99                     TXSTA2          equ	3737	;# 
  2527   000E9A                     BAUD2CON        equ	3738	;# 
  2528   000E9A                     BAUDCON2        equ	3738	;# 
  2529   000E9A                     BAUDCTL2        equ	3738	;# 
  2530   000E9B                     PPSLOCK         equ	3739	;# 
  2531   000E9C                     INT0PPS         equ	3740	;# 
  2532   000E9D                     INT1PPS         equ	3741	;# 
  2533   000E9E                     INT2PPS         equ	3742	;# 
  2534   000E9F                     T0CKIPPS        equ	3743	;# 
  2535   000EA0                     T1CKIPPS        equ	3744	;# 
  2536   000EA1                     T1GPPS          equ	3745	;# 
  2537   000EA2                     T3CKIPPS        equ	3746	;# 
  2538   000EA3                     T3GPPS          equ	3747	;# 
  2539   000EA4                     T5CKIPPS        equ	3748	;# 
  2540   000EA5                     T5GPPS          equ	3749	;# 
  2541   000EA6                     T2INPPS         equ	3750	;# 
  2542   000EA7                     T4INPPS         equ	3751	;# 
  2543   000EA8                     T6INPPS         equ	3752	;# 
  2544   000EA9                     ADACTPPS        equ	3753	;# 
  2545   000EAA                     CCP1PPS         equ	3754	;# 
  2546   000EAB                     CCP2PPS         equ	3755	;# 
  2547   000EAC                     CWG1PPS         equ	3756	;# 
  2548   000EAC                     CWGPPS          equ	3756	;# 
  2549   000EAC                     CWG1INPPS       equ	3756	;# 
  2550   000EAC                     CWGINPPS        equ	3756	;# 
  2551   000EAD                     MDCARLPPS       equ	3757	;# 
  2552   000EAE                     MDCARHPPS       equ	3758	;# 
  2553   000EAF                     MDSRCPPS        equ	3759	;# 
  2554   000EB0                     RX1PPS          equ	3760	;# 
  2555   000EB0                     RXPPS           equ	3760	;# 
  2556   000EB0                     RXDT1PPS        equ	3760	;# 
  2557   000EB1                     CK1PPS          equ	3761	;# 
  2558   000EB1                     TXPPS           equ	3761	;# 
  2559   000EB1                     CKPPS           equ	3761	;# 
  2560   000EB1                     TX1PPS          equ	3761	;# 
  2561   000EB1                     TXCK1PPS        equ	3761	;# 
  2562   000EB2                     SSP1CLKPPS      equ	3762	;# 
  2563   000EB2                     SSPCLKPPS       equ	3762	;# 
  2564   000EB3                     SSP1DATPPS      equ	3763	;# 
  2565   000EB3                     SSPDATPPS       equ	3763	;# 
  2566   000EB4                     SSP1SSPPS       equ	3764	;# 
  2567   000EB4                     SSPSSPPS        equ	3764	;# 
  2568   000EB5                     IPR0            equ	3765	;# 
  2569   000EB6                     IPR1            equ	3766	;# 
  2570   000EB7                     IPR2            equ	3767	;# 
  2571   000EB8                     IPR3            equ	3768	;# 
  2572   000EB9                     IPR4            equ	3769	;# 
  2573   000EBA                     IPR5            equ	3770	;# 
  2574   000EBB                     IPR6            equ	3771	;# 
  2575   000EBC                     IPR7            equ	3772	;# 
  2576   000EBD                     PIE0            equ	3773	;# 
  2577   000EBE                     PIE1            equ	3774	;# 
  2578   000EBF                     PIE2            equ	3775	;# 
  2579   000EC0                     PIE3            equ	3776	;# 
  2580   000EC1                     PIE4            equ	3777	;# 
  2581   000EC2                     PIE5            equ	3778	;# 
  2582   000EC3                     PIE6            equ	3779	;# 
  2583   000EC4                     PIE7            equ	3780	;# 
  2584   000EC5                     PIR0            equ	3781	;# 
  2585   000EC6                     PIR1            equ	3782	;# 
  2586   000EC7                     PIR2            equ	3783	;# 
  2587   000EC8                     PIR3            equ	3784	;# 
  2588   000EC9                     PIR4            equ	3785	;# 
  2589   000ECA                     PIR5            equ	3786	;# 
  2590   000ECB                     PIR6            equ	3787	;# 
  2591   000ECC                     PIR7            equ	3788	;# 
  2592   000ECD                     WDTCON0         equ	3789	;# 
  2593   000ECE                     WDTCON1         equ	3790	;# 
  2594   000ECF                     WDTPSL          equ	3791	;# 
  2595   000ED0                     WDTPSH          equ	3792	;# 
  2596   000ED1                     WDTTMR          equ	3793	;# 
  2597   000ED2                     CPUDOZE         equ	3794	;# 
  2598   000ED3                     OSCCON1         equ	3795	;# 
  2599   000ED4                     OSCCON2         equ	3796	;# 
  2600   000ED5                     OSCCON3         equ	3797	;# 
  2601   000ED6                     OSCSTAT         equ	3798	;# 
  2602   000ED6                     OSCSTAT1        equ	3798	;# 
  2603   000ED7                     OSCEN           equ	3799	;# 
  2604   000ED8                     OSCTUNE         equ	3800	;# 
  2605   000ED9                     OSCFRQ          equ	3801	;# 
  2606   000ED9                     OSCFREQ         equ	3801	;# 
  2607   000EDA                     VREGCON         equ	3802	;# 
  2608   000EDB                     BORCON          equ	3803	;# 
  2609   000EDC                     PMD0            equ	3804	;# 
  2610   000EDD                     PMD1            equ	3805	;# 
  2611   000EDE                     PMD2            equ	3806	;# 
  2612   000EDF                     PMD3            equ	3807	;# 
  2613   000EE0                     PMD4            equ	3808	;# 
  2614   000EE1                     PMD5            equ	3809	;# 
  2615   000EE2                     RA0PPS          equ	3810	;# 
  2616   000EE3                     RA1PPS          equ	3811	;# 
  2617   000EE4                     RA2PPS          equ	3812	;# 
  2618   000EE5                     RA3PPS          equ	3813	;# 
  2619   000EE6                     RA4PPS          equ	3814	;# 
  2620   000EE7                     RA5PPS          equ	3815	;# 
  2621   000EE8                     RA6PPS          equ	3816	;# 
  2622   000EE9                     RA7PPS          equ	3817	;# 
  2623   000EEA                     RB0PPS          equ	3818	;# 
  2624   000EEB                     RB1PPS          equ	3819	;# 
  2625   000EEC                     RB2PPS          equ	3820	;# 
  2626   000EED                     RB3PPS          equ	3821	;# 
  2627   000EEE                     RB4PPS          equ	3822	;# 
  2628   000EEF                     RB5PPS          equ	3823	;# 
  2629   000EF0                     RB6PPS          equ	3824	;# 
  2630   000EF1                     RB7PPS          equ	3825	;# 
  2631   000EF2                     RC0PPS          equ	3826	;# 
  2632   000EF3                     RC1PPS          equ	3827	;# 
  2633   000EF4                     RC2PPS          equ	3828	;# 
  2634   000EF5                     RC3PPS          equ	3829	;# 
  2635   000EF6                     RC4PPS          equ	3830	;# 
  2636   000EF7                     RC5PPS          equ	3831	;# 
  2637   000EF8                     RC6PPS          equ	3832	;# 
  2638   000EF9                     RC7PPS          equ	3833	;# 
  2639   000EFA                     RD0PPS          equ	3834	;# 
  2640   000EFB                     RD1PPS          equ	3835	;# 
  2641   000EFC                     RD2PPS          equ	3836	;# 
  2642   000EFD                     RD3PPS          equ	3837	;# 
  2643   000EFE                     RD4PPS          equ	3838	;# 
  2644   000EFF                     RD5PPS          equ	3839	;# 
  2645   000F00                     RD6PPS          equ	3840	;# 
  2646   000F01                     RD7PPS          equ	3841	;# 
  2647   000F02                     RE0PPS          equ	3842	;# 
  2648   000F03                     RE1PPS          equ	3843	;# 
  2649   000F04                     RE2PPS          equ	3844	;# 
  2650   000F05                     IOCAF           equ	3845	;# 
  2651   000F06                     IOCAN           equ	3846	;# 
  2652   000F07                     IOCAP           equ	3847	;# 
  2653   000F08                     INLVLA          equ	3848	;# 
  2654   000F09                     SLRCONA         equ	3849	;# 
  2655   000F0A                     ODCONA          equ	3850	;# 
  2656   000F0B                     WPUA            equ	3851	;# 
  2657   000F0C                     ANSELA          equ	3852	;# 
  2658   000F0D                     IOCBF           equ	3853	;# 
  2659   000F0E                     IOCBN           equ	3854	;# 
  2660   000F0F                     IOCBP           equ	3855	;# 
  2661   000F10                     INLVLB          equ	3856	;# 
  2662   000F11                     SLRCONB         equ	3857	;# 
  2663   000F12                     ODCONB          equ	3858	;# 
  2664   000F13                     WPUB            equ	3859	;# 
  2665   000F14                     ANSELB          equ	3860	;# 
  2666   000F15                     IOCCF           equ	3861	;# 
  2667   000F16                     IOCCN           equ	3862	;# 
  2668   000F17                     IOCCP           equ	3863	;# 
  2669   000F18                     INLVLC          equ	3864	;# 
  2670   000F19                     SLRCONC         equ	3865	;# 
  2671   000F1A                     ODCONC          equ	3866	;# 
  2672   000F1B                     WPUC            equ	3867	;# 
  2673   000F1C                     ANSELC          equ	3868	;# 
  2674   000F1D                     INLVLD          equ	3869	;# 
  2675   000F1E                     SLRCOND         equ	3870	;# 
  2676   000F1F                     ODCOND          equ	3871	;# 
  2677   000F20                     WPUD            equ	3872	;# 
  2678   000F21                     ANSELD          equ	3873	;# 
  2679   000F22                     IOCEF           equ	3874	;# 
  2680   000F23                     IOCEN           equ	3875	;# 
  2681   000F24                     IOCEP           equ	3876	;# 
  2682   000F25                     INLVLE          equ	3877	;# 
  2683   000F26                     SLRCONE         equ	3878	;# 
  2684   000F27                     ODCONE          equ	3879	;# 
  2685   000F28                     WPUE            equ	3880	;# 
  2686   000F29                     ANSELE          equ	3881	;# 
  2687   000F2A                     HLVDCON0        equ	3882	;# 
  2688   000F2B                     HLVDCON1        equ	3883	;# 
  2689   000F2C                     FVRCON          equ	3884	;# 
  2690   000F2D                     ZCDCON          equ	3885	;# 
  2691   000F2E                     DAC1CON0        equ	3886	;# 
  2692   000F2F                     DAC1CON1        equ	3887	;# 
  2693   000F30                     CM2CON0         equ	3888	;# 
  2694   000F31                     CM2CON1         equ	3889	;# 
  2695   000F32                     CM2NCH          equ	3890	;# 
  2696   000F33                     CM2PCH          equ	3891	;# 
  2697   000F34                     CM1CON0         equ	3892	;# 
  2698   000F35                     CM1CON1         equ	3893	;# 
  2699   000F36                     CM1NCH          equ	3894	;# 
  2700   000F37                     CM1PCH          equ	3895	;# 
  2701   000F38                     CMOUT           equ	3896	;# 
  2702   000F39                     CLKRCON         equ	3897	;# 
  2703   000F3A                     CLKRCLK         equ	3898	;# 
  2704   000F3B                     CWG1CLK         equ	3899	;# 
  2705   000F3B                     CWG1CLKCON      equ	3899	;# 
  2706   000F3C                     CWG1ISM         equ	3900	;# 
  2707   000F3D                     CWG1DBR         equ	3901	;# 
  2708   000F3E                     CWG1DBF         equ	3902	;# 
  2709   000F3F                     CWG1CON0        equ	3903	;# 
  2710   000F40                     CWG1CON1        equ	3904	;# 
  2711   000F41                     CWG1AS0         equ	3905	;# 
  2712   000F42                     CWG1AS1         equ	3906	;# 
  2713   000F43                     CWG1STR         equ	3907	;# 
  2714   000F44                     SCANLADR        equ	3908	;# 
  2715   000F44                     SCANLADRL       equ	3908	;# 
  2716   000F45                     SCANLADRH       equ	3909	;# 
  2717   000F46                     SCANLADRU       equ	3910	;# 
  2718   000F47                     SCANHADR        equ	3911	;# 
  2719   000F47                     SCANHADRL       equ	3911	;# 
  2720   000F48                     SCANHADRH       equ	3912	;# 
  2721   000F49                     SCANHADRU       equ	3913	;# 
  2722   000F4A                     SCANCON0        equ	3914	;# 
  2723   000F4B                     SCANTRIG        equ	3915	;# 
  2724   000F4C                     MDCON0          equ	3916	;# 
  2725   000F4D                     MDCON1          equ	3917	;# 
  2726   000F4E                     MDSRC           equ	3918	;# 
  2727   000F4F                     MDCARL          equ	3919	;# 
  2728   000F50                     MDCARH          equ	3920	;# 
  2729   000F51                     ADACT           equ	3921	;# 
  2730   000F52                     ADCLK           equ	3922	;# 
  2731   000F53                     ADREF           equ	3923	;# 
  2732   000F54                     ADCON1          equ	3924	;# 
  2733   000F55                     ADCON2          equ	3925	;# 
  2734   000F56                     ADCON3          equ	3926	;# 
  2735   000F57                     ADACQ           equ	3927	;# 
  2736   000F58                     ADCAP           equ	3928	;# 
  2737   000F59                     ADPRE           equ	3929	;# 
  2738   000F5A                     ADPCH           equ	3930	;# 
  2739   000F5B                     ADCON0          equ	3931	;# 
  2740   000F5C                     ADPREV          equ	3932	;# 
  2741   000F5C                     ADPREVL         equ	3932	;# 
  2742   000F5D                     ADPREVH         equ	3933	;# 
  2743   000F5E                     ADRES           equ	3934	;# 
  2744   000F5E                     ADRESL          equ	3934	;# 
  2745   000F5F                     ADRESH          equ	3935	;# 
  2746   000F60                     ADSTAT          equ	3936	;# 
  2747   000F61                     ADRPT           equ	3937	;# 
  2748   000F62                     ADCNT           equ	3938	;# 
  2749   000F63                     ADSTPT          equ	3939	;# 
  2750   000F63                     ADSTPTL         equ	3939	;# 
  2751   000F64                     ADSTPTH         equ	3940	;# 
  2752   000F65                     ADLTH           equ	3941	;# 
  2753   000F65                     ADLTHL          equ	3941	;# 
  2754   000F66                     ADLTHH          equ	3942	;# 
  2755   000F67                     ADUTH           equ	3943	;# 
  2756   000F67                     ADUTHL          equ	3943	;# 
  2757   000F68                     ADUTHH          equ	3944	;# 
  2758   000F69                     ADERR           equ	3945	;# 
  2759   000F69                     ADERRL          equ	3945	;# 
  2760   000F6A                     ADERRH          equ	3946	;# 
  2761   000F6B                     ADACC           equ	3947	;# 
  2762   000F6B                     ADACCL          equ	3947	;# 
  2763   000F6C                     ADACCH          equ	3948	;# 
  2764   000F6D                     ADFLTR          equ	3949	;# 
  2765   000F6D                     ADFLTRL         equ	3949	;# 
  2766   000F6E                     ADFLTRH         equ	3950	;# 
  2767   000F6F                     CRCDATA         equ	3951	;# 
  2768   000F6F                     CRCDATL         equ	3951	;# 
  2769   000F70                     CRCDATH         equ	3952	;# 
  2770   000F71                     CRCACC          equ	3953	;# 
  2771   000F71                     CRCACCL         equ	3953	;# 
  2772   000F72                     CRCACCH         equ	3954	;# 
  2773   000F73                     CRCSHFT         equ	3955	;# 
  2774   000F73                     CRCSHIFTL       equ	3955	;# 
  2775   000F74                     CRCSHIFTH       equ	3956	;# 
  2776   000F75                     CRCXOR          equ	3957	;# 
  2777   000F75                     CRCXORL         equ	3957	;# 
  2778   000F76                     CRCXORH         equ	3958	;# 
  2779   000F77                     CRCCON0         equ	3959	;# 
  2780   000F78                     CRCCON1         equ	3960	;# 
  2781   000F79                     NVMADR          equ	3961	;# 
  2782   000F79                     NVMADRL         equ	3961	;# 
  2783   000F7A                     NVMADRH         equ	3962	;# 
  2784   000F7B                     NVMADRU         equ	3963	;# 
  2785   000F7C                     NVMDAT          equ	3964	;# 
  2786   000F7C                     NVMDATL         equ	3964	;# 
  2787   000F7D                     NVMDATH         equ	3965	;# 
  2788   000F7F                     NVMCON0         equ	3967	;# 
  2789   000F80                     NVMCON1         equ	3968	;# 
  2790   000F81                     NVMCON2         equ	3969	;# 
  2791   000F82                     LATA            equ	3970	;# 
  2792   000F83                     LATB            equ	3971	;# 
  2793   000F84                     LATC            equ	3972	;# 
  2794   000F85                     LATD            equ	3973	;# 
  2795   000F86                     LATE            equ	3974	;# 
  2796   000F87                     TRISA           equ	3975	;# 
  2797   000F87                     DDRA            equ	3975	;# 
  2798   000F88                     TRISB           equ	3976	;# 
  2799   000F88                     DDRB            equ	3976	;# 
  2800   000F89                     TRISC           equ	3977	;# 
  2801   000F89                     DDRC            equ	3977	;# 
  2802   000F8A                     TRISD           equ	3978	;# 
  2803   000F8A                     DDRD            equ	3978	;# 
  2804   000F8B                     TRISE           equ	3979	;# 
  2805   000F8B                     DDRE            equ	3979	;# 
  2806   000F8C                     PORTA           equ	3980	;# 
  2807   000F8D                     PORTB           equ	3981	;# 
  2808   000F8E                     PORTC           equ	3982	;# 
  2809   000F8F                     PORTD           equ	3983	;# 
  2810   000F90                     PORTE           equ	3984	;# 
  2811   000F91                     SSP1BUF         equ	3985	;# 
  2812   000F92                     SSP1ADD         equ	3986	;# 
  2813   000F93                     SSP1MSK         equ	3987	;# 
  2814   000F94                     SSP1STAT        equ	3988	;# 
  2815   000F95                     SSP1CON1        equ	3989	;# 
  2816   000F96                     SSP1CON2        equ	3990	;# 
  2817   000F97                     SSP1CON3        equ	3991	;# 
  2818   000F98                     RC1REG          equ	3992	;# 
  2819   000F98                     RCREG           equ	3992	;# 
  2820   000F98                     RCREG1          equ	3992	;# 
  2821   000F99                     TX1REG          equ	3993	;# 
  2822   000F99                     TXREG1          equ	3993	;# 
  2823   000F99                     TXREG           equ	3993	;# 
  2824   000F9A                     SP1BRG          equ	3994	;# 
  2825   000F9A                     SPBRG           equ	3994	;# 
  2826   000F9A                     SP1BRGL         equ	3994	;# 
  2827   000F9A                     SPBRG1          equ	3994	;# 
  2828   000F9A                     SPBRGL          equ	3994	;# 
  2829   000F9B                     SP1BRGH         equ	3995	;# 
  2830   000F9B                     SPBRGH          equ	3995	;# 
  2831   000F9B                     SPBRGH1         equ	3995	;# 
  2832   000F9C                     RC1STA          equ	3996	;# 
  2833   000F9C                     RCSTA1          equ	3996	;# 
  2834   000F9C                     RCSTA           equ	3996	;# 
  2835   000F9D                     TX1STA          equ	3997	;# 
  2836   000F9D                     TXSTA1          equ	3997	;# 
  2837   000F9D                     TXSTA           equ	3997	;# 
  2838   000F9E                     BAUD1CON        equ	3998	;# 
  2839   000F9E                     BAUDCON1        equ	3998	;# 
  2840   000F9E                     BAUDCTL1        equ	3998	;# 
  2841   000F9E                     BAUDCON         equ	3998	;# 
  2842   000F9E                     BAUDCTL         equ	3998	;# 
  2843   000F9F                     PWM4DC          equ	3999	;# 
  2844   000F9F                     PWM4DCL         equ	3999	;# 
  2845   000FA0                     PWM4DCH         equ	4000	;# 
  2846   000FA1                     PWM4CON         equ	4001	;# 
  2847   000FA2                     PWM3DC          equ	4002	;# 
  2848   000FA2                     PWM3DCL         equ	4002	;# 
  2849   000FA3                     PWM3DCH         equ	4003	;# 
  2850   000FA4                     PWM3CON         equ	4004	;# 
  2851   000FA5                     CCPR2           equ	4005	;# 
  2852   000FA5                     CCPR2L          equ	4005	;# 
  2853   000FA6                     CCPR2H          equ	4006	;# 
  2854   000FA7                     CCP2CON         equ	4007	;# 
  2855   000FA8                     CCP2CAP         equ	4008	;# 
  2856   000FA9                     CCPR1           equ	4009	;# 
  2857   000FA9                     CCPR1L          equ	4009	;# 
  2858   000FAA                     CCPR1H          equ	4010	;# 
  2859   000FAB                     CCP1CON         equ	4011	;# 
  2860   000FAC                     CCP1CAP         equ	4012	;# 
  2861   000FAD                     CCPTMRS         equ	4013	;# 
  2862   000FAE                     T6TMR           equ	4014	;# 
  2863   000FAE                     TMR6            equ	4014	;# 
  2864   000FAF                     T6PR            equ	4015	;# 
  2865   000FAF                     PR6             equ	4015	;# 
  2866   000FB0                     T6CON           equ	4016	;# 
  2867   000FB1                     T6HLT           equ	4017	;# 
  2868   000FB2                     T6CLKCON        equ	4018	;# 
  2869   000FB2                     T6CLK           equ	4018	;# 
  2870   000FB3                     T6RST           equ	4019	;# 
  2871   000FB4                     T4TMR           equ	4020	;# 
  2872   000FB4                     TMR4            equ	4020	;# 
  2873   000FB5                     T4PR            equ	4021	;# 
  2874   000FB5                     PR4             equ	4021	;# 
  2875   000FB6                     T4CON           equ	4022	;# 
  2876   000FB7                     T4HLT           equ	4023	;# 
  2877   000FB8                     T4CLKCON        equ	4024	;# 
  2878   000FB8                     T4CLK           equ	4024	;# 
  2879   000FB9                     T4RST           equ	4025	;# 
  2880   000FBA                     T2TMR           equ	4026	;# 
  2881   000FBA                     TMR2            equ	4026	;# 
  2882   000FBB                     T2PR            equ	4027	;# 
  2883   000FBB                     PR2             equ	4027	;# 
  2884   000FBC                     T2CON           equ	4028	;# 
  2885   000FBD                     T2HLT           equ	4029	;# 
  2886   000FBE                     T2CLKCON        equ	4030	;# 
  2887   000FBE                     T2CLK           equ	4030	;# 
  2888   000FBF                     T2RST           equ	4031	;# 
  2889   000FC0                     TMR5            equ	4032	;# 
  2890   000FC0                     TMR5L           equ	4032	;# 
  2891   000FC1                     TMR5H           equ	4033	;# 
  2892   000FC2                     T5CON           equ	4034	;# 
  2893   000FC2                     TMR5CON         equ	4034	;# 
  2894   000FC3                     T5GCON          equ	4035	;# 
  2895   000FC3                     TMR5GCON        equ	4035	;# 
  2896   000FC4                     T5GATE          equ	4036	;# 
  2897   000FC4                     TMR5GATE        equ	4036	;# 
  2898   000FC5                     T5CLK           equ	4037	;# 
  2899   000FC5                     TMR5CLK         equ	4037	;# 
  2900   000FC5                     PR5             equ	4037	;# 
  2901   000FC6                     TMR3            equ	4038	;# 
  2902   000FC6                     TMR3L           equ	4038	;# 
  2903   000FC7                     TMR3H           equ	4039	;# 
  2904   000FC8                     T3CON           equ	4040	;# 
  2905   000FC8                     TMR3CON         equ	4040	;# 
  2906   000FC9                     T3GCON          equ	4041	;# 
  2907   000FC9                     TMR3GCON        equ	4041	;# 
  2908   000FCA                     T3GATE          equ	4042	;# 
  2909   000FCA                     TMR3GATE        equ	4042	;# 
  2910   000FCB                     T3CLK           equ	4043	;# 
  2911   000FCB                     TMR3CLK         equ	4043	;# 
  2912   000FCB                     PR3             equ	4043	;# 
  2913   000FCC                     TMR1            equ	4044	;# 
  2914   000FCC                     TMR1L           equ	4044	;# 
  2915   000FCD                     TMR1H           equ	4045	;# 
  2916   000FCE                     T1CON           equ	4046	;# 
  2917   000FCE                     TMR1CON         equ	4046	;# 
  2918   000FCF                     T1GCON          equ	4047	;# 
  2919   000FCF                     TMR1GCON        equ	4047	;# 
  2920   000FD0                     T1GATE          equ	4048	;# 
  2921   000FD0                     TMR1GATE        equ	4048	;# 
  2922   000FD1                     T1CLK           equ	4049	;# 
  2923   000FD1                     TMR1CLK         equ	4049	;# 
  2924   000FD1                     PR1             equ	4049	;# 
  2925   000FD2                     TMR0L           equ	4050	;# 
  2926   000FD2                     TMR0            equ	4050	;# 
  2927   000FD3                     TMR0H           equ	4051	;# 
  2928   000FD3                     PR0             equ	4051	;# 
  2929   000FD4                     T0CON0          equ	4052	;# 
  2930   000FD5                     T0CON1          equ	4053	;# 
  2931   000FD6                     PCON1           equ	4054	;# 
  2932   000FD7                     PCON0           equ	4055	;# 
  2933   000FD8                     STATUS          equ	4056	;# 
  2934   000FD9                     FSR2            equ	4057	;# 
  2935   000FD9                     FSR2L           equ	4057	;# 
  2936   000FDA                     FSR2H           equ	4058	;# 
  2937   000FDB                     PLUSW2          equ	4059	;# 
  2938   000FDC                     PREINC2         equ	4060	;# 
  2939   000FDD                     POSTDEC2        equ	4061	;# 
  2940   000FDE                     POSTINC2        equ	4062	;# 
  2941   000FDF                     INDF2           equ	4063	;# 
  2942   000FE0                     BSR             equ	4064	;# 
  2943   000FE1                     FSR1            equ	4065	;# 
  2944   000FE1                     FSR1L           equ	4065	;# 
  2945   000FE2                     FSR1H           equ	4066	;# 
  2946   000FE3                     PLUSW1          equ	4067	;# 
  2947   000FE4                     PREINC1         equ	4068	;# 
  2948   000FE5                     POSTDEC1        equ	4069	;# 
  2949   000FE6                     POSTINC1        equ	4070	;# 
  2950   000FE7                     INDF1           equ	4071	;# 
  2951   000FE8                     WREG            equ	4072	;# 
  2952   000FE9                     FSR0            equ	4073	;# 
  2953   000FE9                     FSR0L           equ	4073	;# 
  2954   000FEA                     FSR0H           equ	4074	;# 
  2955   000FEB                     PLUSW0          equ	4075	;# 
  2956   000FEC                     PREINC0         equ	4076	;# 
  2957   000FED                     POSTDEC0        equ	4077	;# 
  2958   000FEE                     POSTINC0        equ	4078	;# 
  2959   000FEF                     INDF0           equ	4079	;# 
  2960   000FF2                     INTCON          equ	4082	;# 
  2961   000FF3                     PROD            equ	4083	;# 
  2962   000FF3                     PRODL           equ	4083	;# 
  2963   000FF4                     PRODH           equ	4084	;# 
  2964   000FF5                     TABLAT          equ	4085	;# 
  2965   000FF6                     TBLPTR          equ	4086	;# 
  2966   000FF6                     TBLPTRL         equ	4086	;# 
  2967   000FF7                     TBLPTRH         equ	4087	;# 
  2968   000FF8                     TBLPTRU         equ	4088	;# 
  2969   000FF9                     PCLAT           equ	4089	;# 
  2970   000FF9                     PCL             equ	4089	;# 
  2971   000FFA                     PCLATH          equ	4090	;# 
  2972   000FFB                     PCLATU          equ	4091	;# 
  2973   000FFC                     STKPTR          equ	4092	;# 
  2974   000FFD                     TOS             equ	4093	;# 
  2975   000FFD                     TOSL            equ	4093	;# 
  2976   000FFE                     TOSH            equ	4094	;# 
  2977   000FFF                     TOSU            equ	4095	;# 
  2978   000E1F                     CLCIN0PPS       equ	3615	;# 
  2979   000E20                     CLCIN1PPS       equ	3616	;# 
  2980   000E21                     CLCIN2PPS       equ	3617	;# 
  2981   000E22                     CLCIN3PPS       equ	3618	;# 
  2982   000E23                     CLCIN4PPS       equ	3619	;# 
  2983   000E24                     CLCIN5PPS       equ	3620	;# 
  2984   000E25                     CLCIN6PPS       equ	3621	;# 
  2985   000E26                     CLCIN7PPS       equ	3622	;# 
  2986   000E27                     CLC1CON         equ	3623	;# 
  2987   000E28                     CLC1POL         equ	3624	;# 
  2988   000E29                     CLC1SEL0        equ	3625	;# 
  2989   000E2A                     CLC1SEL1        equ	3626	;# 
  2990   000E2B                     CLC1SEL2        equ	3627	;# 
  2991   000E2C                     CLC1SEL3        equ	3628	;# 
  2992   000E2D                     CLC1GLS0        equ	3629	;# 
  2993   000E2E                     CLC1GLS1        equ	3630	;# 
  2994   000E2F                     CLC1GLS2        equ	3631	;# 
  2995   000E30                     CLC1GLS3        equ	3632	;# 
  2996   000E31                     CLC2CON         equ	3633	;# 
  2997   000E32                     CLC2POL         equ	3634	;# 
  2998   000E33                     CLC2SEL0        equ	3635	;# 
  2999   000E34                     CLC2SEL1        equ	3636	;# 
  3000   000E35                     CLC2SEL2        equ	3637	;# 
  3001   000E36                     CLC2SEL3        equ	3638	;# 
  3002   000E37                     CLC2GLS0        equ	3639	;# 
  3003   000E38                     CLC2GLS1        equ	3640	;# 
  3004   000E39                     CLC2GLS2        equ	3641	;# 
  3005   000E3A                     CLC2GLS3        equ	3642	;# 
  3006   000E3B                     CLC3CON         equ	3643	;# 
  3007   000E3C                     CLC3POL         equ	3644	;# 
  3008   000E3D                     CLC3SEL0        equ	3645	;# 
  3009   000E3E                     CLC3SEL1        equ	3646	;# 
  3010   000E3F                     CLC3SEL2        equ	3647	;# 
  3011   000E40                     CLC3SEL3        equ	3648	;# 
  3012   000E41                     CLC3GLS0        equ	3649	;# 
  3013   000E42                     CLC3GLS1        equ	3650	;# 
  3014   000E43                     CLC3GLS2        equ	3651	;# 
  3015   000E44                     CLC3GLS3        equ	3652	;# 
  3016   000E45                     CLC4CON         equ	3653	;# 
  3017   000E46                     CLC4POL         equ	3654	;# 
  3018   000E47                     CLC4SEL0        equ	3655	;# 
  3019   000E48                     CLC4SEL1        equ	3656	;# 
  3020   000E49                     CLC4SEL2        equ	3657	;# 
  3021   000E4A                     CLC4SEL3        equ	3658	;# 
  3022   000E4B                     CLC4GLS0        equ	3659	;# 
  3023   000E4C                     CLC4GLS1        equ	3660	;# 
  3024   000E4D                     CLC4GLS2        equ	3661	;# 
  3025   000E4E                     CLC4GLS3        equ	3662	;# 
  3026   000E4F                     CLC5CON         equ	3663	;# 
  3027   000E50                     CLC5POL         equ	3664	;# 
  3028   000E51                     CLC5SEL0        equ	3665	;# 
  3029   000E52                     CLC5SEL1        equ	3666	;# 
  3030   000E53                     CLC5SEL2        equ	3667	;# 
  3031   000E54                     CLC5SEL3        equ	3668	;# 
  3032   000E55                     CLC5GLS0        equ	3669	;# 
  3033   000E56                     CLC5GLS1        equ	3670	;# 
  3034   000E57                     CLC5GLS2        equ	3671	;# 
  3035   000E58                     CLC5GLS3        equ	3672	;# 
  3036   000E59                     CLC6CON         equ	3673	;# 
  3037   000E5A                     CLC6POL         equ	3674	;# 
  3038   000E5B                     CLC6SEL0        equ	3675	;# 
  3039   000E5C                     CLC6SEL1        equ	3676	;# 
  3040   000E5D                     CLC6SEL2        equ	3677	;# 
  3041   000E5E                     CLC6SEL3        equ	3678	;# 
  3042   000E5F                     CLC6GLS0        equ	3679	;# 
  3043   000E60                     CLC6GLS1        equ	3680	;# 
  3044   000E61                     CLC6GLS2        equ	3681	;# 
  3045   000E62                     CLC6GLS3        equ	3682	;# 
  3046   000E63                     CLC7CON         equ	3683	;# 
  3047   000E64                     CLC7POL         equ	3684	;# 
  3048   000E65                     CLC7SEL0        equ	3685	;# 
  3049   000E66                     CLC7SEL1        equ	3686	;# 
  3050   000E67                     CLC7SEL2        equ	3687	;# 
  3051   000E68                     CLC7SEL3        equ	3688	;# 
  3052   000E69                     CLC7GLS0        equ	3689	;# 
  3053   000E6A                     CLC7GLS1        equ	3690	;# 
  3054   000E6B                     CLC7GLS2        equ	3691	;# 
  3055   000E6C                     CLC7GLS3        equ	3692	;# 
  3056   000E6D                     CLC8CON         equ	3693	;# 
  3057   000E6E                     CLC8POL         equ	3694	;# 
  3058   000E6F                     CLC8SEL0        equ	3695	;# 
  3059   000E70                     CLC8SEL1        equ	3696	;# 
  3060   000E71                     CLC8SEL2        equ	3697	;# 
  3061   000E72                     CLC8SEL3        equ	3698	;# 
  3062   000E73                     CLC8GLS0        equ	3699	;# 
  3063   000E74                     CLC8GLS1        equ	3700	;# 
  3064   000E75                     CLC8GLS2        equ	3701	;# 
  3065   000E76                     CLC8GLS3        equ	3702	;# 
  3066   000E77                     CLCDATA         equ	3703	;# 
  3067   000E88                     RX2PPS          equ	3720	;# 
  3068   000E88                     RXDT2PPS        equ	3720	;# 
  3069   000E89                     CK2PPS          equ	3721	;# 
  3070   000E89                     TXCK2PPS        equ	3721	;# 
  3071   000E89                     TX2PPS          equ	3721	;# 
  3072   000E8A                     SSP2CLKPPS      equ	3722	;# 
  3073   000E8B                     SSP2DATPPS      equ	3723	;# 
  3074   000E8C                     SSP2SSPPS       equ	3724	;# 
  3075   000E8D                     SSP2BUF         equ	3725	;# 
  3076   000E8E                     SSP2ADD         equ	3726	;# 
  3077   000E8F                     SSP2MSK         equ	3727	;# 
  3078   000E90                     SSP2STAT        equ	3728	;# 
  3079   000E91                     SSP2CON1        equ	3729	;# 
  3080   000E92                     SSP2CON2        equ	3730	;# 
  3081   000E93                     SSP2CON3        equ	3731	;# 
  3082   000E94                     RC2REG          equ	3732	;# 
  3083   000E94                     RCREG2          equ	3732	;# 
  3084   000E95                     TX2REG          equ	3733	;# 
  3085   000E95                     TXREG2          equ	3733	;# 
  3086   000E96                     SP2BRG          equ	3734	;# 
  3087   000E96                     SP2BRGL         equ	3734	;# 
  3088   000E96                     SPBRG2          equ	3734	;# 
  3089   000E97                     SP2BRGH         equ	3735	;# 
  3090   000E97                     SPBRGH2         equ	3735	;# 
  3091   000E98                     RC2STA          equ	3736	;# 
  3092   000E98                     RCSTA2          equ	3736	;# 
  3093   000E99                     TX2STA          equ	3737	;# 
  3094   000E99                     TXSTA2          equ	3737	;# 
  3095   000E9A                     BAUD2CON        equ	3738	;# 
  3096   000E9A                     BAUDCON2        equ	3738	;# 
  3097   000E9A                     BAUDCTL2        equ	3738	;# 
  3098   000E9B                     PPSLOCK         equ	3739	;# 
  3099   000E9C                     INT0PPS         equ	3740	;# 
  3100   000E9D                     INT1PPS         equ	3741	;# 
  3101   000E9E                     INT2PPS         equ	3742	;# 
  3102   000E9F                     T0CKIPPS        equ	3743	;# 
  3103   000EA0                     T1CKIPPS        equ	3744	;# 
  3104   000EA1                     T1GPPS          equ	3745	;# 
  3105   000EA2                     T3CKIPPS        equ	3746	;# 
  3106   000EA3                     T3GPPS          equ	3747	;# 
  3107   000EA4                     T5CKIPPS        equ	3748	;# 
  3108   000EA5                     T5GPPS          equ	3749	;# 
  3109   000EA6                     T2INPPS         equ	3750	;# 
  3110   000EA7                     T4INPPS         equ	3751	;# 
  3111   000EA8                     T6INPPS         equ	3752	;# 
  3112   000EA9                     ADACTPPS        equ	3753	;# 
  3113   000EAA                     CCP1PPS         equ	3754	;# 
  3114   000EAB                     CCP2PPS         equ	3755	;# 
  3115   000EAC                     CWG1PPS         equ	3756	;# 
  3116   000EAC                     CWGPPS          equ	3756	;# 
  3117   000EAC                     CWG1INPPS       equ	3756	;# 
  3118   000EAC                     CWGINPPS        equ	3756	;# 
  3119   000EAD                     MDCARLPPS       equ	3757	;# 
  3120   000EAE                     MDCARHPPS       equ	3758	;# 
  3121   000EAF                     MDSRCPPS        equ	3759	;# 
  3122   000EB0                     RX1PPS          equ	3760	;# 
  3123   000EB0                     RXPPS           equ	3760	;# 
  3124   000EB0                     RXDT1PPS        equ	3760	;# 
  3125   000EB1                     CK1PPS          equ	3761	;# 
  3126   000EB1                     TXPPS           equ	3761	;# 
  3127   000EB1                     CKPPS           equ	3761	;# 
  3128   000EB1                     TX1PPS          equ	3761	;# 
  3129   000EB1                     TXCK1PPS        equ	3761	;# 
  3130   000EB2                     SSP1CLKPPS      equ	3762	;# 
  3131   000EB2                     SSPCLKPPS       equ	3762	;# 
  3132   000EB3                     SSP1DATPPS      equ	3763	;# 
  3133   000EB3                     SSPDATPPS       equ	3763	;# 
  3134   000EB4                     SSP1SSPPS       equ	3764	;# 
  3135   000EB4                     SSPSSPPS        equ	3764	;# 
  3136   000EB5                     IPR0            equ	3765	;# 
  3137   000EB6                     IPR1            equ	3766	;# 
  3138   000EB7                     IPR2            equ	3767	;# 
  3139   000EB8                     IPR3            equ	3768	;# 
  3140   000EB9                     IPR4            equ	3769	;# 
  3141   000EBA                     IPR5            equ	3770	;# 
  3142   000EBB                     IPR6            equ	3771	;# 
  3143   000EBC                     IPR7            equ	3772	;# 
  3144   000EBD                     PIE0            equ	3773	;# 
  3145   000EBE                     PIE1            equ	3774	;# 
  3146   000EBF                     PIE2            equ	3775	;# 
  3147   000EC0                     PIE3            equ	3776	;# 
  3148   000EC1                     PIE4            equ	3777	;# 
  3149   000EC2                     PIE5            equ	3778	;# 
  3150   000EC3                     PIE6            equ	3779	;# 
  3151   000EC4                     PIE7            equ	3780	;# 
  3152   000EC5                     PIR0            equ	3781	;# 
  3153   000EC6                     PIR1            equ	3782	;# 
  3154   000EC7                     PIR2            equ	3783	;# 
  3155   000EC8                     PIR3            equ	3784	;# 
  3156   000EC9                     PIR4            equ	3785	;# 
  3157   000ECA                     PIR5            equ	3786	;# 
  3158   000ECB                     PIR6            equ	3787	;# 
  3159   000ECC                     PIR7            equ	3788	;# 
  3160   000ECD                     WDTCON0         equ	3789	;# 
  3161   000ECE                     WDTCON1         equ	3790	;# 
  3162   000ECF                     WDTPSL          equ	3791	;# 
  3163   000ED0                     WDTPSH          equ	3792	;# 
  3164   000ED1                     WDTTMR          equ	3793	;# 
  3165   000ED2                     CPUDOZE         equ	3794	;# 
  3166   000ED3                     OSCCON1         equ	3795	;# 
  3167   000ED4                     OSCCON2         equ	3796	;# 
  3168   000ED5                     OSCCON3         equ	3797	;# 
  3169   000ED6                     OSCSTAT         equ	3798	;# 
  3170   000ED6                     OSCSTAT1        equ	3798	;# 
  3171   000ED7                     OSCEN           equ	3799	;# 
  3172   000ED8                     OSCTUNE         equ	3800	;# 
  3173   000ED9                     OSCFRQ          equ	3801	;# 
  3174   000ED9                     OSCFREQ         equ	3801	;# 
  3175   000EDA                     VREGCON         equ	3802	;# 
  3176   000EDB                     BORCON          equ	3803	;# 
  3177   000EDC                     PMD0            equ	3804	;# 
  3178   000EDD                     PMD1            equ	3805	;# 
  3179   000EDE                     PMD2            equ	3806	;# 
  3180   000EDF                     PMD3            equ	3807	;# 
  3181   000EE0                     PMD4            equ	3808	;# 
  3182   000EE1                     PMD5            equ	3809	;# 
  3183   000EE2                     RA0PPS          equ	3810	;# 
  3184   000EE3                     RA1PPS          equ	3811	;# 
  3185   000EE4                     RA2PPS          equ	3812	;# 
  3186   000EE5                     RA3PPS          equ	3813	;# 
  3187   000EE6                     RA4PPS          equ	3814	;# 
  3188   000EE7                     RA5PPS          equ	3815	;# 
  3189   000EE8                     RA6PPS          equ	3816	;# 
  3190   000EE9                     RA7PPS          equ	3817	;# 
  3191   000EEA                     RB0PPS          equ	3818	;# 
  3192   000EEB                     RB1PPS          equ	3819	;# 
  3193   000EEC                     RB2PPS          equ	3820	;# 
  3194   000EED                     RB3PPS          equ	3821	;# 
  3195   000EEE                     RB4PPS          equ	3822	;# 
  3196   000EEF                     RB5PPS          equ	3823	;# 
  3197   000EF0                     RB6PPS          equ	3824	;# 
  3198   000EF1                     RB7PPS          equ	3825	;# 
  3199   000EF2                     RC0PPS          equ	3826	;# 
  3200   000EF3                     RC1PPS          equ	3827	;# 
  3201   000EF4                     RC2PPS          equ	3828	;# 
  3202   000EF5                     RC3PPS          equ	3829	;# 
  3203   000EF6                     RC4PPS          equ	3830	;# 
  3204   000EF7                     RC5PPS          equ	3831	;# 
  3205   000EF8                     RC6PPS          equ	3832	;# 
  3206   000EF9                     RC7PPS          equ	3833	;# 
  3207   000EFA                     RD0PPS          equ	3834	;# 
  3208   000EFB                     RD1PPS          equ	3835	;# 
  3209   000EFC                     RD2PPS          equ	3836	;# 
  3210   000EFD                     RD3PPS          equ	3837	;# 
  3211   000EFE                     RD4PPS          equ	3838	;# 
  3212   000EFF                     RD5PPS          equ	3839	;# 
  3213   000F00                     RD6PPS          equ	3840	;# 
  3214   000F01                     RD7PPS          equ	3841	;# 
  3215   000F02                     RE0PPS          equ	3842	;# 
  3216   000F03                     RE1PPS          equ	3843	;# 
  3217   000F04                     RE2PPS          equ	3844	;# 
  3218   000F05                     IOCAF           equ	3845	;# 
  3219   000F06                     IOCAN           equ	3846	;# 
  3220   000F07                     IOCAP           equ	3847	;# 
  3221   000F08                     INLVLA          equ	3848	;# 
  3222   000F09                     SLRCONA         equ	3849	;# 
  3223   000F0A                     ODCONA          equ	3850	;# 
  3224   000F0B                     WPUA            equ	3851	;# 
  3225   000F0C                     ANSELA          equ	3852	;# 
  3226   000F0D                     IOCBF           equ	3853	;# 
  3227   000F0E                     IOCBN           equ	3854	;# 
  3228   000F0F                     IOCBP           equ	3855	;# 
  3229   000F10                     INLVLB          equ	3856	;# 
  3230   000F11                     SLRCONB         equ	3857	;# 
  3231   000F12                     ODCONB          equ	3858	;# 
  3232   000F13                     WPUB            equ	3859	;# 
  3233   000F14                     ANSELB          equ	3860	;# 
  3234   000F15                     IOCCF           equ	3861	;# 
  3235   000F16                     IOCCN           equ	3862	;# 
  3236   000F17                     IOCCP           equ	3863	;# 
  3237   000F18                     INLVLC          equ	3864	;# 
  3238   000F19                     SLRCONC         equ	3865	;# 
  3239   000F1A                     ODCONC          equ	3866	;# 
  3240   000F1B                     WPUC            equ	3867	;# 
  3241   000F1C                     ANSELC          equ	3868	;# 
  3242   000F1D                     INLVLD          equ	3869	;# 
  3243   000F1E                     SLRCOND         equ	3870	;# 
  3244   000F1F                     ODCOND          equ	3871	;# 
  3245   000F20                     WPUD            equ	3872	;# 
  3246   000F21                     ANSELD          equ	3873	;# 
  3247   000F22                     IOCEF           equ	3874	;# 
  3248   000F23                     IOCEN           equ	3875	;# 
  3249   000F24                     IOCEP           equ	3876	;# 
  3250   000F25                     INLVLE          equ	3877	;# 
  3251   000F26                     SLRCONE         equ	3878	;# 
  3252   000F27                     ODCONE          equ	3879	;# 
  3253   000F28                     WPUE            equ	3880	;# 
  3254   000F29                     ANSELE          equ	3881	;# 
  3255   000F2A                     HLVDCON0        equ	3882	;# 
  3256   000F2B                     HLVDCON1        equ	3883	;# 
  3257   000F2C                     FVRCON          equ	3884	;# 
  3258   000F2D                     ZCDCON          equ	3885	;# 
  3259   000F2E                     DAC1CON0        equ	3886	;# 
  3260   000F2F                     DAC1CON1        equ	3887	;# 
  3261   000F30                     CM2CON0         equ	3888	;# 
  3262   000F31                     CM2CON1         equ	3889	;# 
  3263   000F32                     CM2NCH          equ	3890	;# 
  3264   000F33                     CM2PCH          equ	3891	;# 
  3265   000F34                     CM1CON0         equ	3892	;# 
  3266   000F35                     CM1CON1         equ	3893	;# 
  3267   000F36                     CM1NCH          equ	3894	;# 
  3268   000F37                     CM1PCH          equ	3895	;# 
  3269   000F38                     CMOUT           equ	3896	;# 
  3270   000F39                     CLKRCON         equ	3897	;# 
  3271   000F3A                     CLKRCLK         equ	3898	;# 
  3272   000F3B                     CWG1CLK         equ	3899	;# 
  3273   000F3B                     CWG1CLKCON      equ	3899	;# 
  3274   000F3C                     CWG1ISM         equ	3900	;# 
  3275   000F3D                     CWG1DBR         equ	3901	;# 
  3276   000F3E                     CWG1DBF         equ	3902	;# 
  3277   000F3F                     CWG1CON0        equ	3903	;# 
  3278   000F40                     CWG1CON1        equ	3904	;# 
  3279   000F41                     CWG1AS0         equ	3905	;# 
  3280   000F42                     CWG1AS1         equ	3906	;# 
  3281   000F43                     CWG1STR         equ	3907	;# 
  3282   000F44                     SCANLADR        equ	3908	;# 
  3283   000F44                     SCANLADRL       equ	3908	;# 
  3284   000F45                     SCANLADRH       equ	3909	;# 
  3285   000F46                     SCANLADRU       equ	3910	;# 
  3286   000F47                     SCANHADR        equ	3911	;# 
  3287   000F47                     SCANHADRL       equ	3911	;# 
  3288   000F48                     SCANHADRH       equ	3912	;# 
  3289   000F49                     SCANHADRU       equ	3913	;# 
  3290   000F4A                     SCANCON0        equ	3914	;# 
  3291   000F4B                     SCANTRIG        equ	3915	;# 
  3292   000F4C                     MDCON0          equ	3916	;# 
  3293   000F4D                     MDCON1          equ	3917	;# 
  3294   000F4E                     MDSRC           equ	3918	;# 
  3295   000F4F                     MDCARL          equ	3919	;# 
  3296   000F50                     MDCARH          equ	3920	;# 
  3297   000F51                     ADACT           equ	3921	;# 
  3298   000F52                     ADCLK           equ	3922	;# 
  3299   000F53                     ADREF           equ	3923	;# 
  3300   000F54                     ADCON1          equ	3924	;# 
  3301   000F55                     ADCON2          equ	3925	;# 
  3302   000F56                     ADCON3          equ	3926	;# 
  3303   000F57                     ADACQ           equ	3927	;# 
  3304   000F58                     ADCAP           equ	3928	;# 
  3305   000F59                     ADPRE           equ	3929	;# 
  3306   000F5A                     ADPCH           equ	3930	;# 
  3307   000F5B                     ADCON0          equ	3931	;# 
  3308   000F5C                     ADPREV          equ	3932	;# 
  3309   000F5C                     ADPREVL         equ	3932	;# 
  3310   000F5D                     ADPREVH         equ	3933	;# 
  3311   000F5E                     ADRES           equ	3934	;# 
  3312   000F5E                     ADRESL          equ	3934	;# 
  3313   000F5F                     ADRESH          equ	3935	;# 
  3314   000F60                     ADSTAT          equ	3936	;# 
  3315   000F61                     ADRPT           equ	3937	;# 
  3316   000F62                     ADCNT           equ	3938	;# 
  3317   000F63                     ADSTPT          equ	3939	;# 
  3318   000F63                     ADSTPTL         equ	3939	;# 
  3319   000F64                     ADSTPTH         equ	3940	;# 
  3320   000F65                     ADLTH           equ	3941	;# 
  3321   000F65                     ADLTHL          equ	3941	;# 
  3322   000F66                     ADLTHH          equ	3942	;# 
  3323   000F67                     ADUTH           equ	3943	;# 
  3324   000F67                     ADUTHL          equ	3943	;# 
  3325   000F68                     ADUTHH          equ	3944	;# 
  3326   000F69                     ADERR           equ	3945	;# 
  3327   000F69                     ADERRL          equ	3945	;# 
  3328   000F6A                     ADERRH          equ	3946	;# 
  3329   000F6B                     ADACC           equ	3947	;# 
  3330   000F6B                     ADACCL          equ	3947	;# 
  3331   000F6C                     ADACCH          equ	3948	;# 
  3332   000F6D                     ADFLTR          equ	3949	;# 
  3333   000F6D                     ADFLTRL         equ	3949	;# 
  3334   000F6E                     ADFLTRH         equ	3950	;# 
  3335   000F6F                     CRCDATA         equ	3951	;# 
  3336   000F6F                     CRCDATL         equ	3951	;# 
  3337   000F70                     CRCDATH         equ	3952	;# 
  3338   000F71                     CRCACC          equ	3953	;# 
  3339   000F71                     CRCACCL         equ	3953	;# 
  3340   000F72                     CRCACCH         equ	3954	;# 
  3341   000F73                     CRCSHFT         equ	3955	;# 
  3342   000F73                     CRCSHIFTL       equ	3955	;# 
  3343   000F74                     CRCSHIFTH       equ	3956	;# 
  3344   000F75                     CRCXOR          equ	3957	;# 
  3345   000F75                     CRCXORL         equ	3957	;# 
  3346   000F76                     CRCXORH         equ	3958	;# 
  3347   000F77                     CRCCON0         equ	3959	;# 
  3348   000F78                     CRCCON1         equ	3960	;# 
  3349   000F79                     NVMADR          equ	3961	;# 
  3350   000F79                     NVMADRL         equ	3961	;# 
  3351   000F7A                     NVMADRH         equ	3962	;# 
  3352   000F7B                     NVMADRU         equ	3963	;# 
  3353   000F7C                     NVMDAT          equ	3964	;# 
  3354   000F7C                     NVMDATL         equ	3964	;# 
  3355   000F7D                     NVMDATH         equ	3965	;# 
  3356   000F7F                     NVMCON0         equ	3967	;# 
  3357   000F80                     NVMCON1         equ	3968	;# 
  3358   000F81                     NVMCON2         equ	3969	;# 
  3359   000F82                     LATA            equ	3970	;# 
  3360   000F83                     LATB            equ	3971	;# 
  3361   000F84                     LATC            equ	3972	;# 
  3362   000F85                     LATD            equ	3973	;# 
  3363   000F86                     LATE            equ	3974	;# 
  3364   000F87                     TRISA           equ	3975	;# 
  3365   000F87                     DDRA            equ	3975	;# 
  3366   000F88                     TRISB           equ	3976	;# 
  3367   000F88                     DDRB            equ	3976	;# 
  3368   000F89                     TRISC           equ	3977	;# 
  3369   000F89                     DDRC            equ	3977	;# 
  3370   000F8A                     TRISD           equ	3978	;# 
  3371   000F8A                     DDRD            equ	3978	;# 
  3372   000F8B                     TRISE           equ	3979	;# 
  3373   000F8B                     DDRE            equ	3979	;# 
  3374   000F8C                     PORTA           equ	3980	;# 
  3375   000F8D                     PORTB           equ	3981	;# 
  3376   000F8E                     PORTC           equ	3982	;# 
  3377   000F8F                     PORTD           equ	3983	;# 
  3378   000F90                     PORTE           equ	3984	;# 
  3379   000F91                     SSP1BUF         equ	3985	;# 
  3380   000F92                     SSP1ADD         equ	3986	;# 
  3381   000F93                     SSP1MSK         equ	3987	;# 
  3382   000F94                     SSP1STAT        equ	3988	;# 
  3383   000F95                     SSP1CON1        equ	3989	;# 
  3384   000F96                     SSP1CON2        equ	3990	;# 
  3385   000F97                     SSP1CON3        equ	3991	;# 
  3386   000F98                     RC1REG          equ	3992	;# 
  3387   000F98                     RCREG           equ	3992	;# 
  3388   000F98                     RCREG1          equ	3992	;# 
  3389   000F99                     TX1REG          equ	3993	;# 
  3390   000F99                     TXREG1          equ	3993	;# 
  3391   000F99                     TXREG           equ	3993	;# 
  3392   000F9A                     SP1BRG          equ	3994	;# 
  3393   000F9A                     SPBRG           equ	3994	;# 
  3394   000F9A                     SP1BRGL         equ	3994	;# 
  3395   000F9A                     SPBRG1          equ	3994	;# 
  3396   000F9A                     SPBRGL          equ	3994	;# 
  3397   000F9B                     SP1BRGH         equ	3995	;# 
  3398   000F9B                     SPBRGH          equ	3995	;# 
  3399   000F9B                     SPBRGH1         equ	3995	;# 
  3400   000F9C                     RC1STA          equ	3996	;# 
  3401   000F9C                     RCSTA1          equ	3996	;# 
  3402   000F9C                     RCSTA           equ	3996	;# 
  3403   000F9D                     TX1STA          equ	3997	;# 
  3404   000F9D                     TXSTA1          equ	3997	;# 
  3405   000F9D                     TXSTA           equ	3997	;# 
  3406   000F9E                     BAUD1CON        equ	3998	;# 
  3407   000F9E                     BAUDCON1        equ	3998	;# 
  3408   000F9E                     BAUDCTL1        equ	3998	;# 
  3409   000F9E                     BAUDCON         equ	3998	;# 
  3410   000F9E                     BAUDCTL         equ	3998	;# 
  3411   000F9F                     PWM4DC          equ	3999	;# 
  3412   000F9F                     PWM4DCL         equ	3999	;# 
  3413   000FA0                     PWM4DCH         equ	4000	;# 
  3414   000FA1                     PWM4CON         equ	4001	;# 
  3415   000FA2                     PWM3DC          equ	4002	;# 
  3416   000FA2                     PWM3DCL         equ	4002	;# 
  3417   000FA3                     PWM3DCH         equ	4003	;# 
  3418   000FA4                     PWM3CON         equ	4004	;# 
  3419   000FA5                     CCPR2           equ	4005	;# 
  3420   000FA5                     CCPR2L          equ	4005	;# 
  3421   000FA6                     CCPR2H          equ	4006	;# 
  3422   000FA7                     CCP2CON         equ	4007	;# 
  3423   000FA8                     CCP2CAP         equ	4008	;# 
  3424   000FA9                     CCPR1           equ	4009	;# 
  3425   000FA9                     CCPR1L          equ	4009	;# 
  3426   000FAA                     CCPR1H          equ	4010	;# 
  3427   000FAB                     CCP1CON         equ	4011	;# 
  3428   000FAC                     CCP1CAP         equ	4012	;# 
  3429   000FAD                     CCPTMRS         equ	4013	;# 
  3430   000FAE                     T6TMR           equ	4014	;# 
  3431   000FAE                     TMR6            equ	4014	;# 
  3432   000FAF                     T6PR            equ	4015	;# 
  3433   000FAF                     PR6             equ	4015	;# 
  3434   000FB0                     T6CON           equ	4016	;# 
  3435   000FB1                     T6HLT           equ	4017	;# 
  3436   000FB2                     T6CLKCON        equ	4018	;# 
  3437   000FB2                     T6CLK           equ	4018	;# 
  3438   000FB3                     T6RST           equ	4019	;# 
  3439   000FB4                     T4TMR           equ	4020	;# 
  3440   000FB4                     TMR4            equ	4020	;# 
  3441   000FB5                     T4PR            equ	4021	;# 
  3442   000FB5                     PR4             equ	4021	;# 
  3443   000FB6                     T4CON           equ	4022	;# 
  3444   000FB7                     T4HLT           equ	4023	;# 
  3445   000FB8                     T4CLKCON        equ	4024	;# 
  3446   000FB8                     T4CLK           equ	4024	;# 
  3447   000FB9                     T4RST           equ	4025	;# 
  3448   000FBA                     T2TMR           equ	4026	;# 
  3449   000FBA                     TMR2            equ	4026	;# 
  3450   000FBB                     T2PR            equ	4027	;# 
  3451   000FBB                     PR2             equ	4027	;# 
  3452   000FBC                     T2CON           equ	4028	;# 
  3453   000FBD                     T2HLT           equ	4029	;# 
  3454   000FBE                     T2CLKCON        equ	4030	;# 
  3455   000FBE                     T2CLK           equ	4030	;# 
  3456   000FBF                     T2RST           equ	4031	;# 
  3457   000FC0                     TMR5            equ	4032	;# 
  3458   000FC0                     TMR5L           equ	4032	;# 
  3459   000FC1                     TMR5H           equ	4033	;# 
  3460   000FC2                     T5CON           equ	4034	;# 
  3461   000FC2                     TMR5CON         equ	4034	;# 
  3462   000FC3                     T5GCON          equ	4035	;# 
  3463   000FC3                     TMR5GCON        equ	4035	;# 
  3464   000FC4                     T5GATE          equ	4036	;# 
  3465   000FC4                     TMR5GATE        equ	4036	;# 
  3466   000FC5                     T5CLK           equ	4037	;# 
  3467   000FC5                     TMR5CLK         equ	4037	;# 
  3468   000FC5                     PR5             equ	4037	;# 
  3469   000FC6                     TMR3            equ	4038	;# 
  3470   000FC6                     TMR3L           equ	4038	;# 
  3471   000FC7                     TMR3H           equ	4039	;# 
  3472   000FC8                     T3CON           equ	4040	;# 
  3473   000FC8                     TMR3CON         equ	4040	;# 
  3474   000FC9                     T3GCON          equ	4041	;# 
  3475   000FC9                     TMR3GCON        equ	4041	;# 
  3476   000FCA                     T3GATE          equ	4042	;# 
  3477   000FCA                     TMR3GATE        equ	4042	;# 
  3478   000FCB                     T3CLK           equ	4043	;# 
  3479   000FCB                     TMR3CLK         equ	4043	;# 
  3480   000FCB                     PR3             equ	4043	;# 
  3481   000FCC                     TMR1            equ	4044	;# 
  3482   000FCC                     TMR1L           equ	4044	;# 
  3483   000FCD                     TMR1H           equ	4045	;# 
  3484   000FCE                     T1CON           equ	4046	;# 
  3485   000FCE                     TMR1CON         equ	4046	;# 
  3486   000FCF                     T1GCON          equ	4047	;# 
  3487   000FCF                     TMR1GCON        equ	4047	;# 
  3488   000FD0                     T1GATE          equ	4048	;# 
  3489   000FD0                     TMR1GATE        equ	4048	;# 
  3490   000FD1                     T1CLK           equ	4049	;# 
  3491   000FD1                     TMR1CLK         equ	4049	;# 
  3492   000FD1                     PR1             equ	4049	;# 
  3493   000FD2                     TMR0L           equ	4050	;# 
  3494   000FD2                     TMR0            equ	4050	;# 
  3495   000FD3                     TMR0H           equ	4051	;# 
  3496   000FD3                     PR0             equ	4051	;# 
  3497   000FD4                     T0CON0          equ	4052	;# 
  3498   000FD5                     T0CON1          equ	4053	;# 
  3499   000FD6                     PCON1           equ	4054	;# 
  3500   000FD7                     PCON0           equ	4055	;# 
  3501   000FD8                     STATUS          equ	4056	;# 
  3502   000FD9                     FSR2            equ	4057	;# 
  3503   000FD9                     FSR2L           equ	4057	;# 
  3504   000FDA                     FSR2H           equ	4058	;# 
  3505   000FDB                     PLUSW2          equ	4059	;# 
  3506   000FDC                     PREINC2         equ	4060	;# 
  3507   000FDD                     POSTDEC2        equ	4061	;# 
  3508   000FDE                     POSTINC2        equ	4062	;# 
  3509   000FDF                     INDF2           equ	4063	;# 
  3510   000FE0                     BSR             equ	4064	;# 
  3511   000FE1                     FSR1            equ	4065	;# 
  3512   000FE1                     FSR1L           equ	4065	;# 
  3513   000FE2                     FSR1H           equ	4066	;# 
  3514   000FE3                     PLUSW1          equ	4067	;# 
  3515   000FE4                     PREINC1         equ	4068	;# 
  3516   000FE5                     POSTDEC1        equ	4069	;# 
  3517   000FE6                     POSTINC1        equ	4070	;# 
  3518   000FE7                     INDF1           equ	4071	;# 
  3519   000FE8                     WREG            equ	4072	;# 
  3520   000FE9                     FSR0            equ	4073	;# 
  3521   000FE9                     FSR0L           equ	4073	;# 
  3522   000FEA                     FSR0H           equ	4074	;# 
  3523   000FEB                     PLUSW0          equ	4075	;# 
  3524   000FEC                     PREINC0         equ	4076	;# 
  3525   000FED                     POSTDEC0        equ	4077	;# 
  3526   000FEE                     POSTINC0        equ	4078	;# 
  3527   000FEF                     INDF0           equ	4079	;# 
  3528   000FF2                     INTCON          equ	4082	;# 
  3529   000FF3                     PROD            equ	4083	;# 
  3530   000FF3                     PRODL           equ	4083	;# 
  3531   000FF4                     PRODH           equ	4084	;# 
  3532   000FF5                     TABLAT          equ	4085	;# 
  3533   000FF6                     TBLPTR          equ	4086	;# 
  3534   000FF6                     TBLPTRL         equ	4086	;# 
  3535   000FF7                     TBLPTRH         equ	4087	;# 
  3536   000FF8                     TBLPTRU         equ	4088	;# 
  3537   000FF9                     PCLAT           equ	4089	;# 
  3538   000FF9                     PCL             equ	4089	;# 
  3539   000FFA                     PCLATH          equ	4090	;# 
  3540   000FFB                     PCLATU          equ	4091	;# 
  3541   000FFC                     STKPTR          equ	4092	;# 
  3542   000FFD                     TOS             equ	4093	;# 
  3543   000FFD                     TOSL            equ	4093	;# 
  3544   000FFE                     TOSH            equ	4094	;# 
  3545   000FFF                     TOSU            equ	4095	;# 
  3546   000E1F                     CLCIN0PPS       equ	3615	;# 
  3547   000E20                     CLCIN1PPS       equ	3616	;# 
  3548   000E21                     CLCIN2PPS       equ	3617	;# 
  3549   000E22                     CLCIN3PPS       equ	3618	;# 
  3550   000E23                     CLCIN4PPS       equ	3619	;# 
  3551   000E24                     CLCIN5PPS       equ	3620	;# 
  3552   000E25                     CLCIN6PPS       equ	3621	;# 
  3553   000E26                     CLCIN7PPS       equ	3622	;# 
  3554   000E27                     CLC1CON         equ	3623	;# 
  3555   000E28                     CLC1POL         equ	3624	;# 
  3556   000E29                     CLC1SEL0        equ	3625	;# 
  3557   000E2A                     CLC1SEL1        equ	3626	;# 
  3558   000E2B                     CLC1SEL2        equ	3627	;# 
  3559   000E2C                     CLC1SEL3        equ	3628	;# 
  3560   000E2D                     CLC1GLS0        equ	3629	;# 
  3561   000E2E                     CLC1GLS1        equ	3630	;# 
  3562   000E2F                     CLC1GLS2        equ	3631	;# 
  3563   000E30                     CLC1GLS3        equ	3632	;# 
  3564   000E31                     CLC2CON         equ	3633	;# 
  3565   000E32                     CLC2POL         equ	3634	;# 
  3566   000E33                     CLC2SEL0        equ	3635	;# 
  3567   000E34                     CLC2SEL1        equ	3636	;# 
  3568   000E35                     CLC2SEL2        equ	3637	;# 
  3569   000E36                     CLC2SEL3        equ	3638	;# 
  3570   000E37                     CLC2GLS0        equ	3639	;# 
  3571   000E38                     CLC2GLS1        equ	3640	;# 
  3572   000E39                     CLC2GLS2        equ	3641	;# 
  3573   000E3A                     CLC2GLS3        equ	3642	;# 
  3574   000E3B                     CLC3CON         equ	3643	;# 
  3575   000E3C                     CLC3POL         equ	3644	;# 
  3576   000E3D                     CLC3SEL0        equ	3645	;# 
  3577   000E3E                     CLC3SEL1        equ	3646	;# 
  3578   000E3F                     CLC3SEL2        equ	3647	;# 
  3579   000E40                     CLC3SEL3        equ	3648	;# 
  3580   000E41                     CLC3GLS0        equ	3649	;# 
  3581   000E42                     CLC3GLS1        equ	3650	;# 
  3582   000E43                     CLC3GLS2        equ	3651	;# 
  3583   000E44                     CLC3GLS3        equ	3652	;# 
  3584   000E45                     CLC4CON         equ	3653	;# 
  3585   000E46                     CLC4POL         equ	3654	;# 
  3586   000E47                     CLC4SEL0        equ	3655	;# 
  3587   000E48                     CLC4SEL1        equ	3656	;# 
  3588   000E49                     CLC4SEL2        equ	3657	;# 
  3589   000E4A                     CLC4SEL3        equ	3658	;# 
  3590   000E4B                     CLC4GLS0        equ	3659	;# 
  3591   000E4C                     CLC4GLS1        equ	3660	;# 
  3592   000E4D                     CLC4GLS2        equ	3661	;# 
  3593   000E4E                     CLC4GLS3        equ	3662	;# 
  3594   000E4F                     CLC5CON         equ	3663	;# 
  3595   000E50                     CLC5POL         equ	3664	;# 
  3596   000E51                     CLC5SEL0        equ	3665	;# 
  3597   000E52                     CLC5SEL1        equ	3666	;# 
  3598   000E53                     CLC5SEL2        equ	3667	;# 
  3599   000E54                     CLC5SEL3        equ	3668	;# 
  3600   000E55                     CLC5GLS0        equ	3669	;# 
  3601   000E56                     CLC5GLS1        equ	3670	;# 
  3602   000E57                     CLC5GLS2        equ	3671	;# 
  3603   000E58                     CLC5GLS3        equ	3672	;# 
  3604   000E59                     CLC6CON         equ	3673	;# 
  3605   000E5A                     CLC6POL         equ	3674	;# 
  3606   000E5B                     CLC6SEL0        equ	3675	;# 
  3607   000E5C                     CLC6SEL1        equ	3676	;# 
  3608   000E5D                     CLC6SEL2        equ	3677	;# 
  3609   000E5E                     CLC6SEL3        equ	3678	;# 
  3610   000E5F                     CLC6GLS0        equ	3679	;# 
  3611   000E60                     CLC6GLS1        equ	3680	;# 
  3612   000E61                     CLC6GLS2        equ	3681	;# 
  3613   000E62                     CLC6GLS3        equ	3682	;# 
  3614   000E63                     CLC7CON         equ	3683	;# 
  3615   000E64                     CLC7POL         equ	3684	;# 
  3616   000E65                     CLC7SEL0        equ	3685	;# 
  3617   000E66                     CLC7SEL1        equ	3686	;# 
  3618   000E67                     CLC7SEL2        equ	3687	;# 
  3619   000E68                     CLC7SEL3        equ	3688	;# 
  3620   000E69                     CLC7GLS0        equ	3689	;# 
  3621   000E6A                     CLC7GLS1        equ	3690	;# 
  3622   000E6B                     CLC7GLS2        equ	3691	;# 
  3623   000E6C                     CLC7GLS3        equ	3692	;# 
  3624   000E6D                     CLC8CON         equ	3693	;# 
  3625   000E6E                     CLC8POL         equ	3694	;# 
  3626   000E6F                     CLC8SEL0        equ	3695	;# 
  3627   000E70                     CLC8SEL1        equ	3696	;# 
  3628   000E71                     CLC8SEL2        equ	3697	;# 
  3629   000E72                     CLC8SEL3        equ	3698	;# 
  3630   000E73                     CLC8GLS0        equ	3699	;# 
  3631   000E74                     CLC8GLS1        equ	3700	;# 
  3632   000E75                     CLC8GLS2        equ	3701	;# 
  3633   000E76                     CLC8GLS3        equ	3702	;# 
  3634   000E77                     CLCDATA         equ	3703	;# 
  3635   000E88                     RX2PPS          equ	3720	;# 
  3636   000E88                     RXDT2PPS        equ	3720	;# 
  3637   000E89                     CK2PPS          equ	3721	;# 
  3638   000E89                     TXCK2PPS        equ	3721	;# 
  3639   000E89                     TX2PPS          equ	3721	;# 
  3640   000E8A                     SSP2CLKPPS      equ	3722	;# 
  3641   000E8B                     SSP2DATPPS      equ	3723	;# 
  3642   000E8C                     SSP2SSPPS       equ	3724	;# 
  3643   000E8D                     SSP2BUF         equ	3725	;# 
  3644   000E8E                     SSP2ADD         equ	3726	;# 
  3645   000E8F                     SSP2MSK         equ	3727	;# 
  3646   000E90                     SSP2STAT        equ	3728	;# 
  3647   000E91                     SSP2CON1        equ	3729	;# 
  3648   000E92                     SSP2CON2        equ	3730	;# 
  3649   000E93                     SSP2CON3        equ	3731	;# 
  3650   000E94                     RC2REG          equ	3732	;# 
  3651   000E94                     RCREG2          equ	3732	;# 
  3652   000E95                     TX2REG          equ	3733	;# 
  3653   000E95                     TXREG2          equ	3733	;# 
  3654   000E96                     SP2BRG          equ	3734	;# 
  3655   000E96                     SP2BRGL         equ	3734	;# 
  3656   000E96                     SPBRG2          equ	3734	;# 
  3657   000E97                     SP2BRGH         equ	3735	;# 
  3658   000E97                     SPBRGH2         equ	3735	;# 
  3659   000E98                     RC2STA          equ	3736	;# 
  3660   000E98                     RCSTA2          equ	3736	;# 
  3661   000E99                     TX2STA          equ	3737	;# 
  3662   000E99                     TXSTA2          equ	3737	;# 
  3663   000E9A                     BAUD2CON        equ	3738	;# 
  3664   000E9A                     BAUDCON2        equ	3738	;# 
  3665   000E9A                     BAUDCTL2        equ	3738	;# 
  3666   000E9B                     PPSLOCK         equ	3739	;# 
  3667   000E9C                     INT0PPS         equ	3740	;# 
  3668   000E9D                     INT1PPS         equ	3741	;# 
  3669   000E9E                     INT2PPS         equ	3742	;# 
  3670   000E9F                     T0CKIPPS        equ	3743	;# 
  3671   000EA0                     T1CKIPPS        equ	3744	;# 
  3672   000EA1                     T1GPPS          equ	3745	;# 
  3673   000EA2                     T3CKIPPS        equ	3746	;# 
  3674   000EA3                     T3GPPS          equ	3747	;# 
  3675   000EA4                     T5CKIPPS        equ	3748	;# 
  3676   000EA5                     T5GPPS          equ	3749	;# 
  3677   000EA6                     T2INPPS         equ	3750	;# 
  3678   000EA7                     T4INPPS         equ	3751	;# 
  3679   000EA8                     T6INPPS         equ	3752	;# 
  3680   000EA9                     ADACTPPS        equ	3753	;# 
  3681   000EAA                     CCP1PPS         equ	3754	;# 
  3682   000EAB                     CCP2PPS         equ	3755	;# 
  3683   000EAC                     CWG1PPS         equ	3756	;# 
  3684   000EAC                     CWGPPS          equ	3756	;# 
  3685   000EAC                     CWG1INPPS       equ	3756	;# 
  3686   000EAC                     CWGINPPS        equ	3756	;# 
  3687   000EAD                     MDCARLPPS       equ	3757	;# 
  3688   000EAE                     MDCARHPPS       equ	3758	;# 
  3689   000EAF                     MDSRCPPS        equ	3759	;# 
  3690   000EB0                     RX1PPS          equ	3760	;# 
  3691   000EB0                     RXPPS           equ	3760	;# 
  3692   000EB0                     RXDT1PPS        equ	3760	;# 
  3693   000EB1                     CK1PPS          equ	3761	;# 
  3694   000EB1                     TXPPS           equ	3761	;# 
  3695   000EB1                     CKPPS           equ	3761	;# 
  3696   000EB1                     TX1PPS          equ	3761	;# 
  3697   000EB1                     TXCK1PPS        equ	3761	;# 
  3698   000EB2                     SSP1CLKPPS      equ	3762	;# 
  3699   000EB2                     SSPCLKPPS       equ	3762	;# 
  3700   000EB3                     SSP1DATPPS      equ	3763	;# 
  3701   000EB3                     SSPDATPPS       equ	3763	;# 
  3702   000EB4                     SSP1SSPPS       equ	3764	;# 
  3703   000EB4                     SSPSSPPS        equ	3764	;# 
  3704   000EB5                     IPR0            equ	3765	;# 
  3705   000EB6                     IPR1            equ	3766	;# 
  3706   000EB7                     IPR2            equ	3767	;# 
  3707   000EB8                     IPR3            equ	3768	;# 
  3708   000EB9                     IPR4            equ	3769	;# 
  3709   000EBA                     IPR5            equ	3770	;# 
  3710   000EBB                     IPR6            equ	3771	;# 
  3711   000EBC                     IPR7            equ	3772	;# 
  3712   000EBD                     PIE0            equ	3773	;# 
  3713   000EBE                     PIE1            equ	3774	;# 
  3714   000EBF                     PIE2            equ	3775	;# 
  3715   000EC0                     PIE3            equ	3776	;# 
  3716   000EC1                     PIE4            equ	3777	;# 
  3717   000EC2                     PIE5            equ	3778	;# 
  3718   000EC3                     PIE6            equ	3779	;# 
  3719   000EC4                     PIE7            equ	3780	;# 
  3720   000EC5                     PIR0            equ	3781	;# 
  3721   000EC6                     PIR1            equ	3782	;# 
  3722   000EC7                     PIR2            equ	3783	;# 
  3723   000EC8                     PIR3            equ	3784	;# 
  3724   000EC9                     PIR4            equ	3785	;# 
  3725   000ECA                     PIR5            equ	3786	;# 
  3726   000ECB                     PIR6            equ	3787	;# 
  3727   000ECC                     PIR7            equ	3788	;# 
  3728   000ECD                     WDTCON0         equ	3789	;# 
  3729   000ECE                     WDTCON1         equ	3790	;# 
  3730   000ECF                     WDTPSL          equ	3791	;# 
  3731   000ED0                     WDTPSH          equ	3792	;# 
  3732   000ED1                     WDTTMR          equ	3793	;# 
  3733   000ED2                     CPUDOZE         equ	3794	;# 
  3734   000ED3                     OSCCON1         equ	3795	;# 
  3735   000ED4                     OSCCON2         equ	3796	;# 
  3736   000ED5                     OSCCON3         equ	3797	;# 
  3737   000ED6                     OSCSTAT         equ	3798	;# 
  3738   000ED6                     OSCSTAT1        equ	3798	;# 
  3739   000ED7                     OSCEN           equ	3799	;# 
  3740   000ED8                     OSCTUNE         equ	3800	;# 
  3741   000ED9                     OSCFRQ          equ	3801	;# 
  3742   000ED9                     OSCFREQ         equ	3801	;# 
  3743   000EDA                     VREGCON         equ	3802	;# 
  3744   000EDB                     BORCON          equ	3803	;# 
  3745   000EDC                     PMD0            equ	3804	;# 
  3746   000EDD                     PMD1            equ	3805	;# 
  3747   000EDE                     PMD2            equ	3806	;# 
  3748   000EDF                     PMD3            equ	3807	;# 
  3749   000EE0                     PMD4            equ	3808	;# 
  3750   000EE1                     PMD5            equ	3809	;# 
  3751   000EE2                     RA0PPS          equ	3810	;# 
  3752   000EE3                     RA1PPS          equ	3811	;# 
  3753   000EE4                     RA2PPS          equ	3812	;# 
  3754   000EE5                     RA3PPS          equ	3813	;# 
  3755   000EE6                     RA4PPS          equ	3814	;# 
  3756   000EE7                     RA5PPS          equ	3815	;# 
  3757   000EE8                     RA6PPS          equ	3816	;# 
  3758   000EE9                     RA7PPS          equ	3817	;# 
  3759   000EEA                     RB0PPS          equ	3818	;# 
  3760   000EEB                     RB1PPS          equ	3819	;# 
  3761   000EEC                     RB2PPS          equ	3820	;# 
  3762   000EED                     RB3PPS          equ	3821	;# 
  3763   000EEE                     RB4PPS          equ	3822	;# 
  3764   000EEF                     RB5PPS          equ	3823	;# 
  3765   000EF0                     RB6PPS          equ	3824	;# 
  3766   000EF1                     RB7PPS          equ	3825	;# 
  3767   000EF2                     RC0PPS          equ	3826	;# 
  3768   000EF3                     RC1PPS          equ	3827	;# 
  3769   000EF4                     RC2PPS          equ	3828	;# 
  3770   000EF5                     RC3PPS          equ	3829	;# 
  3771   000EF6                     RC4PPS          equ	3830	;# 
  3772   000EF7                     RC5PPS          equ	3831	;# 
  3773   000EF8                     RC6PPS          equ	3832	;# 
  3774   000EF9                     RC7PPS          equ	3833	;# 
  3775   000EFA                     RD0PPS          equ	3834	;# 
  3776   000EFB                     RD1PPS          equ	3835	;# 
  3777   000EFC                     RD2PPS          equ	3836	;# 
  3778   000EFD                     RD3PPS          equ	3837	;# 
  3779   000EFE                     RD4PPS          equ	3838	;# 
  3780   000EFF                     RD5PPS          equ	3839	;# 
  3781   000F00                     RD6PPS          equ	3840	;# 
  3782   000F01                     RD7PPS          equ	3841	;# 
  3783   000F02                     RE0PPS          equ	3842	;# 
  3784   000F03                     RE1PPS          equ	3843	;# 
  3785   000F04                     RE2PPS          equ	3844	;# 
  3786   000F05                     IOCAF           equ	3845	;# 
  3787   000F06                     IOCAN           equ	3846	;# 
  3788   000F07                     IOCAP           equ	3847	;# 
  3789   000F08                     INLVLA          equ	3848	;# 
  3790   000F09                     SLRCONA         equ	3849	;# 
  3791   000F0A                     ODCONA          equ	3850	;# 
  3792   000F0B                     WPUA            equ	3851	;# 
  3793   000F0C                     ANSELA          equ	3852	;# 
  3794   000F0D                     IOCBF           equ	3853	;# 
  3795   000F0E                     IOCBN           equ	3854	;# 
  3796   000F0F                     IOCBP           equ	3855	;# 
  3797   000F10                     INLVLB          equ	3856	;# 
  3798   000F11                     SLRCONB         equ	3857	;# 
  3799   000F12                     ODCONB          equ	3858	;# 
  3800   000F13                     WPUB            equ	3859	;# 
  3801   000F14                     ANSELB          equ	3860	;# 
  3802   000F15                     IOCCF           equ	3861	;# 
  3803   000F16                     IOCCN           equ	3862	;# 
  3804   000F17                     IOCCP           equ	3863	;# 
  3805   000F18                     INLVLC          equ	3864	;# 
  3806   000F19                     SLRCONC         equ	3865	;# 
  3807   000F1A                     ODCONC          equ	3866	;# 
  3808   000F1B                     WPUC            equ	3867	;# 
  3809   000F1C                     ANSELC          equ	3868	;# 
  3810   000F1D                     INLVLD          equ	3869	;# 
  3811   000F1E                     SLRCOND         equ	3870	;# 
  3812   000F1F                     ODCOND          equ	3871	;# 
  3813   000F20                     WPUD            equ	3872	;# 
  3814   000F21                     ANSELD          equ	3873	;# 
  3815   000F22                     IOCEF           equ	3874	;# 
  3816   000F23                     IOCEN           equ	3875	;# 
  3817   000F24                     IOCEP           equ	3876	;# 
  3818   000F25                     INLVLE          equ	3877	;# 
  3819   000F26                     SLRCONE         equ	3878	;# 
  3820   000F27                     ODCONE          equ	3879	;# 
  3821   000F28                     WPUE            equ	3880	;# 
  3822   000F29                     ANSELE          equ	3881	;# 
  3823   000F2A                     HLVDCON0        equ	3882	;# 
  3824   000F2B                     HLVDCON1        equ	3883	;# 
  3825   000F2C                     FVRCON          equ	3884	;# 
  3826   000F2D                     ZCDCON          equ	3885	;# 
  3827   000F2E                     DAC1CON0        equ	3886	;# 
  3828   000F2F                     DAC1CON1        equ	3887	;# 
  3829   000F30                     CM2CON0         equ	3888	;# 
  3830   000F31                     CM2CON1         equ	3889	;# 
  3831   000F32                     CM2NCH          equ	3890	;# 
  3832   000F33                     CM2PCH          equ	3891	;# 
  3833   000F34                     CM1CON0         equ	3892	;# 
  3834   000F35                     CM1CON1         equ	3893	;# 
  3835   000F36                     CM1NCH          equ	3894	;# 
  3836   000F37                     CM1PCH          equ	3895	;# 
  3837   000F38                     CMOUT           equ	3896	;# 
  3838   000F39                     CLKRCON         equ	3897	;# 
  3839   000F3A                     CLKRCLK         equ	3898	;# 
  3840   000F3B                     CWG1CLK         equ	3899	;# 
  3841   000F3B                     CWG1CLKCON      equ	3899	;# 
  3842   000F3C                     CWG1ISM         equ	3900	;# 
  3843   000F3D                     CWG1DBR         equ	3901	;# 
  3844   000F3E                     CWG1DBF         equ	3902	;# 
  3845   000F3F                     CWG1CON0        equ	3903	;# 
  3846   000F40                     CWG1CON1        equ	3904	;# 
  3847   000F41                     CWG1AS0         equ	3905	;# 
  3848   000F42                     CWG1AS1         equ	3906	;# 
  3849   000F43                     CWG1STR         equ	3907	;# 
  3850   000F44                     SCANLADR        equ	3908	;# 
  3851   000F44                     SCANLADRL       equ	3908	;# 
  3852   000F45                     SCANLADRH       equ	3909	;# 
  3853   000F46                     SCANLADRU       equ	3910	;# 
  3854   000F47                     SCANHADR        equ	3911	;# 
  3855   000F47                     SCANHADRL       equ	3911	;# 
  3856   000F48                     SCANHADRH       equ	3912	;# 
  3857   000F49                     SCANHADRU       equ	3913	;# 
  3858   000F4A                     SCANCON0        equ	3914	;# 
  3859   000F4B                     SCANTRIG        equ	3915	;# 
  3860   000F4C                     MDCON0          equ	3916	;# 
  3861   000F4D                     MDCON1          equ	3917	;# 
  3862   000F4E                     MDSRC           equ	3918	;# 
  3863   000F4F                     MDCARL          equ	3919	;# 
  3864   000F50                     MDCARH          equ	3920	;# 
  3865   000F51                     ADACT           equ	3921	;# 
  3866   000F52                     ADCLK           equ	3922	;# 
  3867   000F53                     ADREF           equ	3923	;# 
  3868   000F54                     ADCON1          equ	3924	;# 
  3869   000F55                     ADCON2          equ	3925	;# 
  3870   000F56                     ADCON3          equ	3926	;# 
  3871   000F57                     ADACQ           equ	3927	;# 
  3872   000F58                     ADCAP           equ	3928	;# 
  3873   000F59                     ADPRE           equ	3929	;# 
  3874   000F5A                     ADPCH           equ	3930	;# 
  3875   000F5B                     ADCON0          equ	3931	;# 
  3876   000F5C                     ADPREV          equ	3932	;# 
  3877   000F5C                     ADPREVL         equ	3932	;# 
  3878   000F5D                     ADPREVH         equ	3933	;# 
  3879   000F5E                     ADRES           equ	3934	;# 
  3880   000F5E                     ADRESL          equ	3934	;# 
  3881   000F5F                     ADRESH          equ	3935	;# 
  3882   000F60                     ADSTAT          equ	3936	;# 
  3883   000F61                     ADRPT           equ	3937	;# 
  3884   000F62                     ADCNT           equ	3938	;# 
  3885   000F63                     ADSTPT          equ	3939	;# 
  3886   000F63                     ADSTPTL         equ	3939	;# 
  3887   000F64                     ADSTPTH         equ	3940	;# 
  3888   000F65                     ADLTH           equ	3941	;# 
  3889   000F65                     ADLTHL          equ	3941	;# 
  3890   000F66                     ADLTHH          equ	3942	;# 
  3891   000F67                     ADUTH           equ	3943	;# 
  3892   000F67                     ADUTHL          equ	3943	;# 
  3893   000F68                     ADUTHH          equ	3944	;# 
  3894   000F69                     ADERR           equ	3945	;# 
  3895   000F69                     ADERRL          equ	3945	;# 
  3896   000F6A                     ADERRH          equ	3946	;# 
  3897   000F6B                     ADACC           equ	3947	;# 
  3898   000F6B                     ADACCL          equ	3947	;# 
  3899   000F6C                     ADACCH          equ	3948	;# 
  3900   000F6D                     ADFLTR          equ	3949	;# 
  3901   000F6D                     ADFLTRL         equ	3949	;# 
  3902   000F6E                     ADFLTRH         equ	3950	;# 
  3903   000F6F                     CRCDATA         equ	3951	;# 
  3904   000F6F                     CRCDATL         equ	3951	;# 
  3905   000F70                     CRCDATH         equ	3952	;# 
  3906   000F71                     CRCACC          equ	3953	;# 
  3907   000F71                     CRCACCL         equ	3953	;# 
  3908   000F72                     CRCACCH         equ	3954	;# 
  3909   000F73                     CRCSHFT         equ	3955	;# 
  3910   000F73                     CRCSHIFTL       equ	3955	;# 
  3911   000F74                     CRCSHIFTH       equ	3956	;# 
  3912   000F75                     CRCXOR          equ	3957	;# 
  3913   000F75                     CRCXORL         equ	3957	;# 
  3914   000F76                     CRCXORH         equ	3958	;# 
  3915   000F77                     CRCCON0         equ	3959	;# 
  3916   000F78                     CRCCON1         equ	3960	;# 
  3917   000F79                     NVMADR          equ	3961	;# 
  3918   000F79                     NVMADRL         equ	3961	;# 
  3919   000F7A                     NVMADRH         equ	3962	;# 
  3920   000F7B                     NVMADRU         equ	3963	;# 
  3921   000F7C                     NVMDAT          equ	3964	;# 
  3922   000F7C                     NVMDATL         equ	3964	;# 
  3923   000F7D                     NVMDATH         equ	3965	;# 
  3924   000F7F                     NVMCON0         equ	3967	;# 
  3925   000F80                     NVMCON1         equ	3968	;# 
  3926   000F81                     NVMCON2         equ	3969	;# 
  3927   000F82                     LATA            equ	3970	;# 
  3928   000F83                     LATB            equ	3971	;# 
  3929   000F84                     LATC            equ	3972	;# 
  3930   000F85                     LATD            equ	3973	;# 
  3931   000F86                     LATE            equ	3974	;# 
  3932   000F87                     TRISA           equ	3975	;# 
  3933   000F87                     DDRA            equ	3975	;# 
  3934   000F88                     TRISB           equ	3976	;# 
  3935   000F88                     DDRB            equ	3976	;# 
  3936   000F89                     TRISC           equ	3977	;# 
  3937   000F89                     DDRC            equ	3977	;# 
  3938   000F8A                     TRISD           equ	3978	;# 
  3939   000F8A                     DDRD            equ	3978	;# 
  3940   000F8B                     TRISE           equ	3979	;# 
  3941   000F8B                     DDRE            equ	3979	;# 
  3942   000F8C                     PORTA           equ	3980	;# 
  3943   000F8D                     PORTB           equ	3981	;# 
  3944   000F8E                     PORTC           equ	3982	;# 
  3945   000F8F                     PORTD           equ	3983	;# 
  3946   000F90                     PORTE           equ	3984	;# 
  3947   000F91                     SSP1BUF         equ	3985	;# 
  3948   000F92                     SSP1ADD         equ	3986	;# 
  3949   000F93                     SSP1MSK         equ	3987	;# 
  3950   000F94                     SSP1STAT        equ	3988	;# 
  3951   000F95                     SSP1CON1        equ	3989	;# 
  3952   000F96                     SSP1CON2        equ	3990	;# 
  3953   000F97                     SSP1CON3        equ	3991	;# 
  3954   000F98                     RC1REG          equ	3992	;# 
  3955   000F98                     RCREG           equ	3992	;# 
  3956   000F98                     RCREG1          equ	3992	;# 
  3957   000F99                     TX1REG          equ	3993	;# 
  3958   000F99                     TXREG1          equ	3993	;# 
  3959   000F99                     TXREG           equ	3993	;# 
  3960   000F9A                     SP1BRG          equ	3994	;# 
  3961   000F9A                     SPBRG           equ	3994	;# 
  3962   000F9A                     SP1BRGL         equ	3994	;# 
  3963   000F9A                     SPBRG1          equ	3994	;# 
  3964   000F9A                     SPBRGL          equ	3994	;# 
  3965   000F9B                     SP1BRGH         equ	3995	;# 
  3966   000F9B                     SPBRGH          equ	3995	;# 
  3967   000F9B                     SPBRGH1         equ	3995	;# 
  3968   000F9C                     RC1STA          equ	3996	;# 
  3969   000F9C                     RCSTA1          equ	3996	;# 
  3970   000F9C                     RCSTA           equ	3996	;# 
  3971   000F9D                     TX1STA          equ	3997	;# 
  3972   000F9D                     TXSTA1          equ	3997	;# 
  3973   000F9D                     TXSTA           equ	3997	;# 
  3974   000F9E                     BAUD1CON        equ	3998	;# 
  3975   000F9E                     BAUDCON1        equ	3998	;# 
  3976   000F9E                     BAUDCTL1        equ	3998	;# 
  3977   000F9E                     BAUDCON         equ	3998	;# 
  3978   000F9E                     BAUDCTL         equ	3998	;# 
  3979   000F9F                     PWM4DC          equ	3999	;# 
  3980   000F9F                     PWM4DCL         equ	3999	;# 
  3981   000FA0                     PWM4DCH         equ	4000	;# 
  3982   000FA1                     PWM4CON         equ	4001	;# 
  3983   000FA2                     PWM3DC          equ	4002	;# 
  3984   000FA2                     PWM3DCL         equ	4002	;# 
  3985   000FA3                     PWM3DCH         equ	4003	;# 
  3986   000FA4                     PWM3CON         equ	4004	;# 
  3987   000FA5                     CCPR2           equ	4005	;# 
  3988   000FA5                     CCPR2L          equ	4005	;# 
  3989   000FA6                     CCPR2H          equ	4006	;# 
  3990   000FA7                     CCP2CON         equ	4007	;# 
  3991   000FA8                     CCP2CAP         equ	4008	;# 
  3992   000FA9                     CCPR1           equ	4009	;# 
  3993   000FA9                     CCPR1L          equ	4009	;# 
  3994   000FAA                     CCPR1H          equ	4010	;# 
  3995   000FAB                     CCP1CON         equ	4011	;# 
  3996   000FAC                     CCP1CAP         equ	4012	;# 
  3997   000FAD                     CCPTMRS         equ	4013	;# 
  3998   000FAE                     T6TMR           equ	4014	;# 
  3999   000FAE                     TMR6            equ	4014	;# 
  4000   000FAF                     T6PR            equ	4015	;# 
  4001   000FAF                     PR6             equ	4015	;# 
  4002   000FB0                     T6CON           equ	4016	;# 
  4003   000FB1                     T6HLT           equ	4017	;# 
  4004   000FB2                     T6CLKCON        equ	4018	;# 
  4005   000FB2                     T6CLK           equ	4018	;# 
  4006   000FB3                     T6RST           equ	4019	;# 
  4007   000FB4                     T4TMR           equ	4020	;# 
  4008   000FB4                     TMR4            equ	4020	;# 
  4009   000FB5                     T4PR            equ	4021	;# 
  4010   000FB5                     PR4             equ	4021	;# 
  4011   000FB6                     T4CON           equ	4022	;# 
  4012   000FB7                     T4HLT           equ	4023	;# 
  4013   000FB8                     T4CLKCON        equ	4024	;# 
  4014   000FB8                     T4CLK           equ	4024	;# 
  4015   000FB9                     T4RST           equ	4025	;# 
  4016   000FBA                     T2TMR           equ	4026	;# 
  4017   000FBA                     TMR2            equ	4026	;# 
  4018   000FBB                     T2PR            equ	4027	;# 
  4019   000FBB                     PR2             equ	4027	;# 
  4020   000FBC                     T2CON           equ	4028	;# 
  4021   000FBD                     T2HLT           equ	4029	;# 
  4022   000FBE                     T2CLKCON        equ	4030	;# 
  4023   000FBE                     T2CLK           equ	4030	;# 
  4024   000FBF                     T2RST           equ	4031	;# 
  4025   000FC0                     TMR5            equ	4032	;# 
  4026   000FC0                     TMR5L           equ	4032	;# 
  4027   000FC1                     TMR5H           equ	4033	;# 
  4028   000FC2                     T5CON           equ	4034	;# 
  4029   000FC2                     TMR5CON         equ	4034	;# 
  4030   000FC3                     T5GCON          equ	4035	;# 
  4031   000FC3                     TMR5GCON        equ	4035	;# 
  4032   000FC4                     T5GATE          equ	4036	;# 
  4033   000FC4                     TMR5GATE        equ	4036	;# 
  4034   000FC5                     T5CLK           equ	4037	;# 
  4035   000FC5                     TMR5CLK         equ	4037	;# 
  4036   000FC5                     PR5             equ	4037	;# 
  4037   000FC6                     TMR3            equ	4038	;# 
  4038   000FC6                     TMR3L           equ	4038	;# 
  4039   000FC7                     TMR3H           equ	4039	;# 
  4040   000FC8                     T3CON           equ	4040	;# 
  4041   000FC8                     TMR3CON         equ	4040	;# 
  4042   000FC9                     T3GCON          equ	4041	;# 
  4043   000FC9                     TMR3GCON        equ	4041	;# 
  4044   000FCA                     T3GATE          equ	4042	;# 
  4045   000FCA                     TMR3GATE        equ	4042	;# 
  4046   000FCB                     T3CLK           equ	4043	;# 
  4047   000FCB                     TMR3CLK         equ	4043	;# 
  4048   000FCB                     PR3             equ	4043	;# 
  4049   000FCC                     TMR1            equ	4044	;# 
  4050   000FCC                     TMR1L           equ	4044	;# 
  4051   000FCD                     TMR1H           equ	4045	;# 
  4052   000FCE                     T1CON           equ	4046	;# 
  4053   000FCE                     TMR1CON         equ	4046	;# 
  4054   000FCF                     T1GCON          equ	4047	;# 
  4055   000FCF                     TMR1GCON        equ	4047	;# 
  4056   000FD0                     T1GATE          equ	4048	;# 
  4057   000FD0                     TMR1GATE        equ	4048	;# 
  4058   000FD1                     T1CLK           equ	4049	;# 
  4059   000FD1                     TMR1CLK         equ	4049	;# 
  4060   000FD1                     PR1             equ	4049	;# 
  4061   000FD2                     TMR0L           equ	4050	;# 
  4062   000FD2                     TMR0            equ	4050	;# 
  4063   000FD3                     TMR0H           equ	4051	;# 
  4064   000FD3                     PR0             equ	4051	;# 
  4065   000FD4                     T0CON0          equ	4052	;# 
  4066   000FD5                     T0CON1          equ	4053	;# 
  4067   000FD6                     PCON1           equ	4054	;# 
  4068   000FD7                     PCON0           equ	4055	;# 
  4069   000FD8                     STATUS          equ	4056	;# 
  4070   000FD9                     FSR2            equ	4057	;# 
  4071   000FD9                     FSR2L           equ	4057	;# 
  4072   000FDA                     FSR2H           equ	4058	;# 
  4073   000FDB                     PLUSW2          equ	4059	;# 
  4074   000FDC                     PREINC2         equ	4060	;# 
  4075   000FDD                     POSTDEC2        equ	4061	;# 
  4076   000FDE                     POSTINC2        equ	4062	;# 
  4077   000FDF                     INDF2           equ	4063	;# 
  4078   000FE0                     BSR             equ	4064	;# 
  4079   000FE1                     FSR1            equ	4065	;# 
  4080   000FE1                     FSR1L           equ	4065	;# 
  4081   000FE2                     FSR1H           equ	4066	;# 
  4082   000FE3                     PLUSW1          equ	4067	;# 
  4083   000FE4                     PREINC1         equ	4068	;# 
  4084   000FE5                     POSTDEC1        equ	4069	;# 
  4085   000FE6                     POSTINC1        equ	4070	;# 
  4086   000FE7                     INDF1           equ	4071	;# 
  4087   000FE8                     WREG            equ	4072	;# 
  4088   000FE9                     FSR0            equ	4073	;# 
  4089   000FE9                     FSR0L           equ	4073	;# 
  4090   000FEA                     FSR0H           equ	4074	;# 
  4091   000FEB                     PLUSW0          equ	4075	;# 
  4092   000FEC                     PREINC0         equ	4076	;# 
  4093   000FED                     POSTDEC0        equ	4077	;# 
  4094   000FEE                     POSTINC0        equ	4078	;# 
  4095   000FEF                     INDF0           equ	4079	;# 
  4096   000FF2                     INTCON          equ	4082	;# 
  4097   000FF3                     PROD            equ	4083	;# 
  4098   000FF3                     PRODL           equ	4083	;# 
  4099   000FF4                     PRODH           equ	4084	;# 
  4100   000FF5                     TABLAT          equ	4085	;# 
  4101   000FF6                     TBLPTR          equ	4086	;# 
  4102   000FF6                     TBLPTRL         equ	4086	;# 
  4103   000FF7                     TBLPTRH         equ	4087	;# 
  4104   000FF8                     TBLPTRU         equ	4088	;# 
  4105   000FF9                     PCLAT           equ	4089	;# 
  4106   000FF9                     PCL             equ	4089	;# 
  4107   000FFA                     PCLATH          equ	4090	;# 
  4108   000FFB                     PCLATU          equ	4091	;# 
  4109   000FFC                     STKPTR          equ	4092	;# 
  4110   000FFD                     TOS             equ	4093	;# 
  4111   000FFD                     TOSL            equ	4093	;# 
  4112   000FFE                     TOSH            equ	4094	;# 
  4113   000FFF                     TOSU            equ	4095	;# 
  4114   000E1F                     CLCIN0PPS       equ	3615	;# 
  4115   000E20                     CLCIN1PPS       equ	3616	;# 
  4116   000E21                     CLCIN2PPS       equ	3617	;# 
  4117   000E22                     CLCIN3PPS       equ	3618	;# 
  4118   000E23                     CLCIN4PPS       equ	3619	;# 
  4119   000E24                     CLCIN5PPS       equ	3620	;# 
  4120   000E25                     CLCIN6PPS       equ	3621	;# 
  4121   000E26                     CLCIN7PPS       equ	3622	;# 
  4122   000E27                     CLC1CON         equ	3623	;# 
  4123   000E28                     CLC1POL         equ	3624	;# 
  4124   000E29                     CLC1SEL0        equ	3625	;# 
  4125   000E2A                     CLC1SEL1        equ	3626	;# 
  4126   000E2B                     CLC1SEL2        equ	3627	;# 
  4127   000E2C                     CLC1SEL3        equ	3628	;# 
  4128   000E2D                     CLC1GLS0        equ	3629	;# 
  4129   000E2E                     CLC1GLS1        equ	3630	;# 
  4130   000E2F                     CLC1GLS2        equ	3631	;# 
  4131   000E30                     CLC1GLS3        equ	3632	;# 
  4132   000E31                     CLC2CON         equ	3633	;# 
  4133   000E32                     CLC2POL         equ	3634	;# 
  4134   000E33                     CLC2SEL0        equ	3635	;# 
  4135   000E34                     CLC2SEL1        equ	3636	;# 
  4136   000E35                     CLC2SEL2        equ	3637	;# 
  4137   000E36                     CLC2SEL3        equ	3638	;# 
  4138   000E37                     CLC2GLS0        equ	3639	;# 
  4139   000E38                     CLC2GLS1        equ	3640	;# 
  4140   000E39                     CLC2GLS2        equ	3641	;# 
  4141   000E3A                     CLC2GLS3        equ	3642	;# 
  4142   000E3B                     CLC3CON         equ	3643	;# 
  4143   000E3C                     CLC3POL         equ	3644	;# 
  4144   000E3D                     CLC3SEL0        equ	3645	;# 
  4145   000E3E                     CLC3SEL1        equ	3646	;# 
  4146   000E3F                     CLC3SEL2        equ	3647	;# 
  4147   000E40                     CLC3SEL3        equ	3648	;# 
  4148   000E41                     CLC3GLS0        equ	3649	;# 
  4149   000E42                     CLC3GLS1        equ	3650	;# 
  4150   000E43                     CLC3GLS2        equ	3651	;# 
  4151   000E44                     CLC3GLS3        equ	3652	;# 
  4152   000E45                     CLC4CON         equ	3653	;# 
  4153   000E46                     CLC4POL         equ	3654	;# 
  4154   000E47                     CLC4SEL0        equ	3655	;# 
  4155   000E48                     CLC4SEL1        equ	3656	;# 
  4156   000E49                     CLC4SEL2        equ	3657	;# 
  4157   000E4A                     CLC4SEL3        equ	3658	;# 
  4158   000E4B                     CLC4GLS0        equ	3659	;# 
  4159   000E4C                     CLC4GLS1        equ	3660	;# 
  4160   000E4D                     CLC4GLS2        equ	3661	;# 
  4161   000E4E                     CLC4GLS3        equ	3662	;# 
  4162   000E4F                     CLC5CON         equ	3663	;# 
  4163   000E50                     CLC5POL         equ	3664	;# 
  4164   000E51                     CLC5SEL0        equ	3665	;# 
  4165   000E52                     CLC5SEL1        equ	3666	;# 
  4166   000E53                     CLC5SEL2        equ	3667	;# 
  4167   000E54                     CLC5SEL3        equ	3668	;# 
  4168   000E55                     CLC5GLS0        equ	3669	;# 
  4169   000E56                     CLC5GLS1        equ	3670	;# 
  4170   000E57                     CLC5GLS2        equ	3671	;# 
  4171   000E58                     CLC5GLS3        equ	3672	;# 
  4172   000E59                     CLC6CON         equ	3673	;# 
  4173   000E5A                     CLC6POL         equ	3674	;# 
  4174   000E5B                     CLC6SEL0        equ	3675	;# 
  4175   000E5C                     CLC6SEL1        equ	3676	;# 
  4176   000E5D                     CLC6SEL2        equ	3677	;# 
  4177   000E5E                     CLC6SEL3        equ	3678	;# 
  4178   000E5F                     CLC6GLS0        equ	3679	;# 
  4179   000E60                     CLC6GLS1        equ	3680	;# 
  4180   000E61                     CLC6GLS2        equ	3681	;# 
  4181   000E62                     CLC6GLS3        equ	3682	;# 
  4182   000E63                     CLC7CON         equ	3683	;# 
  4183   000E64                     CLC7POL         equ	3684	;# 
  4184   000E65                     CLC7SEL0        equ	3685	;# 
  4185   000E66                     CLC7SEL1        equ	3686	;# 
  4186   000E67                     CLC7SEL2        equ	3687	;# 
  4187   000E68                     CLC7SEL3        equ	3688	;# 
  4188   000E69                     CLC7GLS0        equ	3689	;# 
  4189   000E6A                     CLC7GLS1        equ	3690	;# 
  4190   000E6B                     CLC7GLS2        equ	3691	;# 
  4191   000E6C                     CLC7GLS3        equ	3692	;# 
  4192   000E6D                     CLC8CON         equ	3693	;# 
  4193   000E6E                     CLC8POL         equ	3694	;# 
  4194   000E6F                     CLC8SEL0        equ	3695	;# 
  4195   000E70                     CLC8SEL1        equ	3696	;# 
  4196   000E71                     CLC8SEL2        equ	3697	;# 
  4197   000E72                     CLC8SEL3        equ	3698	;# 
  4198   000E73                     CLC8GLS0        equ	3699	;# 
  4199   000E74                     CLC8GLS1        equ	3700	;# 
  4200   000E75                     CLC8GLS2        equ	3701	;# 
  4201   000E76                     CLC8GLS3        equ	3702	;# 
  4202   000E77                     CLCDATA         equ	3703	;# 
  4203   000E88                     RX2PPS          equ	3720	;# 
  4204   000E88                     RXDT2PPS        equ	3720	;# 
  4205   000E89                     CK2PPS          equ	3721	;# 
  4206   000E89                     TXCK2PPS        equ	3721	;# 
  4207   000E89                     TX2PPS          equ	3721	;# 
  4208   000E8A                     SSP2CLKPPS      equ	3722	;# 
  4209   000E8B                     SSP2DATPPS      equ	3723	;# 
  4210   000E8C                     SSP2SSPPS       equ	3724	;# 
  4211   000E8D                     SSP2BUF         equ	3725	;# 
  4212   000E8E                     SSP2ADD         equ	3726	;# 
  4213   000E8F                     SSP2MSK         equ	3727	;# 
  4214   000E90                     SSP2STAT        equ	3728	;# 
  4215   000E91                     SSP2CON1        equ	3729	;# 
  4216   000E92                     SSP2CON2        equ	3730	;# 
  4217   000E93                     SSP2CON3        equ	3731	;# 
  4218   000E94                     RC2REG          equ	3732	;# 
  4219   000E94                     RCREG2          equ	3732	;# 
  4220   000E95                     TX2REG          equ	3733	;# 
  4221   000E95                     TXREG2          equ	3733	;# 
  4222   000E96                     SP2BRG          equ	3734	;# 
  4223   000E96                     SP2BRGL         equ	3734	;# 
  4224   000E96                     SPBRG2          equ	3734	;# 
  4225   000E97                     SP2BRGH         equ	3735	;# 
  4226   000E97                     SPBRGH2         equ	3735	;# 
  4227   000E98                     RC2STA          equ	3736	;# 
  4228   000E98                     RCSTA2          equ	3736	;# 
  4229   000E99                     TX2STA          equ	3737	;# 
  4230   000E99                     TXSTA2          equ	3737	;# 
  4231   000E9A                     BAUD2CON        equ	3738	;# 
  4232   000E9A                     BAUDCON2        equ	3738	;# 
  4233   000E9A                     BAUDCTL2        equ	3738	;# 
  4234   000E9B                     PPSLOCK         equ	3739	;# 
  4235   000E9C                     INT0PPS         equ	3740	;# 
  4236   000E9D                     INT1PPS         equ	3741	;# 
  4237   000E9E                     INT2PPS         equ	3742	;# 
  4238   000E9F                     T0CKIPPS        equ	3743	;# 
  4239   000EA0                     T1CKIPPS        equ	3744	;# 
  4240   000EA1                     T1GPPS          equ	3745	;# 
  4241   000EA2                     T3CKIPPS        equ	3746	;# 
  4242   000EA3                     T3GPPS          equ	3747	;# 
  4243   000EA4                     T5CKIPPS        equ	3748	;# 
  4244   000EA5                     T5GPPS          equ	3749	;# 
  4245   000EA6                     T2INPPS         equ	3750	;# 
  4246   000EA7                     T4INPPS         equ	3751	;# 
  4247   000EA8                     T6INPPS         equ	3752	;# 
  4248   000EA9                     ADACTPPS        equ	3753	;# 
  4249   000EAA                     CCP1PPS         equ	3754	;# 
  4250   000EAB                     CCP2PPS         equ	3755	;# 
  4251   000EAC                     CWG1PPS         equ	3756	;# 
  4252   000EAC                     CWGPPS          equ	3756	;# 
  4253   000EAC                     CWG1INPPS       equ	3756	;# 
  4254   000EAC                     CWGINPPS        equ	3756	;# 
  4255   000EAD                     MDCARLPPS       equ	3757	;# 
  4256   000EAE                     MDCARHPPS       equ	3758	;# 
  4257   000EAF                     MDSRCPPS        equ	3759	;# 
  4258   000EB0                     RX1PPS          equ	3760	;# 
  4259   000EB0                     RXPPS           equ	3760	;# 
  4260   000EB0                     RXDT1PPS        equ	3760	;# 
  4261   000EB1                     CK1PPS          equ	3761	;# 
  4262   000EB1                     TXPPS           equ	3761	;# 
  4263   000EB1                     CKPPS           equ	3761	;# 
  4264   000EB1                     TX1PPS          equ	3761	;# 
  4265   000EB1                     TXCK1PPS        equ	3761	;# 
  4266   000EB2                     SSP1CLKPPS      equ	3762	;# 
  4267   000EB2                     SSPCLKPPS       equ	3762	;# 
  4268   000EB3                     SSP1DATPPS      equ	3763	;# 
  4269   000EB3                     SSPDATPPS       equ	3763	;# 
  4270   000EB4                     SSP1SSPPS       equ	3764	;# 
  4271   000EB4                     SSPSSPPS        equ	3764	;# 
  4272   000EB5                     IPR0            equ	3765	;# 
  4273   000EB6                     IPR1            equ	3766	;# 
  4274   000EB7                     IPR2            equ	3767	;# 
  4275   000EB8                     IPR3            equ	3768	;# 
  4276   000EB9                     IPR4            equ	3769	;# 
  4277   000EBA                     IPR5            equ	3770	;# 
  4278   000EBB                     IPR6            equ	3771	;# 
  4279   000EBC                     IPR7            equ	3772	;# 
  4280   000EBD                     PIE0            equ	3773	;# 
  4281   000EBE                     PIE1            equ	3774	;# 
  4282   000EBF                     PIE2            equ	3775	;# 
  4283   000EC0                     PIE3            equ	3776	;# 
  4284   000EC1                     PIE4            equ	3777	;# 
  4285   000EC2                     PIE5            equ	3778	;# 
  4286   000EC3                     PIE6            equ	3779	;# 
  4287   000EC4                     PIE7            equ	3780	;# 
  4288   000EC5                     PIR0            equ	3781	;# 
  4289   000EC6                     PIR1            equ	3782	;# 
  4290   000EC7                     PIR2            equ	3783	;# 
  4291   000EC8                     PIR3            equ	3784	;# 
  4292   000EC9                     PIR4            equ	3785	;# 
  4293   000ECA                     PIR5            equ	3786	;# 
  4294   000ECB                     PIR6            equ	3787	;# 
  4295   000ECC                     PIR7            equ	3788	;# 
  4296   000ECD                     WDTCON0         equ	3789	;# 
  4297   000ECE                     WDTCON1         equ	3790	;# 
  4298   000ECF                     WDTPSL          equ	3791	;# 
  4299   000ED0                     WDTPSH          equ	3792	;# 
  4300   000ED1                     WDTTMR          equ	3793	;# 
  4301   000ED2                     CPUDOZE         equ	3794	;# 
  4302   000ED3                     OSCCON1         equ	3795	;# 
  4303   000ED4                     OSCCON2         equ	3796	;# 
  4304   000ED5                     OSCCON3         equ	3797	;# 
  4305   000ED6                     OSCSTAT         equ	3798	;# 
  4306   000ED6                     OSCSTAT1        equ	3798	;# 
  4307   000ED7                     OSCEN           equ	3799	;# 
  4308   000ED8                     OSCTUNE         equ	3800	;# 
  4309   000ED9                     OSCFRQ          equ	3801	;# 
  4310   000ED9                     OSCFREQ         equ	3801	;# 
  4311   000EDA                     VREGCON         equ	3802	;# 
  4312   000EDB                     BORCON          equ	3803	;# 
  4313   000EDC                     PMD0            equ	3804	;# 
  4314   000EDD                     PMD1            equ	3805	;# 
  4315   000EDE                     PMD2            equ	3806	;# 
  4316   000EDF                     PMD3            equ	3807	;# 
  4317   000EE0                     PMD4            equ	3808	;# 
  4318   000EE1                     PMD5            equ	3809	;# 
  4319   000EE2                     RA0PPS          equ	3810	;# 
  4320   000EE3                     RA1PPS          equ	3811	;# 
  4321   000EE4                     RA2PPS          equ	3812	;# 
  4322   000EE5                     RA3PPS          equ	3813	;# 
  4323   000EE6                     RA4PPS          equ	3814	;# 
  4324   000EE7                     RA5PPS          equ	3815	;# 
  4325   000EE8                     RA6PPS          equ	3816	;# 
  4326   000EE9                     RA7PPS          equ	3817	;# 
  4327   000EEA                     RB0PPS          equ	3818	;# 
  4328   000EEB                     RB1PPS          equ	3819	;# 
  4329   000EEC                     RB2PPS          equ	3820	;# 
  4330   000EED                     RB3PPS          equ	3821	;# 
  4331   000EEE                     RB4PPS          equ	3822	;# 
  4332   000EEF                     RB5PPS          equ	3823	;# 
  4333   000EF0                     RB6PPS          equ	3824	;# 
  4334   000EF1                     RB7PPS          equ	3825	;# 
  4335   000EF2                     RC0PPS          equ	3826	;# 
  4336   000EF3                     RC1PPS          equ	3827	;# 
  4337   000EF4                     RC2PPS          equ	3828	;# 
  4338   000EF5                     RC3PPS          equ	3829	;# 
  4339   000EF6                     RC4PPS          equ	3830	;# 
  4340   000EF7                     RC5PPS          equ	3831	;# 
  4341   000EF8                     RC6PPS          equ	3832	;# 
  4342   000EF9                     RC7PPS          equ	3833	;# 
  4343   000EFA                     RD0PPS          equ	3834	;# 
  4344   000EFB                     RD1PPS          equ	3835	;# 
  4345   000EFC                     RD2PPS          equ	3836	;# 
  4346   000EFD                     RD3PPS          equ	3837	;# 
  4347   000EFE                     RD4PPS          equ	3838	;# 
  4348   000EFF                     RD5PPS          equ	3839	;# 
  4349   000F00                     RD6PPS          equ	3840	;# 
  4350   000F01                     RD7PPS          equ	3841	;# 
  4351   000F02                     RE0PPS          equ	3842	;# 
  4352   000F03                     RE1PPS          equ	3843	;# 
  4353   000F04                     RE2PPS          equ	3844	;# 
  4354   000F05                     IOCAF           equ	3845	;# 
  4355   000F06                     IOCAN           equ	3846	;# 
  4356   000F07                     IOCAP           equ	3847	;# 
  4357   000F08                     INLVLA          equ	3848	;# 
  4358   000F09                     SLRCONA         equ	3849	;# 
  4359   000F0A                     ODCONA          equ	3850	;# 
  4360   000F0B                     WPUA            equ	3851	;# 
  4361   000F0C                     ANSELA          equ	3852	;# 
  4362   000F0D                     IOCBF           equ	3853	;# 
  4363   000F0E                     IOCBN           equ	3854	;# 
  4364   000F0F                     IOCBP           equ	3855	;# 
  4365   000F10                     INLVLB          equ	3856	;# 
  4366   000F11                     SLRCONB         equ	3857	;# 
  4367   000F12                     ODCONB          equ	3858	;# 
  4368   000F13                     WPUB            equ	3859	;# 
  4369   000F14                     ANSELB          equ	3860	;# 
  4370   000F15                     IOCCF           equ	3861	;# 
  4371   000F16                     IOCCN           equ	3862	;# 
  4372   000F17                     IOCCP           equ	3863	;# 
  4373   000F18                     INLVLC          equ	3864	;# 
  4374   000F19                     SLRCONC         equ	3865	;# 
  4375   000F1A                     ODCONC          equ	3866	;# 
  4376   000F1B                     WPUC            equ	3867	;# 
  4377   000F1C                     ANSELC          equ	3868	;# 
  4378   000F1D                     INLVLD          equ	3869	;# 
  4379   000F1E                     SLRCOND         equ	3870	;# 
  4380   000F1F                     ODCOND          equ	3871	;# 
  4381   000F20                     WPUD            equ	3872	;# 
  4382   000F21                     ANSELD          equ	3873	;# 
  4383   000F22                     IOCEF           equ	3874	;# 
  4384   000F23                     IOCEN           equ	3875	;# 
  4385   000F24                     IOCEP           equ	3876	;# 
  4386   000F25                     INLVLE          equ	3877	;# 
  4387   000F26                     SLRCONE         equ	3878	;# 
  4388   000F27                     ODCONE          equ	3879	;# 
  4389   000F28                     WPUE            equ	3880	;# 
  4390   000F29                     ANSELE          equ	3881	;# 
  4391   000F2A                     HLVDCON0        equ	3882	;# 
  4392   000F2B                     HLVDCON1        equ	3883	;# 
  4393   000F2C                     FVRCON          equ	3884	;# 
  4394   000F2D                     ZCDCON          equ	3885	;# 
  4395   000F2E                     DAC1CON0        equ	3886	;# 
  4396   000F2F                     DAC1CON1        equ	3887	;# 
  4397   000F30                     CM2CON0         equ	3888	;# 
  4398   000F31                     CM2CON1         equ	3889	;# 
  4399   000F32                     CM2NCH          equ	3890	;# 
  4400   000F33                     CM2PCH          equ	3891	;# 
  4401   000F34                     CM1CON0         equ	3892	;# 
  4402   000F35                     CM1CON1         equ	3893	;# 
  4403   000F36                     CM1NCH          equ	3894	;# 
  4404   000F37                     CM1PCH          equ	3895	;# 
  4405   000F38                     CMOUT           equ	3896	;# 
  4406   000F39                     CLKRCON         equ	3897	;# 
  4407   000F3A                     CLKRCLK         equ	3898	;# 
  4408   000F3B                     CWG1CLK         equ	3899	;# 
  4409   000F3B                     CWG1CLKCON      equ	3899	;# 
  4410   000F3C                     CWG1ISM         equ	3900	;# 
  4411   000F3D                     CWG1DBR         equ	3901	;# 
  4412   000F3E                     CWG1DBF         equ	3902	;# 
  4413   000F3F                     CWG1CON0        equ	3903	;# 
  4414   000F40                     CWG1CON1        equ	3904	;# 
  4415   000F41                     CWG1AS0         equ	3905	;# 
  4416   000F42                     CWG1AS1         equ	3906	;# 
  4417   000F43                     CWG1STR         equ	3907	;# 
  4418   000F44                     SCANLADR        equ	3908	;# 
  4419   000F44                     SCANLADRL       equ	3908	;# 
  4420   000F45                     SCANLADRH       equ	3909	;# 
  4421   000F46                     SCANLADRU       equ	3910	;# 
  4422   000F47                     SCANHADR        equ	3911	;# 
  4423   000F47                     SCANHADRL       equ	3911	;# 
  4424   000F48                     SCANHADRH       equ	3912	;# 
  4425   000F49                     SCANHADRU       equ	3913	;# 
  4426   000F4A                     SCANCON0        equ	3914	;# 
  4427   000F4B                     SCANTRIG        equ	3915	;# 
  4428   000F4C                     MDCON0          equ	3916	;# 
  4429   000F4D                     MDCON1          equ	3917	;# 
  4430   000F4E                     MDSRC           equ	3918	;# 
  4431   000F4F                     MDCARL          equ	3919	;# 
  4432   000F50                     MDCARH          equ	3920	;# 
  4433   000F51                     ADACT           equ	3921	;# 
  4434   000F52                     ADCLK           equ	3922	;# 
  4435   000F53                     ADREF           equ	3923	;# 
  4436   000F54                     ADCON1          equ	3924	;# 
  4437   000F55                     ADCON2          equ	3925	;# 
  4438   000F56                     ADCON3          equ	3926	;# 
  4439   000F57                     ADACQ           equ	3927	;# 
  4440   000F58                     ADCAP           equ	3928	;# 
  4441   000F59                     ADPRE           equ	3929	;# 
  4442   000F5A                     ADPCH           equ	3930	;# 
  4443   000F5B                     ADCON0          equ	3931	;# 
  4444   000F5C                     ADPREV          equ	3932	;# 
  4445   000F5C                     ADPREVL         equ	3932	;# 
  4446   000F5D                     ADPREVH         equ	3933	;# 
  4447   000F5E                     ADRES           equ	3934	;# 
  4448   000F5E                     ADRESL          equ	3934	;# 
  4449   000F5F                     ADRESH          equ	3935	;# 
  4450   000F60                     ADSTAT          equ	3936	;# 
  4451   000F61                     ADRPT           equ	3937	;# 
  4452   000F62                     ADCNT           equ	3938	;# 
  4453   000F63                     ADSTPT          equ	3939	;# 
  4454   000F63                     ADSTPTL         equ	3939	;# 
  4455   000F64                     ADSTPTH         equ	3940	;# 
  4456   000F65                     ADLTH           equ	3941	;# 
  4457   000F65                     ADLTHL          equ	3941	;# 
  4458   000F66                     ADLTHH          equ	3942	;# 
  4459   000F67                     ADUTH           equ	3943	;# 
  4460   000F67                     ADUTHL          equ	3943	;# 
  4461   000F68                     ADUTHH          equ	3944	;# 
  4462   000F69                     ADERR           equ	3945	;# 
  4463   000F69                     ADERRL          equ	3945	;# 
  4464   000F6A                     ADERRH          equ	3946	;# 
  4465   000F6B                     ADACC           equ	3947	;# 
  4466   000F6B                     ADACCL          equ	3947	;# 
  4467   000F6C                     ADACCH          equ	3948	;# 
  4468   000F6D                     ADFLTR          equ	3949	;# 
  4469   000F6D                     ADFLTRL         equ	3949	;# 
  4470   000F6E                     ADFLTRH         equ	3950	;# 
  4471   000F6F                     CRCDATA         equ	3951	;# 
  4472   000F6F                     CRCDATL         equ	3951	;# 
  4473   000F70                     CRCDATH         equ	3952	;# 
  4474   000F71                     CRCACC          equ	3953	;# 
  4475   000F71                     CRCACCL         equ	3953	;# 
  4476   000F72                     CRCACCH         equ	3954	;# 
  4477   000F73                     CRCSHFT         equ	3955	;# 
  4478   000F73                     CRCSHIFTL       equ	3955	;# 
  4479   000F74                     CRCSHIFTH       equ	3956	;# 
  4480   000F75                     CRCXOR          equ	3957	;# 
  4481   000F75                     CRCXORL         equ	3957	;# 
  4482   000F76                     CRCXORH         equ	3958	;# 
  4483   000F77                     CRCCON0         equ	3959	;# 
  4484   000F78                     CRCCON1         equ	3960	;# 
  4485   000F79                     NVMADR          equ	3961	;# 
  4486   000F79                     NVMADRL         equ	3961	;# 
  4487   000F7A                     NVMADRH         equ	3962	;# 
  4488   000F7B                     NVMADRU         equ	3963	;# 
  4489   000F7C                     NVMDAT          equ	3964	;# 
  4490   000F7C                     NVMDATL         equ	3964	;# 
  4491   000F7D                     NVMDATH         equ	3965	;# 
  4492   000F7F                     NVMCON0         equ	3967	;# 
  4493   000F80                     NVMCON1         equ	3968	;# 
  4494   000F81                     NVMCON2         equ	3969	;# 
  4495   000F82                     LATA            equ	3970	;# 
  4496   000F83                     LATB            equ	3971	;# 
  4497   000F84                     LATC            equ	3972	;# 
  4498   000F85                     LATD            equ	3973	;# 
  4499   000F86                     LATE            equ	3974	;# 
  4500   000F87                     TRISA           equ	3975	;# 
  4501   000F87                     DDRA            equ	3975	;# 
  4502   000F88                     TRISB           equ	3976	;# 
  4503   000F88                     DDRB            equ	3976	;# 
  4504   000F89                     TRISC           equ	3977	;# 
  4505   000F89                     DDRC            equ	3977	;# 
  4506   000F8A                     TRISD           equ	3978	;# 
  4507   000F8A                     DDRD            equ	3978	;# 
  4508   000F8B                     TRISE           equ	3979	;# 
  4509   000F8B                     DDRE            equ	3979	;# 
  4510   000F8C                     PORTA           equ	3980	;# 
  4511   000F8D                     PORTB           equ	3981	;# 
  4512   000F8E                     PORTC           equ	3982	;# 
  4513   000F8F                     PORTD           equ	3983	;# 
  4514   000F90                     PORTE           equ	3984	;# 
  4515   000F91                     SSP1BUF         equ	3985	;# 
  4516   000F92                     SSP1ADD         equ	3986	;# 
  4517   000F93                     SSP1MSK         equ	3987	;# 
  4518   000F94                     SSP1STAT        equ	3988	;# 
  4519   000F95                     SSP1CON1        equ	3989	;# 
  4520   000F96                     SSP1CON2        equ	3990	;# 
  4521   000F97                     SSP1CON3        equ	3991	;# 
  4522   000F98                     RC1REG          equ	3992	;# 
  4523   000F98                     RCREG           equ	3992	;# 
  4524   000F98                     RCREG1          equ	3992	;# 
  4525   000F99                     TX1REG          equ	3993	;# 
  4526   000F99                     TXREG1          equ	3993	;# 
  4527   000F99                     TXREG           equ	3993	;# 
  4528   000F9A                     SP1BRG          equ	3994	;# 
  4529   000F9A                     SPBRG           equ	3994	;# 
  4530   000F9A                     SP1BRGL         equ	3994	;# 
  4531   000F9A                     SPBRG1          equ	3994	;# 
  4532   000F9A                     SPBRGL          equ	3994	;# 
  4533   000F9B                     SP1BRGH         equ	3995	;# 
  4534   000F9B                     SPBRGH          equ	3995	;# 
  4535   000F9B                     SPBRGH1         equ	3995	;# 
  4536   000F9C                     RC1STA          equ	3996	;# 
  4537   000F9C                     RCSTA1          equ	3996	;# 
  4538   000F9C                     RCSTA           equ	3996	;# 
  4539   000F9D                     TX1STA          equ	3997	;# 
  4540   000F9D                     TXSTA1          equ	3997	;# 
  4541   000F9D                     TXSTA           equ	3997	;# 
  4542   000F9E                     BAUD1CON        equ	3998	;# 
  4543   000F9E                     BAUDCON1        equ	3998	;# 
  4544   000F9E                     BAUDCTL1        equ	3998	;# 
  4545   000F9E                     BAUDCON         equ	3998	;# 
  4546   000F9E                     BAUDCTL         equ	3998	;# 
  4547   000F9F                     PWM4DC          equ	3999	;# 
  4548   000F9F                     PWM4DCL         equ	3999	;# 
  4549   000FA0                     PWM4DCH         equ	4000	;# 
  4550   000FA1                     PWM4CON         equ	4001	;# 
  4551   000FA2                     PWM3DC          equ	4002	;# 
  4552   000FA2                     PWM3DCL         equ	4002	;# 
  4553   000FA3                     PWM3DCH         equ	4003	;# 
  4554   000FA4                     PWM3CON         equ	4004	;# 
  4555   000FA5                     CCPR2           equ	4005	;# 
  4556   000FA5                     CCPR2L          equ	4005	;# 
  4557   000FA6                     CCPR2H          equ	4006	;# 
  4558   000FA7                     CCP2CON         equ	4007	;# 
  4559   000FA8                     CCP2CAP         equ	4008	;# 
  4560   000FA9                     CCPR1           equ	4009	;# 
  4561   000FA9                     CCPR1L          equ	4009	;# 
  4562   000FAA                     CCPR1H          equ	4010	;# 
  4563   000FAB                     CCP1CON         equ	4011	;# 
  4564   000FAC                     CCP1CAP         equ	4012	;# 
  4565   000FAD                     CCPTMRS         equ	4013	;# 
  4566   000FAE                     T6TMR           equ	4014	;# 
  4567   000FAE                     TMR6            equ	4014	;# 
  4568   000FAF                     T6PR            equ	4015	;# 
  4569   000FAF                     PR6             equ	4015	;# 
  4570   000FB0                     T6CON           equ	4016	;# 
  4571   000FB1                     T6HLT           equ	4017	;# 
  4572   000FB2                     T6CLKCON        equ	4018	;# 
  4573   000FB2                     T6CLK           equ	4018	;# 
  4574   000FB3                     T6RST           equ	4019	;# 
  4575   000FB4                     T4TMR           equ	4020	;# 
  4576   000FB4                     TMR4            equ	4020	;# 
  4577   000FB5                     T4PR            equ	4021	;# 
  4578   000FB5                     PR4             equ	4021	;# 
  4579   000FB6                     T4CON           equ	4022	;# 
  4580   000FB7                     T4HLT           equ	4023	;# 
  4581   000FB8                     T4CLKCON        equ	4024	;# 
  4582   000FB8                     T4CLK           equ	4024	;# 
  4583   000FB9                     T4RST           equ	4025	;# 
  4584   000FBA                     T2TMR           equ	4026	;# 
  4585   000FBA                     TMR2            equ	4026	;# 
  4586   000FBB                     T2PR            equ	4027	;# 
  4587   000FBB                     PR2             equ	4027	;# 
  4588   000FBC                     T2CON           equ	4028	;# 
  4589   000FBD                     T2HLT           equ	4029	;# 
  4590   000FBE                     T2CLKCON        equ	4030	;# 
  4591   000FBE                     T2CLK           equ	4030	;# 
  4592   000FBF                     T2RST           equ	4031	;# 
  4593   000FC0                     TMR5            equ	4032	;# 
  4594   000FC0                     TMR5L           equ	4032	;# 
  4595   000FC1                     TMR5H           equ	4033	;# 
  4596   000FC2                     T5CON           equ	4034	;# 
  4597   000FC2                     TMR5CON         equ	4034	;# 
  4598   000FC3                     T5GCON          equ	4035	;# 
  4599   000FC3                     TMR5GCON        equ	4035	;# 
  4600   000FC4                     T5GATE          equ	4036	;# 
  4601   000FC4                     TMR5GATE        equ	4036	;# 
  4602   000FC5                     T5CLK           equ	4037	;# 
  4603   000FC5                     TMR5CLK         equ	4037	;# 
  4604   000FC5                     PR5             equ	4037	;# 
  4605   000FC6                     TMR3            equ	4038	;# 
  4606   000FC6                     TMR3L           equ	4038	;# 
  4607   000FC7                     TMR3H           equ	4039	;# 
  4608   000FC8                     T3CON           equ	4040	;# 
  4609   000FC8                     TMR3CON         equ	4040	;# 
  4610   000FC9                     T3GCON          equ	4041	;# 
  4611   000FC9                     TMR3GCON        equ	4041	;# 
  4612   000FCA                     T3GATE          equ	4042	;# 
  4613   000FCA                     TMR3GATE        equ	4042	;# 
  4614   000FCB                     T3CLK           equ	4043	;# 
  4615   000FCB                     TMR3CLK         equ	4043	;# 
  4616   000FCB                     PR3             equ	4043	;# 
  4617   000FCC                     TMR1            equ	4044	;# 
  4618   000FCC                     TMR1L           equ	4044	;# 
  4619   000FCD                     TMR1H           equ	4045	;# 
  4620   000FCE                     T1CON           equ	4046	;# 
  4621   000FCE                     TMR1CON         equ	4046	;# 
  4622   000FCF                     T1GCON          equ	4047	;# 
  4623   000FCF                     TMR1GCON        equ	4047	;# 
  4624   000FD0                     T1GATE          equ	4048	;# 
  4625   000FD0                     TMR1GATE        equ	4048	;# 
  4626   000FD1                     T1CLK           equ	4049	;# 
  4627   000FD1                     TMR1CLK         equ	4049	;# 
  4628   000FD1                     PR1             equ	4049	;# 
  4629   000FD2                     TMR0L           equ	4050	;# 
  4630   000FD2                     TMR0            equ	4050	;# 
  4631   000FD3                     TMR0H           equ	4051	;# 
  4632   000FD3                     PR0             equ	4051	;# 
  4633   000FD4                     T0CON0          equ	4052	;# 
  4634   000FD5                     T0CON1          equ	4053	;# 
  4635   000FD6                     PCON1           equ	4054	;# 
  4636   000FD7                     PCON0           equ	4055	;# 
  4637   000FD8                     STATUS          equ	4056	;# 
  4638   000FD9                     FSR2            equ	4057	;# 
  4639   000FD9                     FSR2L           equ	4057	;# 
  4640   000FDA                     FSR2H           equ	4058	;# 
  4641   000FDB                     PLUSW2          equ	4059	;# 
  4642   000FDC                     PREINC2         equ	4060	;# 
  4643   000FDD                     POSTDEC2        equ	4061	;# 
  4644   000FDE                     POSTINC2        equ	4062	;# 
  4645   000FDF                     INDF2           equ	4063	;# 
  4646   000FE0                     BSR             equ	4064	;# 
  4647   000FE1                     FSR1            equ	4065	;# 
  4648   000FE1                     FSR1L           equ	4065	;# 
  4649   000FE2                     FSR1H           equ	4066	;# 
  4650   000FE3                     PLUSW1          equ	4067	;# 
  4651   000FE4                     PREINC1         equ	4068	;# 
  4652   000FE5                     POSTDEC1        equ	4069	;# 
  4653   000FE6                     POSTINC1        equ	4070	;# 
  4654   000FE7                     INDF1           equ	4071	;# 
  4655   000FE8                     WREG            equ	4072	;# 
  4656   000FE9                     FSR0            equ	4073	;# 
  4657   000FE9                     FSR0L           equ	4073	;# 
  4658   000FEA                     FSR0H           equ	4074	;# 
  4659   000FEB                     PLUSW0          equ	4075	;# 
  4660   000FEC                     PREINC0         equ	4076	;# 
  4661   000FED                     POSTDEC0        equ	4077	;# 
  4662   000FEE                     POSTINC0        equ	4078	;# 
  4663   000FEF                     INDF0           equ	4079	;# 
  4664   000FF2                     INTCON          equ	4082	;# 
  4665   000FF3                     PROD            equ	4083	;# 
  4666   000FF3                     PRODL           equ	4083	;# 
  4667   000FF4                     PRODH           equ	4084	;# 
  4668   000FF5                     TABLAT          equ	4085	;# 
  4669   000FF6                     TBLPTR          equ	4086	;# 
  4670   000FF6                     TBLPTRL         equ	4086	;# 
  4671   000FF7                     TBLPTRH         equ	4087	;# 
  4672   000FF8                     TBLPTRU         equ	4088	;# 
  4673   000FF9                     PCLAT           equ	4089	;# 
  4674   000FF9                     PCL             equ	4089	;# 
  4675   000FFA                     PCLATH          equ	4090	;# 
  4676   000FFB                     PCLATU          equ	4091	;# 
  4677   000FFC                     STKPTR          equ	4092	;# 
  4678   000FFD                     TOS             equ	4093	;# 
  4679   000FFD                     TOSL            equ	4093	;# 
  4680   000FFE                     TOSH            equ	4094	;# 
  4681   000FFF                     TOSU            equ	4095	;# 
  4682   000E1F                     CLCIN0PPS       equ	3615	;# 
  4683   000E20                     CLCIN1PPS       equ	3616	;# 
  4684   000E21                     CLCIN2PPS       equ	3617	;# 
  4685   000E22                     CLCIN3PPS       equ	3618	;# 
  4686   000E23                     CLCIN4PPS       equ	3619	;# 
  4687   000E24                     CLCIN5PPS       equ	3620	;# 
  4688   000E25                     CLCIN6PPS       equ	3621	;# 
  4689   000E26                     CLCIN7PPS       equ	3622	;# 
  4690   000E27                     CLC1CON         equ	3623	;# 
  4691   000E28                     CLC1POL         equ	3624	;# 
  4692   000E29                     CLC1SEL0        equ	3625	;# 
  4693   000E2A                     CLC1SEL1        equ	3626	;# 
  4694   000E2B                     CLC1SEL2        equ	3627	;# 
  4695   000E2C                     CLC1SEL3        equ	3628	;# 
  4696   000E2D                     CLC1GLS0        equ	3629	;# 
  4697   000E2E                     CLC1GLS1        equ	3630	;# 
  4698   000E2F                     CLC1GLS2        equ	3631	;# 
  4699   000E30                     CLC1GLS3        equ	3632	;# 
  4700   000E31                     CLC2CON         equ	3633	;# 
  4701   000E32                     CLC2POL         equ	3634	;# 
  4702   000E33                     CLC2SEL0        equ	3635	;# 
  4703   000E34                     CLC2SEL1        equ	3636	;# 
  4704   000E35                     CLC2SEL2        equ	3637	;# 
  4705   000E36                     CLC2SEL3        equ	3638	;# 
  4706   000E37                     CLC2GLS0        equ	3639	;# 
  4707   000E38                     CLC2GLS1        equ	3640	;# 
  4708   000E39                     CLC2GLS2        equ	3641	;# 
  4709   000E3A                     CLC2GLS3        equ	3642	;# 
  4710   000E3B                     CLC3CON         equ	3643	;# 
  4711   000E3C                     CLC3POL         equ	3644	;# 
  4712   000E3D                     CLC3SEL0        equ	3645	;# 
  4713   000E3E                     CLC3SEL1        equ	3646	;# 
  4714   000E3F                     CLC3SEL2        equ	3647	;# 
  4715   000E40                     CLC3SEL3        equ	3648	;# 
  4716   000E41                     CLC3GLS0        equ	3649	;# 
  4717   000E42                     CLC3GLS1        equ	3650	;# 
  4718   000E43                     CLC3GLS2        equ	3651	;# 
  4719   000E44                     CLC3GLS3        equ	3652	;# 
  4720   000E45                     CLC4CON         equ	3653	;# 
  4721   000E46                     CLC4POL         equ	3654	;# 
  4722   000E47                     CLC4SEL0        equ	3655	;# 
  4723   000E48                     CLC4SEL1        equ	3656	;# 
  4724   000E49                     CLC4SEL2        equ	3657	;# 
  4725   000E4A                     CLC4SEL3        equ	3658	;# 
  4726   000E4B                     CLC4GLS0        equ	3659	;# 
  4727   000E4C                     CLC4GLS1        equ	3660	;# 
  4728   000E4D                     CLC4GLS2        equ	3661	;# 
  4729   000E4E                     CLC4GLS3        equ	3662	;# 
  4730   000E4F                     CLC5CON         equ	3663	;# 
  4731   000E50                     CLC5POL         equ	3664	;# 
  4732   000E51                     CLC5SEL0        equ	3665	;# 
  4733   000E52                     CLC5SEL1        equ	3666	;# 
  4734   000E53                     CLC5SEL2        equ	3667	;# 
  4735   000E54                     CLC5SEL3        equ	3668	;# 
  4736   000E55                     CLC5GLS0        equ	3669	;# 
  4737   000E56                     CLC5GLS1        equ	3670	;# 
  4738   000E57                     CLC5GLS2        equ	3671	;# 
  4739   000E58                     CLC5GLS3        equ	3672	;# 
  4740   000E59                     CLC6CON         equ	3673	;# 
  4741   000E5A                     CLC6POL         equ	3674	;# 
  4742   000E5B                     CLC6SEL0        equ	3675	;# 
  4743   000E5C                     CLC6SEL1        equ	3676	;# 
  4744   000E5D                     CLC6SEL2        equ	3677	;# 
  4745   000E5E                     CLC6SEL3        equ	3678	;# 
  4746   000E5F                     CLC6GLS0        equ	3679	;# 
  4747   000E60                     CLC6GLS1        equ	3680	;# 
  4748   000E61                     CLC6GLS2        equ	3681	;# 
  4749   000E62                     CLC6GLS3        equ	3682	;# 
  4750   000E63                     CLC7CON         equ	3683	;# 
  4751   000E64                     CLC7POL         equ	3684	;# 
  4752   000E65                     CLC7SEL0        equ	3685	;# 
  4753   000E66                     CLC7SEL1        equ	3686	;# 
  4754   000E67                     CLC7SEL2        equ	3687	;# 
  4755   000E68                     CLC7SEL3        equ	3688	;# 
  4756   000E69                     CLC7GLS0        equ	3689	;# 
  4757   000E6A                     CLC7GLS1        equ	3690	;# 
  4758   000E6B                     CLC7GLS2        equ	3691	;# 
  4759   000E6C                     CLC7GLS3        equ	3692	;# 
  4760   000E6D                     CLC8CON         equ	3693	;# 
  4761   000E6E                     CLC8POL         equ	3694	;# 
  4762   000E6F                     CLC8SEL0        equ	3695	;# 
  4763   000E70                     CLC8SEL1        equ	3696	;# 
  4764   000E71                     CLC8SEL2        equ	3697	;# 
  4765   000E72                     CLC8SEL3        equ	3698	;# 
  4766   000E73                     CLC8GLS0        equ	3699	;# 
  4767   000E74                     CLC8GLS1        equ	3700	;# 
  4768   000E75                     CLC8GLS2        equ	3701	;# 
  4769   000E76                     CLC8GLS3        equ	3702	;# 
  4770   000E77                     CLCDATA         equ	3703	;# 
  4771   000E88                     RX2PPS          equ	3720	;# 
  4772   000E88                     RXDT2PPS        equ	3720	;# 
  4773   000E89                     CK2PPS          equ	3721	;# 
  4774   000E89                     TXCK2PPS        equ	3721	;# 
  4775   000E89                     TX2PPS          equ	3721	;# 
  4776   000E8A                     SSP2CLKPPS      equ	3722	;# 
  4777   000E8B                     SSP2DATPPS      equ	3723	;# 
  4778   000E8C                     SSP2SSPPS       equ	3724	;# 
  4779   000E8D                     SSP2BUF         equ	3725	;# 
  4780   000E8E                     SSP2ADD         equ	3726	;# 
  4781   000E8F                     SSP2MSK         equ	3727	;# 
  4782   000E90                     SSP2STAT        equ	3728	;# 
  4783   000E91                     SSP2CON1        equ	3729	;# 
  4784   000E92                     SSP2CON2        equ	3730	;# 
  4785   000E93                     SSP2CON3        equ	3731	;# 
  4786   000E94                     RC2REG          equ	3732	;# 
  4787   000E94                     RCREG2          equ	3732	;# 
  4788   000E95                     TX2REG          equ	3733	;# 
  4789   000E95                     TXREG2          equ	3733	;# 
  4790   000E96                     SP2BRG          equ	3734	;# 
  4791   000E96                     SP2BRGL         equ	3734	;# 
  4792   000E96                     SPBRG2          equ	3734	;# 
  4793   000E97                     SP2BRGH         equ	3735	;# 
  4794   000E97                     SPBRGH2         equ	3735	;# 
  4795   000E98                     RC2STA          equ	3736	;# 
  4796   000E98                     RCSTA2          equ	3736	;# 
  4797   000E99                     TX2STA          equ	3737	;# 
  4798   000E99                     TXSTA2          equ	3737	;# 
  4799   000E9A                     BAUD2CON        equ	3738	;# 
  4800   000E9A                     BAUDCON2        equ	3738	;# 
  4801   000E9A                     BAUDCTL2        equ	3738	;# 
  4802   000E9B                     PPSLOCK         equ	3739	;# 
  4803   000E9C                     INT0PPS         equ	3740	;# 
  4804   000E9D                     INT1PPS         equ	3741	;# 
  4805   000E9E                     INT2PPS         equ	3742	;# 
  4806   000E9F                     T0CKIPPS        equ	3743	;# 
  4807   000EA0                     T1CKIPPS        equ	3744	;# 
  4808   000EA1                     T1GPPS          equ	3745	;# 
  4809   000EA2                     T3CKIPPS        equ	3746	;# 
  4810   000EA3                     T3GPPS          equ	3747	;# 
  4811   000EA4                     T5CKIPPS        equ	3748	;# 
  4812   000EA5                     T5GPPS          equ	3749	;# 
  4813   000EA6                     T2INPPS         equ	3750	;# 
  4814   000EA7                     T4INPPS         equ	3751	;# 
  4815   000EA8                     T6INPPS         equ	3752	;# 
  4816   000EA9                     ADACTPPS        equ	3753	;# 
  4817   000EAA                     CCP1PPS         equ	3754	;# 
  4818   000EAB                     CCP2PPS         equ	3755	;# 
  4819   000EAC                     CWG1PPS         equ	3756	;# 
  4820   000EAC                     CWGPPS          equ	3756	;# 
  4821   000EAC                     CWG1INPPS       equ	3756	;# 
  4822   000EAC                     CWGINPPS        equ	3756	;# 
  4823   000EAD                     MDCARLPPS       equ	3757	;# 
  4824   000EAE                     MDCARHPPS       equ	3758	;# 
  4825   000EAF                     MDSRCPPS        equ	3759	;# 
  4826   000EB0                     RX1PPS          equ	3760	;# 
  4827   000EB0                     RXPPS           equ	3760	;# 
  4828   000EB0                     RXDT1PPS        equ	3760	;# 
  4829   000EB1                     CK1PPS          equ	3761	;# 
  4830   000EB1                     TXPPS           equ	3761	;# 
  4831   000EB1                     CKPPS           equ	3761	;# 
  4832   000EB1                     TX1PPS          equ	3761	;# 
  4833   000EB1                     TXCK1PPS        equ	3761	;# 
  4834   000EB2                     SSP1CLKPPS      equ	3762	;# 
  4835   000EB2                     SSPCLKPPS       equ	3762	;# 
  4836   000EB3                     SSP1DATPPS      equ	3763	;# 
  4837   000EB3                     SSPDATPPS       equ	3763	;# 
  4838   000EB4                     SSP1SSPPS       equ	3764	;# 
  4839   000EB4                     SSPSSPPS        equ	3764	;# 
  4840   000EB5                     IPR0            equ	3765	;# 
  4841   000EB6                     IPR1            equ	3766	;# 
  4842   000EB7                     IPR2            equ	3767	;# 
  4843   000EB8                     IPR3            equ	3768	;# 
  4844   000EB9                     IPR4            equ	3769	;# 
  4845   000EBA                     IPR5            equ	3770	;# 
  4846   000EBB                     IPR6            equ	3771	;# 
  4847   000EBC                     IPR7            equ	3772	;# 
  4848   000EBD                     PIE0            equ	3773	;# 
  4849   000EBE                     PIE1            equ	3774	;# 
  4850   000EBF                     PIE2            equ	3775	;# 
  4851   000EC0                     PIE3            equ	3776	;# 
  4852   000EC1                     PIE4            equ	3777	;# 
  4853   000EC2                     PIE5            equ	3778	;# 
  4854   000EC3                     PIE6            equ	3779	;# 
  4855   000EC4                     PIE7            equ	3780	;# 
  4856   000EC5                     PIR0            equ	3781	;# 
  4857   000EC6                     PIR1            equ	3782	;# 
  4858   000EC7                     PIR2            equ	3783	;# 
  4859   000EC8                     PIR3            equ	3784	;# 
  4860   000EC9                     PIR4            equ	3785	;# 
  4861   000ECA                     PIR5            equ	3786	;# 
  4862   000ECB                     PIR6            equ	3787	;# 
  4863   000ECC                     PIR7            equ	3788	;# 
  4864   000ECD                     WDTCON0         equ	3789	;# 
  4865   000ECE                     WDTCON1         equ	3790	;# 
  4866   000ECF                     WDTPSL          equ	3791	;# 
  4867   000ED0                     WDTPSH          equ	3792	;# 
  4868   000ED1                     WDTTMR          equ	3793	;# 
  4869   000ED2                     CPUDOZE         equ	3794	;# 
  4870   000ED3                     OSCCON1         equ	3795	;# 
  4871   000ED4                     OSCCON2         equ	3796	;# 
  4872   000ED5                     OSCCON3         equ	3797	;# 
  4873   000ED6                     OSCSTAT         equ	3798	;# 
  4874   000ED6                     OSCSTAT1        equ	3798	;# 
  4875   000ED7                     OSCEN           equ	3799	;# 
  4876   000ED8                     OSCTUNE         equ	3800	;# 
  4877   000ED9                     OSCFRQ          equ	3801	;# 
  4878   000ED9                     OSCFREQ         equ	3801	;# 
  4879   000EDA                     VREGCON         equ	3802	;# 
  4880   000EDB                     BORCON          equ	3803	;# 
  4881   000EDC                     PMD0            equ	3804	;# 
  4882   000EDD                     PMD1            equ	3805	;# 
  4883   000EDE                     PMD2            equ	3806	;# 
  4884   000EDF                     PMD3            equ	3807	;# 
  4885   000EE0                     PMD4            equ	3808	;# 
  4886   000EE1                     PMD5            equ	3809	;# 
  4887   000EE2                     RA0PPS          equ	3810	;# 
  4888   000EE3                     RA1PPS          equ	3811	;# 
  4889   000EE4                     RA2PPS          equ	3812	;# 
  4890   000EE5                     RA3PPS          equ	3813	;# 
  4891   000EE6                     RA4PPS          equ	3814	;# 
  4892   000EE7                     RA5PPS          equ	3815	;# 
  4893   000EE8                     RA6PPS          equ	3816	;# 
  4894   000EE9                     RA7PPS          equ	3817	;# 
  4895   000EEA                     RB0PPS          equ	3818	;# 
  4896   000EEB                     RB1PPS          equ	3819	;# 
  4897   000EEC                     RB2PPS          equ	3820	;# 
  4898   000EED                     RB3PPS          equ	3821	;# 
  4899   000EEE                     RB4PPS          equ	3822	;# 
  4900   000EEF                     RB5PPS          equ	3823	;# 
  4901   000EF0                     RB6PPS          equ	3824	;# 
  4902   000EF1                     RB7PPS          equ	3825	;# 
  4903   000EF2                     RC0PPS          equ	3826	;# 
  4904   000EF3                     RC1PPS          equ	3827	;# 
  4905   000EF4                     RC2PPS          equ	3828	;# 
  4906   000EF5                     RC3PPS          equ	3829	;# 
  4907   000EF6                     RC4PPS          equ	3830	;# 
  4908   000EF7                     RC5PPS          equ	3831	;# 
  4909   000EF8                     RC6PPS          equ	3832	;# 
  4910   000EF9                     RC7PPS          equ	3833	;# 
  4911   000EFA                     RD0PPS          equ	3834	;# 
  4912   000EFB                     RD1PPS          equ	3835	;# 
  4913   000EFC                     RD2PPS          equ	3836	;# 
  4914   000EFD                     RD3PPS          equ	3837	;# 
  4915   000EFE                     RD4PPS          equ	3838	;# 
  4916   000EFF                     RD5PPS          equ	3839	;# 
  4917   000F00                     RD6PPS          equ	3840	;# 
  4918   000F01                     RD7PPS          equ	3841	;# 
  4919   000F02                     RE0PPS          equ	3842	;# 
  4920   000F03                     RE1PPS          equ	3843	;# 
  4921   000F04                     RE2PPS          equ	3844	;# 
  4922   000F05                     IOCAF           equ	3845	;# 
  4923   000F06                     IOCAN           equ	3846	;# 
  4924   000F07                     IOCAP           equ	3847	;# 
  4925   000F08                     INLVLA          equ	3848	;# 
  4926   000F09                     SLRCONA         equ	3849	;# 
  4927   000F0A                     ODCONA          equ	3850	;# 
  4928   000F0B                     WPUA            equ	3851	;# 
  4929   000F0C                     ANSELA          equ	3852	;# 
  4930   000F0D                     IOCBF           equ	3853	;# 
  4931   000F0E                     IOCBN           equ	3854	;# 
  4932   000F0F                     IOCBP           equ	3855	;# 
  4933   000F10                     INLVLB          equ	3856	;# 
  4934   000F11                     SLRCONB         equ	3857	;# 
  4935   000F12                     ODCONB          equ	3858	;# 
  4936   000F13                     WPUB            equ	3859	;# 
  4937   000F14                     ANSELB          equ	3860	;# 
  4938   000F15                     IOCCF           equ	3861	;# 
  4939   000F16                     IOCCN           equ	3862	;# 
  4940   000F17                     IOCCP           equ	3863	;# 
  4941   000F18                     INLVLC          equ	3864	;# 
  4942   000F19                     SLRCONC         equ	3865	;# 
  4943   000F1A                     ODCONC          equ	3866	;# 
  4944   000F1B                     WPUC            equ	3867	;# 
  4945   000F1C                     ANSELC          equ	3868	;# 
  4946   000F1D                     INLVLD          equ	3869	;# 
  4947   000F1E                     SLRCOND         equ	3870	;# 
  4948   000F1F                     ODCOND          equ	3871	;# 
  4949   000F20                     WPUD            equ	3872	;# 
  4950   000F21                     ANSELD          equ	3873	;# 
  4951   000F22                     IOCEF           equ	3874	;# 
  4952   000F23                     IOCEN           equ	3875	;# 
  4953   000F24                     IOCEP           equ	3876	;# 
  4954   000F25                     INLVLE          equ	3877	;# 
  4955   000F26                     SLRCONE         equ	3878	;# 
  4956   000F27                     ODCONE          equ	3879	;# 
  4957   000F28                     WPUE            equ	3880	;# 
  4958   000F29                     ANSELE          equ	3881	;# 
  4959   000F2A                     HLVDCON0        equ	3882	;# 
  4960   000F2B                     HLVDCON1        equ	3883	;# 
  4961   000F2C                     FVRCON          equ	3884	;# 
  4962   000F2D                     ZCDCON          equ	3885	;# 
  4963   000F2E                     DAC1CON0        equ	3886	;# 
  4964   000F2F                     DAC1CON1        equ	3887	;# 
  4965   000F30                     CM2CON0         equ	3888	;# 
  4966   000F31                     CM2CON1         equ	3889	;# 
  4967   000F32                     CM2NCH          equ	3890	;# 
  4968   000F33                     CM2PCH          equ	3891	;# 
  4969   000F34                     CM1CON0         equ	3892	;# 
  4970   000F35                     CM1CON1         equ	3893	;# 
  4971   000F36                     CM1NCH          equ	3894	;# 
  4972   000F37                     CM1PCH          equ	3895	;# 
  4973   000F38                     CMOUT           equ	3896	;# 
  4974   000F39                     CLKRCON         equ	3897	;# 
  4975   000F3A                     CLKRCLK         equ	3898	;# 
  4976   000F3B                     CWG1CLK         equ	3899	;# 
  4977   000F3B                     CWG1CLKCON      equ	3899	;# 
  4978   000F3C                     CWG1ISM         equ	3900	;# 
  4979   000F3D                     CWG1DBR         equ	3901	;# 
  4980   000F3E                     CWG1DBF         equ	3902	;# 
  4981   000F3F                     CWG1CON0        equ	3903	;# 
  4982   000F40                     CWG1CON1        equ	3904	;# 
  4983   000F41                     CWG1AS0         equ	3905	;# 
  4984   000F42                     CWG1AS1         equ	3906	;# 
  4985   000F43                     CWG1STR         equ	3907	;# 
  4986   000F44                     SCANLADR        equ	3908	;# 
  4987   000F44                     SCANLADRL       equ	3908	;# 
  4988   000F45                     SCANLADRH       equ	3909	;# 
  4989   000F46                     SCANLADRU       equ	3910	;# 
  4990   000F47                     SCANHADR        equ	3911	;# 
  4991   000F47                     SCANHADRL       equ	3911	;# 
  4992   000F48                     SCANHADRH       equ	3912	;# 
  4993   000F49                     SCANHADRU       equ	3913	;# 
  4994   000F4A                     SCANCON0        equ	3914	;# 
  4995   000F4B                     SCANTRIG        equ	3915	;# 
  4996   000F4C                     MDCON0          equ	3916	;# 
  4997   000F4D                     MDCON1          equ	3917	;# 
  4998   000F4E                     MDSRC           equ	3918	;# 
  4999   000F4F                     MDCARL          equ	3919	;# 
  5000   000F50                     MDCARH          equ	3920	;# 
  5001   000F51                     ADACT           equ	3921	;# 
  5002   000F52                     ADCLK           equ	3922	;# 
  5003   000F53                     ADREF           equ	3923	;# 
  5004   000F54                     ADCON1          equ	3924	;# 
  5005   000F55                     ADCON2          equ	3925	;# 
  5006   000F56                     ADCON3          equ	3926	;# 
  5007   000F57                     ADACQ           equ	3927	;# 
  5008   000F58                     ADCAP           equ	3928	;# 
  5009   000F59                     ADPRE           equ	3929	;# 
  5010   000F5A                     ADPCH           equ	3930	;# 
  5011   000F5B                     ADCON0          equ	3931	;# 
  5012   000F5C                     ADPREV          equ	3932	;# 
  5013   000F5C                     ADPREVL         equ	3932	;# 
  5014   000F5D                     ADPREVH         equ	3933	;# 
  5015   000F5E                     ADRES           equ	3934	;# 
  5016   000F5E                     ADRESL          equ	3934	;# 
  5017   000F5F                     ADRESH          equ	3935	;# 
  5018   000F60                     ADSTAT          equ	3936	;# 
  5019   000F61                     ADRPT           equ	3937	;# 
  5020   000F62                     ADCNT           equ	3938	;# 
  5021   000F63                     ADSTPT          equ	3939	;# 
  5022   000F63                     ADSTPTL         equ	3939	;# 
  5023   000F64                     ADSTPTH         equ	3940	;# 
  5024   000F65                     ADLTH           equ	3941	;# 
  5025   000F65                     ADLTHL          equ	3941	;# 
  5026   000F66                     ADLTHH          equ	3942	;# 
  5027   000F67                     ADUTH           equ	3943	;# 
  5028   000F67                     ADUTHL          equ	3943	;# 
  5029   000F68                     ADUTHH          equ	3944	;# 
  5030   000F69                     ADERR           equ	3945	;# 
  5031   000F69                     ADERRL          equ	3945	;# 
  5032   000F6A                     ADERRH          equ	3946	;# 
  5033   000F6B                     ADACC           equ	3947	;# 
  5034   000F6B                     ADACCL          equ	3947	;# 
  5035   000F6C                     ADACCH          equ	3948	;# 
  5036   000F6D                     ADFLTR          equ	3949	;# 
  5037   000F6D                     ADFLTRL         equ	3949	;# 
  5038   000F6E                     ADFLTRH         equ	3950	;# 
  5039   000F6F                     CRCDATA         equ	3951	;# 
  5040   000F6F                     CRCDATL         equ	3951	;# 
  5041   000F70                     CRCDATH         equ	3952	;# 
  5042   000F71                     CRCACC          equ	3953	;# 
  5043   000F71                     CRCACCL         equ	3953	;# 
  5044   000F72                     CRCACCH         equ	3954	;# 
  5045   000F73                     CRCSHFT         equ	3955	;# 
  5046   000F73                     CRCSHIFTL       equ	3955	;# 
  5047   000F74                     CRCSHIFTH       equ	3956	;# 
  5048   000F75                     CRCXOR          equ	3957	;# 
  5049   000F75                     CRCXORL         equ	3957	;# 
  5050   000F76                     CRCXORH         equ	3958	;# 
  5051   000F77                     CRCCON0         equ	3959	;# 
  5052   000F78                     CRCCON1         equ	3960	;# 
  5053   000F79                     NVMADR          equ	3961	;# 
  5054   000F79                     NVMADRL         equ	3961	;# 
  5055   000F7A                     NVMADRH         equ	3962	;# 
  5056   000F7B                     NVMADRU         equ	3963	;# 
  5057   000F7C                     NVMDAT          equ	3964	;# 
  5058   000F7C                     NVMDATL         equ	3964	;# 
  5059   000F7D                     NVMDATH         equ	3965	;# 
  5060   000F7F                     NVMCON0         equ	3967	;# 
  5061   000F80                     NVMCON1         equ	3968	;# 
  5062   000F81                     NVMCON2         equ	3969	;# 
  5063   000F82                     LATA            equ	3970	;# 
  5064   000F83                     LATB            equ	3971	;# 
  5065   000F84                     LATC            equ	3972	;# 
  5066   000F85                     LATD            equ	3973	;# 
  5067   000F86                     LATE            equ	3974	;# 
  5068   000F87                     TRISA           equ	3975	;# 
  5069   000F87                     DDRA            equ	3975	;# 
  5070   000F88                     TRISB           equ	3976	;# 
  5071   000F88                     DDRB            equ	3976	;# 
  5072   000F89                     TRISC           equ	3977	;# 
  5073   000F89                     DDRC            equ	3977	;# 
  5074   000F8A                     TRISD           equ	3978	;# 
  5075   000F8A                     DDRD            equ	3978	;# 
  5076   000F8B                     TRISE           equ	3979	;# 
  5077   000F8B                     DDRE            equ	3979	;# 
  5078   000F8C                     PORTA           equ	3980	;# 
  5079   000F8D                     PORTB           equ	3981	;# 
  5080   000F8E                     PORTC           equ	3982	;# 
  5081   000F8F                     PORTD           equ	3983	;# 
  5082   000F90                     PORTE           equ	3984	;# 
  5083   000F91                     SSP1BUF         equ	3985	;# 
  5084   000F92                     SSP1ADD         equ	3986	;# 
  5085   000F93                     SSP1MSK         equ	3987	;# 
  5086   000F94                     SSP1STAT        equ	3988	;# 
  5087   000F95                     SSP1CON1        equ	3989	;# 
  5088   000F96                     SSP1CON2        equ	3990	;# 
  5089   000F97                     SSP1CON3        equ	3991	;# 
  5090   000F98                     RC1REG          equ	3992	;# 
  5091   000F98                     RCREG           equ	3992	;# 
  5092   000F98                     RCREG1          equ	3992	;# 
  5093   000F99                     TX1REG          equ	3993	;# 
  5094   000F99                     TXREG1          equ	3993	;# 
  5095   000F99                     TXREG           equ	3993	;# 
  5096   000F9A                     SP1BRG          equ	3994	;# 
  5097   000F9A                     SPBRG           equ	3994	;# 
  5098   000F9A                     SP1BRGL         equ	3994	;# 
  5099   000F9A                     SPBRG1          equ	3994	;# 
  5100   000F9A                     SPBRGL          equ	3994	;# 
  5101   000F9B                     SP1BRGH         equ	3995	;# 
  5102   000F9B                     SPBRGH          equ	3995	;# 
  5103   000F9B                     SPBRGH1         equ	3995	;# 
  5104   000F9C                     RC1STA          equ	3996	;# 
  5105   000F9C                     RCSTA1          equ	3996	;# 
  5106   000F9C                     RCSTA           equ	3996	;# 
  5107   000F9D                     TX1STA          equ	3997	;# 
  5108   000F9D                     TXSTA1          equ	3997	;# 
  5109   000F9D                     TXSTA           equ	3997	;# 
  5110   000F9E                     BAUD1CON        equ	3998	;# 
  5111   000F9E                     BAUDCON1        equ	3998	;# 
  5112   000F9E                     BAUDCTL1        equ	3998	;# 
  5113   000F9E                     BAUDCON         equ	3998	;# 
  5114   000F9E                     BAUDCTL         equ	3998	;# 
  5115   000F9F                     PWM4DC          equ	3999	;# 
  5116   000F9F                     PWM4DCL         equ	3999	;# 
  5117   000FA0                     PWM4DCH         equ	4000	;# 
  5118   000FA1                     PWM4CON         equ	4001	;# 
  5119   000FA2                     PWM3DC          equ	4002	;# 
  5120   000FA2                     PWM3DCL         equ	4002	;# 
  5121   000FA3                     PWM3DCH         equ	4003	;# 
  5122   000FA4                     PWM3CON         equ	4004	;# 
  5123   000FA5                     CCPR2           equ	4005	;# 
  5124   000FA5                     CCPR2L          equ	4005	;# 
  5125   000FA6                     CCPR2H          equ	4006	;# 
  5126   000FA7                     CCP2CON         equ	4007	;# 
  5127   000FA8                     CCP2CAP         equ	4008	;# 
  5128   000FA9                     CCPR1           equ	4009	;# 
  5129   000FA9                     CCPR1L          equ	4009	;# 
  5130   000FAA                     CCPR1H          equ	4010	;# 
  5131   000FAB                     CCP1CON         equ	4011	;# 
  5132   000FAC                     CCP1CAP         equ	4012	;# 
  5133   000FAD                     CCPTMRS         equ	4013	;# 
  5134   000FAE                     T6TMR           equ	4014	;# 
  5135   000FAE                     TMR6            equ	4014	;# 
  5136   000FAF                     T6PR            equ	4015	;# 
  5137   000FAF                     PR6             equ	4015	;# 
  5138   000FB0                     T6CON           equ	4016	;# 
  5139   000FB1                     T6HLT           equ	4017	;# 
  5140   000FB2                     T6CLKCON        equ	4018	;# 
  5141   000FB2                     T6CLK           equ	4018	;# 
  5142   000FB3                     T6RST           equ	4019	;# 
  5143   000FB4                     T4TMR           equ	4020	;# 
  5144   000FB4                     TMR4            equ	4020	;# 
  5145   000FB5                     T4PR            equ	4021	;# 
  5146   000FB5                     PR4             equ	4021	;# 
  5147   000FB6                     T4CON           equ	4022	;# 
  5148   000FB7                     T4HLT           equ	4023	;# 
  5149   000FB8                     T4CLKCON        equ	4024	;# 
  5150   000FB8                     T4CLK           equ	4024	;# 
  5151   000FB9                     T4RST           equ	4025	;# 
  5152   000FBA                     T2TMR           equ	4026	;# 
  5153   000FBA                     TMR2            equ	4026	;# 
  5154   000FBB                     T2PR            equ	4027	;# 
  5155   000FBB                     PR2             equ	4027	;# 
  5156   000FBC                     T2CON           equ	4028	;# 
  5157   000FBD                     T2HLT           equ	4029	;# 
  5158   000FBE                     T2CLKCON        equ	4030	;# 
  5159   000FBE                     T2CLK           equ	4030	;# 
  5160   000FBF                     T2RST           equ	4031	;# 
  5161   000FC0                     TMR5            equ	4032	;# 
  5162   000FC0                     TMR5L           equ	4032	;# 
  5163   000FC1                     TMR5H           equ	4033	;# 
  5164   000FC2                     T5CON           equ	4034	;# 
  5165   000FC2                     TMR5CON         equ	4034	;# 
  5166   000FC3                     T5GCON          equ	4035	;# 
  5167   000FC3                     TMR5GCON        equ	4035	;# 
  5168   000FC4                     T5GATE          equ	4036	;# 
  5169   000FC4                     TMR5GATE        equ	4036	;# 
  5170   000FC5                     T5CLK           equ	4037	;# 
  5171   000FC5                     TMR5CLK         equ	4037	;# 
  5172   000FC5                     PR5             equ	4037	;# 
  5173   000FC6                     TMR3            equ	4038	;# 
  5174   000FC6                     TMR3L           equ	4038	;# 
  5175   000FC7                     TMR3H           equ	4039	;# 
  5176   000FC8                     T3CON           equ	4040	;# 
  5177   000FC8                     TMR3CON         equ	4040	;# 
  5178   000FC9                     T3GCON          equ	4041	;# 
  5179   000FC9                     TMR3GCON        equ	4041	;# 
  5180   000FCA                     T3GATE          equ	4042	;# 
  5181   000FCA                     TMR3GATE        equ	4042	;# 
  5182   000FCB                     T3CLK           equ	4043	;# 
  5183   000FCB                     TMR3CLK         equ	4043	;# 
  5184   000FCB                     PR3             equ	4043	;# 
  5185   000FCC                     TMR1            equ	4044	;# 
  5186   000FCC                     TMR1L           equ	4044	;# 
  5187   000FCD                     TMR1H           equ	4045	;# 
  5188   000FCE                     T1CON           equ	4046	;# 
  5189   000FCE                     TMR1CON         equ	4046	;# 
  5190   000FCF                     T1GCON          equ	4047	;# 
  5191   000FCF                     TMR1GCON        equ	4047	;# 
  5192   000FD0                     T1GATE          equ	4048	;# 
  5193   000FD0                     TMR1GATE        equ	4048	;# 
  5194   000FD1                     T1CLK           equ	4049	;# 
  5195   000FD1                     TMR1CLK         equ	4049	;# 
  5196   000FD1                     PR1             equ	4049	;# 
  5197   000FD2                     TMR0L           equ	4050	;# 
  5198   000FD2                     TMR0            equ	4050	;# 
  5199   000FD3                     TMR0H           equ	4051	;# 
  5200   000FD3                     PR0             equ	4051	;# 
  5201   000FD4                     T0CON0          equ	4052	;# 
  5202   000FD5                     T0CON1          equ	4053	;# 
  5203   000FD6                     PCON1           equ	4054	;# 
  5204   000FD7                     PCON0           equ	4055	;# 
  5205   000FD8                     STATUS          equ	4056	;# 
  5206   000FD9                     FSR2            equ	4057	;# 
  5207   000FD9                     FSR2L           equ	4057	;# 
  5208   000FDA                     FSR2H           equ	4058	;# 
  5209   000FDB                     PLUSW2          equ	4059	;# 
  5210   000FDC                     PREINC2         equ	4060	;# 
  5211   000FDD                     POSTDEC2        equ	4061	;# 
  5212   000FDE                     POSTINC2        equ	4062	;# 
  5213   000FDF                     INDF2           equ	4063	;# 
  5214   000FE0                     BSR             equ	4064	;# 
  5215   000FE1                     FSR1            equ	4065	;# 
  5216   000FE1                     FSR1L           equ	4065	;# 
  5217   000FE2                     FSR1H           equ	4066	;# 
  5218   000FE3                     PLUSW1          equ	4067	;# 
  5219   000FE4                     PREINC1         equ	4068	;# 
  5220   000FE5                     POSTDEC1        equ	4069	;# 
  5221   000FE6                     POSTINC1        equ	4070	;# 
  5222   000FE7                     INDF1           equ	4071	;# 
  5223   000FE8                     WREG            equ	4072	;# 
  5224   000FE9                     FSR0            equ	4073	;# 
  5225   000FE9                     FSR0L           equ	4073	;# 
  5226   000FEA                     FSR0H           equ	4074	;# 
  5227   000FEB                     PLUSW0          equ	4075	;# 
  5228   000FEC                     PREINC0         equ	4076	;# 
  5229   000FED                     POSTDEC0        equ	4077	;# 
  5230   000FEE                     POSTINC0        equ	4078	;# 
  5231   000FEF                     INDF0           equ	4079	;# 
  5232   000FF2                     INTCON          equ	4082	;# 
  5233   000FF3                     PROD            equ	4083	;# 
  5234   000FF3                     PRODL           equ	4083	;# 
  5235   000FF4                     PRODH           equ	4084	;# 
  5236   000FF5                     TABLAT          equ	4085	;# 
  5237   000FF6                     TBLPTR          equ	4086	;# 
  5238   000FF6                     TBLPTRL         equ	4086	;# 
  5239   000FF7                     TBLPTRH         equ	4087	;# 
  5240   000FF8                     TBLPTRU         equ	4088	;# 
  5241   000FF9                     PCLAT           equ	4089	;# 
  5242   000FF9                     PCL             equ	4089	;# 
  5243   000FFA                     PCLATH          equ	4090	;# 
  5244   000FFB                     PCLATU          equ	4091	;# 
  5245   000FFC                     STKPTR          equ	4092	;# 
  5246   000FFD                     TOS             equ	4093	;# 
  5247   000FFD                     TOSL            equ	4093	;# 
  5248   000FFE                     TOSH            equ	4094	;# 
  5249   000FFF                     TOSU            equ	4095	;# 
  5250   000E1F                     CLCIN0PPS       equ	3615	;# 
  5251   000E20                     CLCIN1PPS       equ	3616	;# 
  5252   000E21                     CLCIN2PPS       equ	3617	;# 
  5253   000E22                     CLCIN3PPS       equ	3618	;# 
  5254   000E23                     CLCIN4PPS       equ	3619	;# 
  5255   000E24                     CLCIN5PPS       equ	3620	;# 
  5256   000E25                     CLCIN6PPS       equ	3621	;# 
  5257   000E26                     CLCIN7PPS       equ	3622	;# 
  5258   000E27                     CLC1CON         equ	3623	;# 
  5259   000E28                     CLC1POL         equ	3624	;# 
  5260   000E29                     CLC1SEL0        equ	3625	;# 
  5261   000E2A                     CLC1SEL1        equ	3626	;# 
  5262   000E2B                     CLC1SEL2        equ	3627	;# 
  5263   000E2C                     CLC1SEL3        equ	3628	;# 
  5264   000E2D                     CLC1GLS0        equ	3629	;# 
  5265   000E2E                     CLC1GLS1        equ	3630	;# 
  5266   000E2F                     CLC1GLS2        equ	3631	;# 
  5267   000E30                     CLC1GLS3        equ	3632	;# 
  5268   000E31                     CLC2CON         equ	3633	;# 
  5269   000E32                     CLC2POL         equ	3634	;# 
  5270   000E33                     CLC2SEL0        equ	3635	;# 
  5271   000E34                     CLC2SEL1        equ	3636	;# 
  5272   000E35                     CLC2SEL2        equ	3637	;# 
  5273   000E36                     CLC2SEL3        equ	3638	;# 
  5274   000E37                     CLC2GLS0        equ	3639	;# 
  5275   000E38                     CLC2GLS1        equ	3640	;# 
  5276   000E39                     CLC2GLS2        equ	3641	;# 
  5277   000E3A                     CLC2GLS3        equ	3642	;# 
  5278   000E3B                     CLC3CON         equ	3643	;# 
  5279   000E3C                     CLC3POL         equ	3644	;# 
  5280   000E3D                     CLC3SEL0        equ	3645	;# 
  5281   000E3E                     CLC3SEL1        equ	3646	;# 
  5282   000E3F                     CLC3SEL2        equ	3647	;# 
  5283   000E40                     CLC3SEL3        equ	3648	;# 
  5284   000E41                     CLC3GLS0        equ	3649	;# 
  5285   000E42                     CLC3GLS1        equ	3650	;# 
  5286   000E43                     CLC3GLS2        equ	3651	;# 
  5287   000E44                     CLC3GLS3        equ	3652	;# 
  5288   000E45                     CLC4CON         equ	3653	;# 
  5289   000E46                     CLC4POL         equ	3654	;# 
  5290   000E47                     CLC4SEL0        equ	3655	;# 
  5291   000E48                     CLC4SEL1        equ	3656	;# 
  5292   000E49                     CLC4SEL2        equ	3657	;# 
  5293   000E4A                     CLC4SEL3        equ	3658	;# 
  5294   000E4B                     CLC4GLS0        equ	3659	;# 
  5295   000E4C                     CLC4GLS1        equ	3660	;# 
  5296   000E4D                     CLC4GLS2        equ	3661	;# 
  5297   000E4E                     CLC4GLS3        equ	3662	;# 
  5298   000E4F                     CLC5CON         equ	3663	;# 
  5299   000E50                     CLC5POL         equ	3664	;# 
  5300   000E51                     CLC5SEL0        equ	3665	;# 
  5301   000E52                     CLC5SEL1        equ	3666	;# 
  5302   000E53                     CLC5SEL2        equ	3667	;# 
  5303   000E54                     CLC5SEL3        equ	3668	;# 
  5304   000E55                     CLC5GLS0        equ	3669	;# 
  5305   000E56                     CLC5GLS1        equ	3670	;# 
  5306   000E57                     CLC5GLS2        equ	3671	;# 
  5307   000E58                     CLC5GLS3        equ	3672	;# 
  5308   000E59                     CLC6CON         equ	3673	;# 
  5309   000E5A                     CLC6POL         equ	3674	;# 
  5310   000E5B                     CLC6SEL0        equ	3675	;# 
  5311   000E5C                     CLC6SEL1        equ	3676	;# 
  5312   000E5D                     CLC6SEL2        equ	3677	;# 
  5313   000E5E                     CLC6SEL3        equ	3678	;# 
  5314   000E5F                     CLC6GLS0        equ	3679	;# 
  5315   000E60                     CLC6GLS1        equ	3680	;# 
  5316   000E61                     CLC6GLS2        equ	3681	;# 
  5317   000E62                     CLC6GLS3        equ	3682	;# 
  5318   000E63                     CLC7CON         equ	3683	;# 
  5319   000E64                     CLC7POL         equ	3684	;# 
  5320   000E65                     CLC7SEL0        equ	3685	;# 
  5321   000E66                     CLC7SEL1        equ	3686	;# 
  5322   000E67                     CLC7SEL2        equ	3687	;# 
  5323   000E68                     CLC7SEL3        equ	3688	;# 
  5324   000E69                     CLC7GLS0        equ	3689	;# 
  5325   000E6A                     CLC7GLS1        equ	3690	;# 
  5326   000E6B                     CLC7GLS2        equ	3691	;# 
  5327   000E6C                     CLC7GLS3        equ	3692	;# 
  5328   000E6D                     CLC8CON         equ	3693	;# 
  5329   000E6E                     CLC8POL         equ	3694	;# 
  5330   000E6F                     CLC8SEL0        equ	3695	;# 
  5331   000E70                     CLC8SEL1        equ	3696	;# 
  5332   000E71                     CLC8SEL2        equ	3697	;# 
  5333   000E72                     CLC8SEL3        equ	3698	;# 
  5334   000E73                     CLC8GLS0        equ	3699	;# 
  5335   000E74                     CLC8GLS1        equ	3700	;# 
  5336   000E75                     CLC8GLS2        equ	3701	;# 
  5337   000E76                     CLC8GLS3        equ	3702	;# 
  5338   000E77                     CLCDATA         equ	3703	;# 
  5339   000E88                     RX2PPS          equ	3720	;# 
  5340   000E88                     RXDT2PPS        equ	3720	;# 
  5341   000E89                     CK2PPS          equ	3721	;# 
  5342   000E89                     TXCK2PPS        equ	3721	;# 
  5343   000E89                     TX2PPS          equ	3721	;# 
  5344   000E8A                     SSP2CLKPPS      equ	3722	;# 
  5345   000E8B                     SSP2DATPPS      equ	3723	;# 
  5346   000E8C                     SSP2SSPPS       equ	3724	;# 
  5347   000E8D                     SSP2BUF         equ	3725	;# 
  5348   000E8E                     SSP2ADD         equ	3726	;# 
  5349   000E8F                     SSP2MSK         equ	3727	;# 
  5350   000E90                     SSP2STAT        equ	3728	;# 
  5351   000E91                     SSP2CON1        equ	3729	;# 
  5352   000E92                     SSP2CON2        equ	3730	;# 
  5353   000E93                     SSP2CON3        equ	3731	;# 
  5354   000E94                     RC2REG          equ	3732	;# 
  5355   000E94                     RCREG2          equ	3732	;# 
  5356   000E95                     TX2REG          equ	3733	;# 
  5357   000E95                     TXREG2          equ	3733	;# 
  5358   000E96                     SP2BRG          equ	3734	;# 
  5359   000E96                     SP2BRGL         equ	3734	;# 
  5360   000E96                     SPBRG2          equ	3734	;# 
  5361   000E97                     SP2BRGH         equ	3735	;# 
  5362   000E97                     SPBRGH2         equ	3735	;# 
  5363   000E98                     RC2STA          equ	3736	;# 
  5364   000E98                     RCSTA2          equ	3736	;# 
  5365   000E99                     TX2STA          equ	3737	;# 
  5366   000E99                     TXSTA2          equ	3737	;# 
  5367   000E9A                     BAUD2CON        equ	3738	;# 
  5368   000E9A                     BAUDCON2        equ	3738	;# 
  5369   000E9A                     BAUDCTL2        equ	3738	;# 
  5370   000E9B                     PPSLOCK         equ	3739	;# 
  5371   000E9C                     INT0PPS         equ	3740	;# 
  5372   000E9D                     INT1PPS         equ	3741	;# 
  5373   000E9E                     INT2PPS         equ	3742	;# 
  5374   000E9F                     T0CKIPPS        equ	3743	;# 
  5375   000EA0                     T1CKIPPS        equ	3744	;# 
  5376   000EA1                     T1GPPS          equ	3745	;# 
  5377   000EA2                     T3CKIPPS        equ	3746	;# 
  5378   000EA3                     T3GPPS          equ	3747	;# 
  5379   000EA4                     T5CKIPPS        equ	3748	;# 
  5380   000EA5                     T5GPPS          equ	3749	;# 
  5381   000EA6                     T2INPPS         equ	3750	;# 
  5382   000EA7                     T4INPPS         equ	3751	;# 
  5383   000EA8                     T6INPPS         equ	3752	;# 
  5384   000EA9                     ADACTPPS        equ	3753	;# 
  5385   000EAA                     CCP1PPS         equ	3754	;# 
  5386   000EAB                     CCP2PPS         equ	3755	;# 
  5387   000EAC                     CWG1PPS         equ	3756	;# 
  5388   000EAC                     CWGPPS          equ	3756	;# 
  5389   000EAC                     CWG1INPPS       equ	3756	;# 
  5390   000EAC                     CWGINPPS        equ	3756	;# 
  5391   000EAD                     MDCARLPPS       equ	3757	;# 
  5392   000EAE                     MDCARHPPS       equ	3758	;# 
  5393   000EAF                     MDSRCPPS        equ	3759	;# 
  5394   000EB0                     RX1PPS          equ	3760	;# 
  5395   000EB0                     RXPPS           equ	3760	;# 
  5396   000EB0                     RXDT1PPS        equ	3760	;# 
  5397   000EB1                     CK1PPS          equ	3761	;# 
  5398   000EB1                     TXPPS           equ	3761	;# 
  5399   000EB1                     CKPPS           equ	3761	;# 
  5400   000EB1                     TX1PPS          equ	3761	;# 
  5401   000EB1                     TXCK1PPS        equ	3761	;# 
  5402   000EB2                     SSP1CLKPPS      equ	3762	;# 
  5403   000EB2                     SSPCLKPPS       equ	3762	;# 
  5404   000EB3                     SSP1DATPPS      equ	3763	;# 
  5405   000EB3                     SSPDATPPS       equ	3763	;# 
  5406   000EB4                     SSP1SSPPS       equ	3764	;# 
  5407   000EB4                     SSPSSPPS        equ	3764	;# 
  5408   000EB5                     IPR0            equ	3765	;# 
  5409   000EB6                     IPR1            equ	3766	;# 
  5410   000EB7                     IPR2            equ	3767	;# 
  5411   000EB8                     IPR3            equ	3768	;# 
  5412   000EB9                     IPR4            equ	3769	;# 
  5413   000EBA                     IPR5            equ	3770	;# 
  5414   000EBB                     IPR6            equ	3771	;# 
  5415   000EBC                     IPR7            equ	3772	;# 
  5416   000EBD                     PIE0            equ	3773	;# 
  5417   000EBE                     PIE1            equ	3774	;# 
  5418   000EBF                     PIE2            equ	3775	;# 
  5419   000EC0                     PIE3            equ	3776	;# 
  5420   000EC1                     PIE4            equ	3777	;# 
  5421   000EC2                     PIE5            equ	3778	;# 
  5422   000EC3                     PIE6            equ	3779	;# 
  5423   000EC4                     PIE7            equ	3780	;# 
  5424   000EC5                     PIR0            equ	3781	;# 
  5425   000EC6                     PIR1            equ	3782	;# 
  5426   000EC7                     PIR2            equ	3783	;# 
  5427   000EC8                     PIR3            equ	3784	;# 
  5428   000EC9                     PIR4            equ	3785	;# 
  5429   000ECA                     PIR5            equ	3786	;# 
  5430   000ECB                     PIR6            equ	3787	;# 
  5431   000ECC                     PIR7            equ	3788	;# 
  5432   000ECD                     WDTCON0         equ	3789	;# 
  5433   000ECE                     WDTCON1         equ	3790	;# 
  5434   000ECF                     WDTPSL          equ	3791	;# 
  5435   000ED0                     WDTPSH          equ	3792	;# 
  5436   000ED1                     WDTTMR          equ	3793	;# 
  5437   000ED2                     CPUDOZE         equ	3794	;# 
  5438   000ED3                     OSCCON1         equ	3795	;# 
  5439   000ED4                     OSCCON2         equ	3796	;# 
  5440   000ED5                     OSCCON3         equ	3797	;# 
  5441   000ED6                     OSCSTAT         equ	3798	;# 
  5442   000ED6                     OSCSTAT1        equ	3798	;# 
  5443   000ED7                     OSCEN           equ	3799	;# 
  5444   000ED8                     OSCTUNE         equ	3800	;# 
  5445   000ED9                     OSCFRQ          equ	3801	;# 
  5446   000ED9                     OSCFREQ         equ	3801	;# 
  5447   000EDA                     VREGCON         equ	3802	;# 
  5448   000EDB                     BORCON          equ	3803	;# 
  5449   000EDC                     PMD0            equ	3804	;# 
  5450   000EDD                     PMD1            equ	3805	;# 
  5451   000EDE                     PMD2            equ	3806	;# 
  5452   000EDF                     PMD3            equ	3807	;# 
  5453   000EE0                     PMD4            equ	3808	;# 
  5454   000EE1                     PMD5            equ	3809	;# 
  5455   000EE2                     RA0PPS          equ	3810	;# 
  5456   000EE3                     RA1PPS          equ	3811	;# 
  5457   000EE4                     RA2PPS          equ	3812	;# 
  5458   000EE5                     RA3PPS          equ	3813	;# 
  5459   000EE6                     RA4PPS          equ	3814	;# 
  5460   000EE7                     RA5PPS          equ	3815	;# 
  5461   000EE8                     RA6PPS          equ	3816	;# 
  5462   000EE9                     RA7PPS          equ	3817	;# 
  5463   000EEA                     RB0PPS          equ	3818	;# 
  5464   000EEB                     RB1PPS          equ	3819	;# 
  5465   000EEC                     RB2PPS          equ	3820	;# 
  5466   000EED                     RB3PPS          equ	3821	;# 
  5467   000EEE                     RB4PPS          equ	3822	;# 
  5468   000EEF                     RB5PPS          equ	3823	;# 
  5469   000EF0                     RB6PPS          equ	3824	;# 
  5470   000EF1                     RB7PPS          equ	3825	;# 
  5471   000EF2                     RC0PPS          equ	3826	;# 
  5472   000EF3                     RC1PPS          equ	3827	;# 
  5473   000EF4                     RC2PPS          equ	3828	;# 
  5474   000EF5                     RC3PPS          equ	3829	;# 
  5475   000EF6                     RC4PPS          equ	3830	;# 
  5476   000EF7                     RC5PPS          equ	3831	;# 
  5477   000EF8                     RC6PPS          equ	3832	;# 
  5478   000EF9                     RC7PPS          equ	3833	;# 
  5479   000EFA                     RD0PPS          equ	3834	;# 
  5480   000EFB                     RD1PPS          equ	3835	;# 
  5481   000EFC                     RD2PPS          equ	3836	;# 
  5482   000EFD                     RD3PPS          equ	3837	;# 
  5483   000EFE                     RD4PPS          equ	3838	;# 
  5484   000EFF                     RD5PPS          equ	3839	;# 
  5485   000F00                     RD6PPS          equ	3840	;# 
  5486   000F01                     RD7PPS          equ	3841	;# 
  5487   000F02                     RE0PPS          equ	3842	;# 
  5488   000F03                     RE1PPS          equ	3843	;# 
  5489   000F04                     RE2PPS          equ	3844	;# 
  5490   000F05                     IOCAF           equ	3845	;# 
  5491   000F06                     IOCAN           equ	3846	;# 
  5492   000F07                     IOCAP           equ	3847	;# 
  5493   000F08                     INLVLA          equ	3848	;# 
  5494   000F09                     SLRCONA         equ	3849	;# 
  5495   000F0A                     ODCONA          equ	3850	;# 
  5496   000F0B                     WPUA            equ	3851	;# 
  5497   000F0C                     ANSELA          equ	3852	;# 
  5498   000F0D                     IOCBF           equ	3853	;# 
  5499   000F0E                     IOCBN           equ	3854	;# 
  5500   000F0F                     IOCBP           equ	3855	;# 
  5501   000F10                     INLVLB          equ	3856	;# 
  5502   000F11                     SLRCONB         equ	3857	;# 
  5503   000F12                     ODCONB          equ	3858	;# 
  5504   000F13                     WPUB            equ	3859	;# 
  5505   000F14                     ANSELB          equ	3860	;# 
  5506   000F15                     IOCCF           equ	3861	;# 
  5507   000F16                     IOCCN           equ	3862	;# 
  5508   000F17                     IOCCP           equ	3863	;# 
  5509   000F18                     INLVLC          equ	3864	;# 
  5510   000F19                     SLRCONC         equ	3865	;# 
  5511   000F1A                     ODCONC          equ	3866	;# 
  5512   000F1B                     WPUC            equ	3867	;# 
  5513   000F1C                     ANSELC          equ	3868	;# 
  5514   000F1D                     INLVLD          equ	3869	;# 
  5515   000F1E                     SLRCOND         equ	3870	;# 
  5516   000F1F                     ODCOND          equ	3871	;# 
  5517   000F20                     WPUD            equ	3872	;# 
  5518   000F21                     ANSELD          equ	3873	;# 
  5519   000F22                     IOCEF           equ	3874	;# 
  5520   000F23                     IOCEN           equ	3875	;# 
  5521   000F24                     IOCEP           equ	3876	;# 
  5522   000F25                     INLVLE          equ	3877	;# 
  5523   000F26                     SLRCONE         equ	3878	;# 
  5524   000F27                     ODCONE          equ	3879	;# 
  5525   000F28                     WPUE            equ	3880	;# 
  5526   000F29                     ANSELE          equ	3881	;# 
  5527   000F2A                     HLVDCON0        equ	3882	;# 
  5528   000F2B                     HLVDCON1        equ	3883	;# 
  5529   000F2C                     FVRCON          equ	3884	;# 
  5530   000F2D                     ZCDCON          equ	3885	;# 
  5531   000F2E                     DAC1CON0        equ	3886	;# 
  5532   000F2F                     DAC1CON1        equ	3887	;# 
  5533   000F30                     CM2CON0         equ	3888	;# 
  5534   000F31                     CM2CON1         equ	3889	;# 
  5535   000F32                     CM2NCH          equ	3890	;# 
  5536   000F33                     CM2PCH          equ	3891	;# 
  5537   000F34                     CM1CON0         equ	3892	;# 
  5538   000F35                     CM1CON1         equ	3893	;# 
  5539   000F36                     CM1NCH          equ	3894	;# 
  5540   000F37                     CM1PCH          equ	3895	;# 
  5541   000F38                     CMOUT           equ	3896	;# 
  5542   000F39                     CLKRCON         equ	3897	;# 
  5543   000F3A                     CLKRCLK         equ	3898	;# 
  5544   000F3B                     CWG1CLK         equ	3899	;# 
  5545   000F3B                     CWG1CLKCON      equ	3899	;# 
  5546   000F3C                     CWG1ISM         equ	3900	;# 
  5547   000F3D                     CWG1DBR         equ	3901	;# 
  5548   000F3E                     CWG1DBF         equ	3902	;# 
  5549   000F3F                     CWG1CON0        equ	3903	;# 
  5550   000F40                     CWG1CON1        equ	3904	;# 
  5551   000F41                     CWG1AS0         equ	3905	;# 
  5552   000F42                     CWG1AS1         equ	3906	;# 
  5553   000F43                     CWG1STR         equ	3907	;# 
  5554   000F44                     SCANLADR        equ	3908	;# 
  5555   000F44                     SCANLADRL       equ	3908	;# 
  5556   000F45                     SCANLADRH       equ	3909	;# 
  5557   000F46                     SCANLADRU       equ	3910	;# 
  5558   000F47                     SCANHADR        equ	3911	;# 
  5559   000F47                     SCANHADRL       equ	3911	;# 
  5560   000F48                     SCANHADRH       equ	3912	;# 
  5561   000F49                     SCANHADRU       equ	3913	;# 
  5562   000F4A                     SCANCON0        equ	3914	;# 
  5563   000F4B                     SCANTRIG        equ	3915	;# 
  5564   000F4C                     MDCON0          equ	3916	;# 
  5565   000F4D                     MDCON1          equ	3917	;# 
  5566   000F4E                     MDSRC           equ	3918	;# 
  5567   000F4F                     MDCARL          equ	3919	;# 
  5568   000F50                     MDCARH          equ	3920	;# 
  5569   000F51                     ADACT           equ	3921	;# 
  5570   000F52                     ADCLK           equ	3922	;# 
  5571   000F53                     ADREF           equ	3923	;# 
  5572   000F54                     ADCON1          equ	3924	;# 
  5573   000F55                     ADCON2          equ	3925	;# 
  5574   000F56                     ADCON3          equ	3926	;# 
  5575   000F57                     ADACQ           equ	3927	;# 
  5576   000F58                     ADCAP           equ	3928	;# 
  5577   000F59                     ADPRE           equ	3929	;# 
  5578   000F5A                     ADPCH           equ	3930	;# 
  5579   000F5B                     ADCON0          equ	3931	;# 
  5580   000F5C                     ADPREV          equ	3932	;# 
  5581   000F5C                     ADPREVL         equ	3932	;# 
  5582   000F5D                     ADPREVH         equ	3933	;# 
  5583   000F5E                     ADRES           equ	3934	;# 
  5584   000F5E                     ADRESL          equ	3934	;# 
  5585   000F5F                     ADRESH          equ	3935	;# 
  5586   000F60                     ADSTAT          equ	3936	;# 
  5587   000F61                     ADRPT           equ	3937	;# 
  5588   000F62                     ADCNT           equ	3938	;# 
  5589   000F63                     ADSTPT          equ	3939	;# 
  5590   000F63                     ADSTPTL         equ	3939	;# 
  5591   000F64                     ADSTPTH         equ	3940	;# 
  5592   000F65                     ADLTH           equ	3941	;# 
  5593   000F65                     ADLTHL          equ	3941	;# 
  5594   000F66                     ADLTHH          equ	3942	;# 
  5595   000F67                     ADUTH           equ	3943	;# 
  5596   000F67                     ADUTHL          equ	3943	;# 
  5597   000F68                     ADUTHH          equ	3944	;# 
  5598   000F69                     ADERR           equ	3945	;# 
  5599   000F69                     ADERRL          equ	3945	;# 
  5600   000F6A                     ADERRH          equ	3946	;# 
  5601   000F6B                     ADACC           equ	3947	;# 
  5602   000F6B                     ADACCL          equ	3947	;# 
  5603   000F6C                     ADACCH          equ	3948	;# 
  5604   000F6D                     ADFLTR          equ	3949	;# 
  5605   000F6D                     ADFLTRL         equ	3949	;# 
  5606   000F6E                     ADFLTRH         equ	3950	;# 
  5607   000F6F                     CRCDATA         equ	3951	;# 
  5608   000F6F                     CRCDATL         equ	3951	;# 
  5609   000F70                     CRCDATH         equ	3952	;# 
  5610   000F71                     CRCACC          equ	3953	;# 
  5611   000F71                     CRCACCL         equ	3953	;# 
  5612   000F72                     CRCACCH         equ	3954	;# 
  5613   000F73                     CRCSHFT         equ	3955	;# 
  5614   000F73                     CRCSHIFTL       equ	3955	;# 
  5615   000F74                     CRCSHIFTH       equ	3956	;# 
  5616   000F75                     CRCXOR          equ	3957	;# 
  5617   000F75                     CRCXORL         equ	3957	;# 
  5618   000F76                     CRCXORH         equ	3958	;# 
  5619   000F77                     CRCCON0         equ	3959	;# 
  5620   000F78                     CRCCON1         equ	3960	;# 
  5621   000F79                     NVMADR          equ	3961	;# 
  5622   000F79                     NVMADRL         equ	3961	;# 
  5623   000F7A                     NVMADRH         equ	3962	;# 
  5624   000F7B                     NVMADRU         equ	3963	;# 
  5625   000F7C                     NVMDAT          equ	3964	;# 
  5626   000F7C                     NVMDATL         equ	3964	;# 
  5627   000F7D                     NVMDATH         equ	3965	;# 
  5628   000F7F                     NVMCON0         equ	3967	;# 
  5629   000F80                     NVMCON1         equ	3968	;# 
  5630   000F81                     NVMCON2         equ	3969	;# 
  5631   000F82                     LATA            equ	3970	;# 
  5632   000F83                     LATB            equ	3971	;# 
  5633   000F84                     LATC            equ	3972	;# 
  5634   000F85                     LATD            equ	3973	;# 
  5635   000F86                     LATE            equ	3974	;# 
  5636   000F87                     TRISA           equ	3975	;# 
  5637   000F87                     DDRA            equ	3975	;# 
  5638   000F88                     TRISB           equ	3976	;# 
  5639   000F88                     DDRB            equ	3976	;# 
  5640   000F89                     TRISC           equ	3977	;# 
  5641   000F89                     DDRC            equ	3977	;# 
  5642   000F8A                     TRISD           equ	3978	;# 
  5643   000F8A                     DDRD            equ	3978	;# 
  5644   000F8B                     TRISE           equ	3979	;# 
  5645   000F8B                     DDRE            equ	3979	;# 
  5646   000F8C                     PORTA           equ	3980	;# 
  5647   000F8D                     PORTB           equ	3981	;# 
  5648   000F8E                     PORTC           equ	3982	;# 
  5649   000F8F                     PORTD           equ	3983	;# 
  5650   000F90                     PORTE           equ	3984	;# 
  5651   000F91                     SSP1BUF         equ	3985	;# 
  5652   000F92                     SSP1ADD         equ	3986	;# 
  5653   000F93                     SSP1MSK         equ	3987	;# 
  5654   000F94                     SSP1STAT        equ	3988	;# 
  5655   000F95                     SSP1CON1        equ	3989	;# 
  5656   000F96                     SSP1CON2        equ	3990	;# 
  5657   000F97                     SSP1CON3        equ	3991	;# 
  5658   000F98                     RC1REG          equ	3992	;# 
  5659   000F98                     RCREG           equ	3992	;# 
  5660   000F98                     RCREG1          equ	3992	;# 
  5661   000F99                     TX1REG          equ	3993	;# 
  5662   000F99                     TXREG1          equ	3993	;# 
  5663   000F99                     TXREG           equ	3993	;# 
  5664   000F9A                     SP1BRG          equ	3994	;# 
  5665   000F9A                     SPBRG           equ	3994	;# 
  5666   000F9A                     SP1BRGL         equ	3994	;# 
  5667   000F9A                     SPBRG1          equ	3994	;# 
  5668   000F9A                     SPBRGL          equ	3994	;# 
  5669   000F9B                     SP1BRGH         equ	3995	;# 
  5670   000F9B                     SPBRGH          equ	3995	;# 
  5671   000F9B                     SPBRGH1         equ	3995	;# 
  5672   000F9C                     RC1STA          equ	3996	;# 
  5673   000F9C                     RCSTA1          equ	3996	;# 
  5674   000F9C                     RCSTA           equ	3996	;# 
  5675   000F9D                     TX1STA          equ	3997	;# 
  5676   000F9D                     TXSTA1          equ	3997	;# 
  5677   000F9D                     TXSTA           equ	3997	;# 
  5678   000F9E                     BAUD1CON        equ	3998	;# 
  5679   000F9E                     BAUDCON1        equ	3998	;# 
  5680   000F9E                     BAUDCTL1        equ	3998	;# 
  5681   000F9E                     BAUDCON         equ	3998	;# 
  5682   000F9E                     BAUDCTL         equ	3998	;# 
  5683   000F9F                     PWM4DC          equ	3999	;# 
  5684   000F9F                     PWM4DCL         equ	3999	;# 
  5685   000FA0                     PWM4DCH         equ	4000	;# 
  5686   000FA1                     PWM4CON         equ	4001	;# 
  5687   000FA2                     PWM3DC          equ	4002	;# 
  5688   000FA2                     PWM3DCL         equ	4002	;# 
  5689   000FA3                     PWM3DCH         equ	4003	;# 
  5690   000FA4                     PWM3CON         equ	4004	;# 
  5691   000FA5                     CCPR2           equ	4005	;# 
  5692   000FA5                     CCPR2L          equ	4005	;# 
  5693   000FA6                     CCPR2H          equ	4006	;# 
  5694   000FA7                     CCP2CON         equ	4007	;# 
  5695   000FA8                     CCP2CAP         equ	4008	;# 
  5696   000FA9                     CCPR1           equ	4009	;# 
  5697   000FA9                     CCPR1L          equ	4009	;# 
  5698   000FAA                     CCPR1H          equ	4010	;# 
  5699   000FAB                     CCP1CON         equ	4011	;# 
  5700   000FAC                     CCP1CAP         equ	4012	;# 
  5701   000FAD                     CCPTMRS         equ	4013	;# 
  5702   000FAE                     T6TMR           equ	4014	;# 
  5703   000FAE                     TMR6            equ	4014	;# 
  5704   000FAF                     T6PR            equ	4015	;# 
  5705   000FAF                     PR6             equ	4015	;# 
  5706   000FB0                     T6CON           equ	4016	;# 
  5707   000FB1                     T6HLT           equ	4017	;# 
  5708   000FB2                     T6CLKCON        equ	4018	;# 
  5709   000FB2                     T6CLK           equ	4018	;# 
  5710   000FB3                     T6RST           equ	4019	;# 
  5711   000FB4                     T4TMR           equ	4020	;# 
  5712   000FB4                     TMR4            equ	4020	;# 
  5713   000FB5                     T4PR            equ	4021	;# 
  5714   000FB5                     PR4             equ	4021	;# 
  5715   000FB6                     T4CON           equ	4022	;# 
  5716   000FB7                     T4HLT           equ	4023	;# 
  5717   000FB8                     T4CLKCON        equ	4024	;# 
  5718   000FB8                     T4CLK           equ	4024	;# 
  5719   000FB9                     T4RST           equ	4025	;# 
  5720   000FBA                     T2TMR           equ	4026	;# 
  5721   000FBA                     TMR2            equ	4026	;# 
  5722   000FBB                     T2PR            equ	4027	;# 
  5723   000FBB                     PR2             equ	4027	;# 
  5724   000FBC                     T2CON           equ	4028	;# 
  5725   000FBD                     T2HLT           equ	4029	;# 
  5726   000FBE                     T2CLKCON        equ	4030	;# 
  5727   000FBE                     T2CLK           equ	4030	;# 
  5728   000FBF                     T2RST           equ	4031	;# 
  5729   000FC0                     TMR5            equ	4032	;# 
  5730   000FC0                     TMR5L           equ	4032	;# 
  5731   000FC1                     TMR5H           equ	4033	;# 
  5732   000FC2                     T5CON           equ	4034	;# 
  5733   000FC2                     TMR5CON         equ	4034	;# 
  5734   000FC3                     T5GCON          equ	4035	;# 
  5735   000FC3                     TMR5GCON        equ	4035	;# 
  5736   000FC4                     T5GATE          equ	4036	;# 
  5737   000FC4                     TMR5GATE        equ	4036	;# 
  5738   000FC5                     T5CLK           equ	4037	;# 
  5739   000FC5                     TMR5CLK         equ	4037	;# 
  5740   000FC5                     PR5             equ	4037	;# 
  5741   000FC6                     TMR3            equ	4038	;# 
  5742   000FC6                     TMR3L           equ	4038	;# 
  5743   000FC7                     TMR3H           equ	4039	;# 
  5744   000FC8                     T3CON           equ	4040	;# 
  5745   000FC8                     TMR3CON         equ	4040	;# 
  5746   000FC9                     T3GCON          equ	4041	;# 
  5747   000FC9                     TMR3GCON        equ	4041	;# 
  5748   000FCA                     T3GATE          equ	4042	;# 
  5749   000FCA                     TMR3GATE        equ	4042	;# 
  5750   000FCB                     T3CLK           equ	4043	;# 
  5751   000FCB                     TMR3CLK         equ	4043	;# 
  5752   000FCB                     PR3             equ	4043	;# 
  5753   000FCC                     TMR1            equ	4044	;# 
  5754   000FCC                     TMR1L           equ	4044	;# 
  5755   000FCD                     TMR1H           equ	4045	;# 
  5756   000FCE                     T1CON           equ	4046	;# 
  5757   000FCE                     TMR1CON         equ	4046	;# 
  5758   000FCF                     T1GCON          equ	4047	;# 
  5759   000FCF                     TMR1GCON        equ	4047	;# 
  5760   000FD0                     T1GATE          equ	4048	;# 
  5761   000FD0                     TMR1GATE        equ	4048	;# 
  5762   000FD1                     T1CLK           equ	4049	;# 
  5763   000FD1                     TMR1CLK         equ	4049	;# 
  5764   000FD1                     PR1             equ	4049	;# 
  5765   000FD2                     TMR0L           equ	4050	;# 
  5766   000FD2                     TMR0            equ	4050	;# 
  5767   000FD3                     TMR0H           equ	4051	;# 
  5768   000FD3                     PR0             equ	4051	;# 
  5769   000FD4                     T0CON0          equ	4052	;# 
  5770   000FD5                     T0CON1          equ	4053	;# 
  5771   000FD6                     PCON1           equ	4054	;# 
  5772   000FD7                     PCON0           equ	4055	;# 
  5773   000FD8                     STATUS          equ	4056	;# 
  5774   000FD9                     FSR2            equ	4057	;# 
  5775   000FD9                     FSR2L           equ	4057	;# 
  5776   000FDA                     FSR2H           equ	4058	;# 
  5777   000FDB                     PLUSW2          equ	4059	;# 
  5778   000FDC                     PREINC2         equ	4060	;# 
  5779   000FDD                     POSTDEC2        equ	4061	;# 
  5780   000FDE                     POSTINC2        equ	4062	;# 
  5781   000FDF                     INDF2           equ	4063	;# 
  5782   000FE0                     BSR             equ	4064	;# 
  5783   000FE1                     FSR1            equ	4065	;# 
  5784   000FE1                     FSR1L           equ	4065	;# 
  5785   000FE2                     FSR1H           equ	4066	;# 
  5786   000FE3                     PLUSW1          equ	4067	;# 
  5787   000FE4                     PREINC1         equ	4068	;# 
  5788   000FE5                     POSTDEC1        equ	4069	;# 
  5789   000FE6                     POSTINC1        equ	4070	;# 
  5790   000FE7                     INDF1           equ	4071	;# 
  5791   000FE8                     WREG            equ	4072	;# 
  5792   000FE9                     FSR0            equ	4073	;# 
  5793   000FE9                     FSR0L           equ	4073	;# 
  5794   000FEA                     FSR0H           equ	4074	;# 
  5795   000FEB                     PLUSW0          equ	4075	;# 
  5796   000FEC                     PREINC0         equ	4076	;# 
  5797   000FED                     POSTDEC0        equ	4077	;# 
  5798   000FEE                     POSTINC0        equ	4078	;# 
  5799   000FEF                     INDF0           equ	4079	;# 
  5800   000FF2                     INTCON          equ	4082	;# 
  5801   000FF3                     PROD            equ	4083	;# 
  5802   000FF3                     PRODL           equ	4083	;# 
  5803   000FF4                     PRODH           equ	4084	;# 
  5804   000FF5                     TABLAT          equ	4085	;# 
  5805   000FF6                     TBLPTR          equ	4086	;# 
  5806   000FF6                     TBLPTRL         equ	4086	;# 
  5807   000FF7                     TBLPTRH         equ	4087	;# 
  5808   000FF8                     TBLPTRU         equ	4088	;# 
  5809   000FF9                     PCLAT           equ	4089	;# 
  5810   000FF9                     PCL             equ	4089	;# 
  5811   000FFA                     PCLATH          equ	4090	;# 
  5812   000FFB                     PCLATU          equ	4091	;# 
  5813   000FFC                     STKPTR          equ	4092	;# 
  5814   000FFD                     TOS             equ	4093	;# 
  5815   000FFD                     TOSL            equ	4093	;# 
  5816   000FFE                     TOSH            equ	4094	;# 
  5817   000FFF                     TOSU            equ	4095	;# 
  5818   000E1F                     CLCIN0PPS       equ	3615	;# 
  5819   000E20                     CLCIN1PPS       equ	3616	;# 
  5820   000E21                     CLCIN2PPS       equ	3617	;# 
  5821   000E22                     CLCIN3PPS       equ	3618	;# 
  5822   000E23                     CLCIN4PPS       equ	3619	;# 
  5823   000E24                     CLCIN5PPS       equ	3620	;# 
  5824   000E25                     CLCIN6PPS       equ	3621	;# 
  5825   000E26                     CLCIN7PPS       equ	3622	;# 
  5826   000E27                     CLC1CON         equ	3623	;# 
  5827   000E28                     CLC1POL         equ	3624	;# 
  5828   000E29                     CLC1SEL0        equ	3625	;# 
  5829   000E2A                     CLC1SEL1        equ	3626	;# 
  5830   000E2B                     CLC1SEL2        equ	3627	;# 
  5831   000E2C                     CLC1SEL3        equ	3628	;# 
  5832   000E2D                     CLC1GLS0        equ	3629	;# 
  5833   000E2E                     CLC1GLS1        equ	3630	;# 
  5834   000E2F                     CLC1GLS2        equ	3631	;# 
  5835   000E30                     CLC1GLS3        equ	3632	;# 
  5836   000E31                     CLC2CON         equ	3633	;# 
  5837   000E32                     CLC2POL         equ	3634	;# 
  5838   000E33                     CLC2SEL0        equ	3635	;# 
  5839   000E34                     CLC2SEL1        equ	3636	;# 
  5840   000E35                     CLC2SEL2        equ	3637	;# 
  5841   000E36                     CLC2SEL3        equ	3638	;# 
  5842   000E37                     CLC2GLS0        equ	3639	;# 
  5843   000E38                     CLC2GLS1        equ	3640	;# 
  5844   000E39                     CLC2GLS2        equ	3641	;# 
  5845   000E3A                     CLC2GLS3        equ	3642	;# 
  5846   000E3B                     CLC3CON         equ	3643	;# 
  5847   000E3C                     CLC3POL         equ	3644	;# 
  5848   000E3D                     CLC3SEL0        equ	3645	;# 
  5849   000E3E                     CLC3SEL1        equ	3646	;# 
  5850   000E3F                     CLC3SEL2        equ	3647	;# 
  5851   000E40                     CLC3SEL3        equ	3648	;# 
  5852   000E41                     CLC3GLS0        equ	3649	;# 
  5853   000E42                     CLC3GLS1        equ	3650	;# 
  5854   000E43                     CLC3GLS2        equ	3651	;# 
  5855   000E44                     CLC3GLS3        equ	3652	;# 
  5856   000E45                     CLC4CON         equ	3653	;# 
  5857   000E46                     CLC4POL         equ	3654	;# 
  5858   000E47                     CLC4SEL0        equ	3655	;# 
  5859   000E48                     CLC4SEL1        equ	3656	;# 
  5860   000E49                     CLC4SEL2        equ	3657	;# 
  5861   000E4A                     CLC4SEL3        equ	3658	;# 
  5862   000E4B                     CLC4GLS0        equ	3659	;# 
  5863   000E4C                     CLC4GLS1        equ	3660	;# 
  5864   000E4D                     CLC4GLS2        equ	3661	;# 
  5865   000E4E                     CLC4GLS3        equ	3662	;# 
  5866   000E4F                     CLC5CON         equ	3663	;# 
  5867   000E50                     CLC5POL         equ	3664	;# 
  5868   000E51                     CLC5SEL0        equ	3665	;# 
  5869   000E52                     CLC5SEL1        equ	3666	;# 
  5870   000E53                     CLC5SEL2        equ	3667	;# 
  5871   000E54                     CLC5SEL3        equ	3668	;# 
  5872   000E55                     CLC5GLS0        equ	3669	;# 
  5873   000E56                     CLC5GLS1        equ	3670	;# 
  5874   000E57                     CLC5GLS2        equ	3671	;# 
  5875   000E58                     CLC5GLS3        equ	3672	;# 
  5876   000E59                     CLC6CON         equ	3673	;# 
  5877   000E5A                     CLC6POL         equ	3674	;# 
  5878   000E5B                     CLC6SEL0        equ	3675	;# 
  5879   000E5C                     CLC6SEL1        equ	3676	;# 
  5880   000E5D                     CLC6SEL2        equ	3677	;# 
  5881   000E5E                     CLC6SEL3        equ	3678	;# 
  5882   000E5F                     CLC6GLS0        equ	3679	;# 
  5883   000E60                     CLC6GLS1        equ	3680	;# 
  5884   000E61                     CLC6GLS2        equ	3681	;# 
  5885   000E62                     CLC6GLS3        equ	3682	;# 
  5886   000E63                     CLC7CON         equ	3683	;# 
  5887   000E64                     CLC7POL         equ	3684	;# 
  5888   000E65                     CLC7SEL0        equ	3685	;# 
  5889   000E66                     CLC7SEL1        equ	3686	;# 
  5890   000E67                     CLC7SEL2        equ	3687	;# 
  5891   000E68                     CLC7SEL3        equ	3688	;# 
  5892   000E69                     CLC7GLS0        equ	3689	;# 
  5893   000E6A                     CLC7GLS1        equ	3690	;# 
  5894   000E6B                     CLC7GLS2        equ	3691	;# 
  5895   000E6C                     CLC7GLS3        equ	3692	;# 
  5896   000E6D                     CLC8CON         equ	3693	;# 
  5897   000E6E                     CLC8POL         equ	3694	;# 
  5898   000E6F                     CLC8SEL0        equ	3695	;# 
  5899   000E70                     CLC8SEL1        equ	3696	;# 
  5900   000E71                     CLC8SEL2        equ	3697	;# 
  5901   000E72                     CLC8SEL3        equ	3698	;# 
  5902   000E73                     CLC8GLS0        equ	3699	;# 
  5903   000E74                     CLC8GLS1        equ	3700	;# 
  5904   000E75                     CLC8GLS2        equ	3701	;# 
  5905   000E76                     CLC8GLS3        equ	3702	;# 
  5906   000E77                     CLCDATA         equ	3703	;# 
  5907   000E88                     RX2PPS          equ	3720	;# 
  5908   000E88                     RXDT2PPS        equ	3720	;# 
  5909   000E89                     CK2PPS          equ	3721	;# 
  5910   000E89                     TXCK2PPS        equ	3721	;# 
  5911   000E89                     TX2PPS          equ	3721	;# 
  5912   000E8A                     SSP2CLKPPS      equ	3722	;# 
  5913   000E8B                     SSP2DATPPS      equ	3723	;# 
  5914   000E8C                     SSP2SSPPS       equ	3724	;# 
  5915   000E8D                     SSP2BUF         equ	3725	;# 
  5916   000E8E                     SSP2ADD         equ	3726	;# 
  5917   000E8F                     SSP2MSK         equ	3727	;# 
  5918   000E90                     SSP2STAT        equ	3728	;# 
  5919   000E91                     SSP2CON1        equ	3729	;# 
  5920   000E92                     SSP2CON2        equ	3730	;# 
  5921   000E93                     SSP2CON3        equ	3731	;# 
  5922   000E94                     RC2REG          equ	3732	;# 
  5923   000E94                     RCREG2          equ	3732	;# 
  5924   000E95                     TX2REG          equ	3733	;# 
  5925   000E95                     TXREG2          equ	3733	;# 
  5926   000E96                     SP2BRG          equ	3734	;# 
  5927   000E96                     SP2BRGL         equ	3734	;# 
  5928   000E96                     SPBRG2          equ	3734	;# 
  5929   000E97                     SP2BRGH         equ	3735	;# 
  5930   000E97                     SPBRGH2         equ	3735	;# 
  5931   000E98                     RC2STA          equ	3736	;# 
  5932   000E98                     RCSTA2          equ	3736	;# 
  5933   000E99                     TX2STA          equ	3737	;# 
  5934   000E99                     TXSTA2          equ	3737	;# 
  5935   000E9A                     BAUD2CON        equ	3738	;# 
  5936   000E9A                     BAUDCON2        equ	3738	;# 
  5937   000E9A                     BAUDCTL2        equ	3738	;# 
  5938   000E9B                     PPSLOCK         equ	3739	;# 
  5939   000E9C                     INT0PPS         equ	3740	;# 
  5940   000E9D                     INT1PPS         equ	3741	;# 
  5941   000E9E                     INT2PPS         equ	3742	;# 
  5942   000E9F                     T0CKIPPS        equ	3743	;# 
  5943   000EA0                     T1CKIPPS        equ	3744	;# 
  5944   000EA1                     T1GPPS          equ	3745	;# 
  5945   000EA2                     T3CKIPPS        equ	3746	;# 
  5946   000EA3                     T3GPPS          equ	3747	;# 
  5947   000EA4                     T5CKIPPS        equ	3748	;# 
  5948   000EA5                     T5GPPS          equ	3749	;# 
  5949   000EA6                     T2INPPS         equ	3750	;# 
  5950   000EA7                     T4INPPS         equ	3751	;# 
  5951   000EA8                     T6INPPS         equ	3752	;# 
  5952   000EA9                     ADACTPPS        equ	3753	;# 
  5953   000EAA                     CCP1PPS         equ	3754	;# 
  5954   000EAB                     CCP2PPS         equ	3755	;# 
  5955   000EAC                     CWG1PPS         equ	3756	;# 
  5956   000EAC                     CWGPPS          equ	3756	;# 
  5957   000EAC                     CWG1INPPS       equ	3756	;# 
  5958   000EAC                     CWGINPPS        equ	3756	;# 
  5959   000EAD                     MDCARLPPS       equ	3757	;# 
  5960   000EAE                     MDCARHPPS       equ	3758	;# 
  5961   000EAF                     MDSRCPPS        equ	3759	;# 
  5962   000EB0                     RX1PPS          equ	3760	;# 
  5963   000EB0                     RXPPS           equ	3760	;# 
  5964   000EB0                     RXDT1PPS        equ	3760	;# 
  5965   000EB1                     CK1PPS          equ	3761	;# 
  5966   000EB1                     TXPPS           equ	3761	;# 
  5967   000EB1                     CKPPS           equ	3761	;# 
  5968   000EB1                     TX1PPS          equ	3761	;# 
  5969   000EB1                     TXCK1PPS        equ	3761	;# 
  5970   000EB2                     SSP1CLKPPS      equ	3762	;# 
  5971   000EB2                     SSPCLKPPS       equ	3762	;# 
  5972   000EB3                     SSP1DATPPS      equ	3763	;# 
  5973   000EB3                     SSPDATPPS       equ	3763	;# 
  5974   000EB4                     SSP1SSPPS       equ	3764	;# 
  5975   000EB4                     SSPSSPPS        equ	3764	;# 
  5976   000EB5                     IPR0            equ	3765	;# 
  5977   000EB6                     IPR1            equ	3766	;# 
  5978   000EB7                     IPR2            equ	3767	;# 
  5979   000EB8                     IPR3            equ	3768	;# 
  5980   000EB9                     IPR4            equ	3769	;# 
  5981   000EBA                     IPR5            equ	3770	;# 
  5982   000EBB                     IPR6            equ	3771	;# 
  5983   000EBC                     IPR7            equ	3772	;# 
  5984   000EBD                     PIE0            equ	3773	;# 
  5985   000EBE                     PIE1            equ	3774	;# 
  5986   000EBF                     PIE2            equ	3775	;# 
  5987   000EC0                     PIE3            equ	3776	;# 
  5988   000EC1                     PIE4            equ	3777	;# 
  5989   000EC2                     PIE5            equ	3778	;# 
  5990   000EC3                     PIE6            equ	3779	;# 
  5991   000EC4                     PIE7            equ	3780	;# 
  5992   000EC5                     PIR0            equ	3781	;# 
  5993   000EC6                     PIR1            equ	3782	;# 
  5994   000EC7                     PIR2            equ	3783	;# 
  5995   000EC8                     PIR3            equ	3784	;# 
  5996   000EC9                     PIR4            equ	3785	;# 
  5997   000ECA                     PIR5            equ	3786	;# 
  5998   000ECB                     PIR6            equ	3787	;# 
  5999   000ECC                     PIR7            equ	3788	;# 
  6000   000ECD                     WDTCON0         equ	3789	;# 
  6001   000ECE                     WDTCON1         equ	3790	;# 
  6002   000ECF                     WDTPSL          equ	3791	;# 
  6003   000ED0                     WDTPSH          equ	3792	;# 
  6004   000ED1                     WDTTMR          equ	3793	;# 
  6005   000ED2                     CPUDOZE         equ	3794	;# 
  6006   000ED3                     OSCCON1         equ	3795	;# 
  6007   000ED4                     OSCCON2         equ	3796	;# 
  6008   000ED5                     OSCCON3         equ	3797	;# 
  6009   000ED6                     OSCSTAT         equ	3798	;# 
  6010   000ED6                     OSCSTAT1        equ	3798	;# 
  6011   000ED7                     OSCEN           equ	3799	;# 
  6012   000ED8                     OSCTUNE         equ	3800	;# 
  6013   000ED9                     OSCFRQ          equ	3801	;# 
  6014   000ED9                     OSCFREQ         equ	3801	;# 
  6015   000EDA                     VREGCON         equ	3802	;# 
  6016   000EDB                     BORCON          equ	3803	;# 
  6017   000EDC                     PMD0            equ	3804	;# 
  6018   000EDD                     PMD1            equ	3805	;# 
  6019   000EDE                     PMD2            equ	3806	;# 
  6020   000EDF                     PMD3            equ	3807	;# 
  6021   000EE0                     PMD4            equ	3808	;# 
  6022   000EE1                     PMD5            equ	3809	;# 
  6023   000EE2                     RA0PPS          equ	3810	;# 
  6024   000EE3                     RA1PPS          equ	3811	;# 
  6025   000EE4                     RA2PPS          equ	3812	;# 
  6026   000EE5                     RA3PPS          equ	3813	;# 
  6027   000EE6                     RA4PPS          equ	3814	;# 
  6028   000EE7                     RA5PPS          equ	3815	;# 
  6029   000EE8                     RA6PPS          equ	3816	;# 
  6030   000EE9                     RA7PPS          equ	3817	;# 
  6031   000EEA                     RB0PPS          equ	3818	;# 
  6032   000EEB                     RB1PPS          equ	3819	;# 
  6033   000EEC                     RB2PPS          equ	3820	;# 
  6034   000EED                     RB3PPS          equ	3821	;# 
  6035   000EEE                     RB4PPS          equ	3822	;# 
  6036   000EEF                     RB5PPS          equ	3823	;# 
  6037   000EF0                     RB6PPS          equ	3824	;# 
  6038   000EF1                     RB7PPS          equ	3825	;# 
  6039   000EF2                     RC0PPS          equ	3826	;# 
  6040   000EF3                     RC1PPS          equ	3827	;# 
  6041   000EF4                     RC2PPS          equ	3828	;# 
  6042   000EF5                     RC3PPS          equ	3829	;# 
  6043   000EF6                     RC4PPS          equ	3830	;# 
  6044   000EF7                     RC5PPS          equ	3831	;# 
  6045   000EF8                     RC6PPS          equ	3832	;# 
  6046   000EF9                     RC7PPS          equ	3833	;# 
  6047   000EFA                     RD0PPS          equ	3834	;# 
  6048   000EFB                     RD1PPS          equ	3835	;# 
  6049   000EFC                     RD2PPS          equ	3836	;# 
  6050   000EFD                     RD3PPS          equ	3837	;# 
  6051   000EFE                     RD4PPS          equ	3838	;# 
  6052   000EFF                     RD5PPS          equ	3839	;# 
  6053   000F00                     RD6PPS          equ	3840	;# 
  6054   000F01                     RD7PPS          equ	3841	;# 
  6055   000F02                     RE0PPS          equ	3842	;# 
  6056   000F03                     RE1PPS          equ	3843	;# 
  6057   000F04                     RE2PPS          equ	3844	;# 
  6058   000F05                     IOCAF           equ	3845	;# 
  6059   000F06                     IOCAN           equ	3846	;# 
  6060   000F07                     IOCAP           equ	3847	;# 
  6061   000F08                     INLVLA          equ	3848	;# 
  6062   000F09                     SLRCONA         equ	3849	;# 
  6063   000F0A                     ODCONA          equ	3850	;# 
  6064   000F0B                     WPUA            equ	3851	;# 
  6065   000F0C                     ANSELA          equ	3852	;# 
  6066   000F0D                     IOCBF           equ	3853	;# 
  6067   000F0E                     IOCBN           equ	3854	;# 
  6068   000F0F                     IOCBP           equ	3855	;# 
  6069   000F10                     INLVLB          equ	3856	;# 
  6070   000F11                     SLRCONB         equ	3857	;# 
  6071   000F12                     ODCONB          equ	3858	;# 
  6072   000F13                     WPUB            equ	3859	;# 
  6073   000F14                     ANSELB          equ	3860	;# 
  6074   000F15                     IOCCF           equ	3861	;# 
  6075   000F16                     IOCCN           equ	3862	;# 
  6076   000F17                     IOCCP           equ	3863	;# 
  6077   000F18                     INLVLC          equ	3864	;# 
  6078   000F19                     SLRCONC         equ	3865	;# 
  6079   000F1A                     ODCONC          equ	3866	;# 
  6080   000F1B                     WPUC            equ	3867	;# 
  6081   000F1C                     ANSELC          equ	3868	;# 
  6082   000F1D                     INLVLD          equ	3869	;# 
  6083   000F1E                     SLRCOND         equ	3870	;# 
  6084   000F1F                     ODCOND          equ	3871	;# 
  6085   000F20                     WPUD            equ	3872	;# 
  6086   000F21                     ANSELD          equ	3873	;# 
  6087   000F22                     IOCEF           equ	3874	;# 
  6088   000F23                     IOCEN           equ	3875	;# 
  6089   000F24                     IOCEP           equ	3876	;# 
  6090   000F25                     INLVLE          equ	3877	;# 
  6091   000F26                     SLRCONE         equ	3878	;# 
  6092   000F27                     ODCONE          equ	3879	;# 
  6093   000F28                     WPUE            equ	3880	;# 
  6094   000F29                     ANSELE          equ	3881	;# 
  6095   000F2A                     HLVDCON0        equ	3882	;# 
  6096   000F2B                     HLVDCON1        equ	3883	;# 
  6097   000F2C                     FVRCON          equ	3884	;# 
  6098   000F2D                     ZCDCON          equ	3885	;# 
  6099   000F2E                     DAC1CON0        equ	3886	;# 
  6100   000F2F                     DAC1CON1        equ	3887	;# 
  6101   000F30                     CM2CON0         equ	3888	;# 
  6102   000F31                     CM2CON1         equ	3889	;# 
  6103   000F32                     CM2NCH          equ	3890	;# 
  6104   000F33                     CM2PCH          equ	3891	;# 
  6105   000F34                     CM1CON0         equ	3892	;# 
  6106   000F35                     CM1CON1         equ	3893	;# 
  6107   000F36                     CM1NCH          equ	3894	;# 
  6108   000F37                     CM1PCH          equ	3895	;# 
  6109   000F38                     CMOUT           equ	3896	;# 
  6110   000F39                     CLKRCON         equ	3897	;# 
  6111   000F3A                     CLKRCLK         equ	3898	;# 
  6112   000F3B                     CWG1CLK         equ	3899	;# 
  6113   000F3B                     CWG1CLKCON      equ	3899	;# 
  6114   000F3C                     CWG1ISM         equ	3900	;# 
  6115   000F3D                     CWG1DBR         equ	3901	;# 
  6116   000F3E                     CWG1DBF         equ	3902	;# 
  6117   000F3F                     CWG1CON0        equ	3903	;# 
  6118   000F40                     CWG1CON1        equ	3904	;# 
  6119   000F41                     CWG1AS0         equ	3905	;# 
  6120   000F42                     CWG1AS1         equ	3906	;# 
  6121   000F43                     CWG1STR         equ	3907	;# 
  6122   000F44                     SCANLADR        equ	3908	;# 
  6123   000F44                     SCANLADRL       equ	3908	;# 
  6124   000F45                     SCANLADRH       equ	3909	;# 
  6125   000F46                     SCANLADRU       equ	3910	;# 
  6126   000F47                     SCANHADR        equ	3911	;# 
  6127   000F47                     SCANHADRL       equ	3911	;# 
  6128   000F48                     SCANHADRH       equ	3912	;# 
  6129   000F49                     SCANHADRU       equ	3913	;# 
  6130   000F4A                     SCANCON0        equ	3914	;# 
  6131   000F4B                     SCANTRIG        equ	3915	;# 
  6132   000F4C                     MDCON0          equ	3916	;# 
  6133   000F4D                     MDCON1          equ	3917	;# 
  6134   000F4E                     MDSRC           equ	3918	;# 
  6135   000F4F                     MDCARL          equ	3919	;# 
  6136   000F50                     MDCARH          equ	3920	;# 
  6137   000F51                     ADACT           equ	3921	;# 
  6138   000F52                     ADCLK           equ	3922	;# 
  6139   000F53                     ADREF           equ	3923	;# 
  6140   000F54                     ADCON1          equ	3924	;# 
  6141   000F55                     ADCON2          equ	3925	;# 
  6142   000F56                     ADCON3          equ	3926	;# 
  6143   000F57                     ADACQ           equ	3927	;# 
  6144   000F58                     ADCAP           equ	3928	;# 
  6145   000F59                     ADPRE           equ	3929	;# 
  6146   000F5A                     ADPCH           equ	3930	;# 
  6147   000F5B                     ADCON0          equ	3931	;# 
  6148   000F5C                     ADPREV          equ	3932	;# 
  6149   000F5C                     ADPREVL         equ	3932	;# 
  6150   000F5D                     ADPREVH         equ	3933	;# 
  6151   000F5E                     ADRES           equ	3934	;# 
  6152   000F5E                     ADRESL          equ	3934	;# 
  6153   000F5F                     ADRESH          equ	3935	;# 
  6154   000F60                     ADSTAT          equ	3936	;# 
  6155   000F61                     ADRPT           equ	3937	;# 
  6156   000F62                     ADCNT           equ	3938	;# 
  6157   000F63                     ADSTPT          equ	3939	;# 
  6158   000F63                     ADSTPTL         equ	3939	;# 
  6159   000F64                     ADSTPTH         equ	3940	;# 
  6160   000F65                     ADLTH           equ	3941	;# 
  6161   000F65                     ADLTHL          equ	3941	;# 
  6162   000F66                     ADLTHH          equ	3942	;# 
  6163   000F67                     ADUTH           equ	3943	;# 
  6164   000F67                     ADUTHL          equ	3943	;# 
  6165   000F68                     ADUTHH          equ	3944	;# 
  6166   000F69                     ADERR           equ	3945	;# 
  6167   000F69                     ADERRL          equ	3945	;# 
  6168   000F6A                     ADERRH          equ	3946	;# 
  6169   000F6B                     ADACC           equ	3947	;# 
  6170   000F6B                     ADACCL          equ	3947	;# 
  6171   000F6C                     ADACCH          equ	3948	;# 
  6172   000F6D                     ADFLTR          equ	3949	;# 
  6173   000F6D                     ADFLTRL         equ	3949	;# 
  6174   000F6E                     ADFLTRH         equ	3950	;# 
  6175   000F6F                     CRCDATA         equ	3951	;# 
  6176   000F6F                     CRCDATL         equ	3951	;# 
  6177   000F70                     CRCDATH         equ	3952	;# 
  6178   000F71                     CRCACC          equ	3953	;# 
  6179   000F71                     CRCACCL         equ	3953	;# 
  6180   000F72                     CRCACCH         equ	3954	;# 
  6181   000F73                     CRCSHFT         equ	3955	;# 
  6182   000F73                     CRCSHIFTL       equ	3955	;# 
  6183   000F74                     CRCSHIFTH       equ	3956	;# 
  6184   000F75                     CRCXOR          equ	3957	;# 
  6185   000F75                     CRCXORL         equ	3957	;# 
  6186   000F76                     CRCXORH         equ	3958	;# 
  6187   000F77                     CRCCON0         equ	3959	;# 
  6188   000F78                     CRCCON1         equ	3960	;# 
  6189   000F79                     NVMADR          equ	3961	;# 
  6190   000F79                     NVMADRL         equ	3961	;# 
  6191   000F7A                     NVMADRH         equ	3962	;# 
  6192   000F7B                     NVMADRU         equ	3963	;# 
  6193   000F7C                     NVMDAT          equ	3964	;# 
  6194   000F7C                     NVMDATL         equ	3964	;# 
  6195   000F7D                     NVMDATH         equ	3965	;# 
  6196   000F7F                     NVMCON0         equ	3967	;# 
  6197   000F80                     NVMCON1         equ	3968	;# 
  6198   000F81                     NVMCON2         equ	3969	;# 
  6199   000F82                     LATA            equ	3970	;# 
  6200   000F83                     LATB            equ	3971	;# 
  6201   000F84                     LATC            equ	3972	;# 
  6202   000F85                     LATD            equ	3973	;# 
  6203   000F86                     LATE            equ	3974	;# 
  6204   000F87                     TRISA           equ	3975	;# 
  6205   000F87                     DDRA            equ	3975	;# 
  6206   000F88                     TRISB           equ	3976	;# 
  6207   000F88                     DDRB            equ	3976	;# 
  6208   000F89                     TRISC           equ	3977	;# 
  6209   000F89                     DDRC            equ	3977	;# 
  6210   000F8A                     TRISD           equ	3978	;# 
  6211   000F8A                     DDRD            equ	3978	;# 
  6212   000F8B                     TRISE           equ	3979	;# 
  6213   000F8B                     DDRE            equ	3979	;# 
  6214   000F8C                     PORTA           equ	3980	;# 
  6215   000F8D                     PORTB           equ	3981	;# 
  6216   000F8E                     PORTC           equ	3982	;# 
  6217   000F8F                     PORTD           equ	3983	;# 
  6218   000F90                     PORTE           equ	3984	;# 
  6219   000F91                     SSP1BUF         equ	3985	;# 
  6220   000F92                     SSP1ADD         equ	3986	;# 
  6221   000F93                     SSP1MSK         equ	3987	;# 
  6222   000F94                     SSP1STAT        equ	3988	;# 
  6223   000F95                     SSP1CON1        equ	3989	;# 
  6224   000F96                     SSP1CON2        equ	3990	;# 
  6225   000F97                     SSP1CON3        equ	3991	;# 
  6226   000F98                     RC1REG          equ	3992	;# 
  6227   000F98                     RCREG           equ	3992	;# 
  6228   000F98                     RCREG1          equ	3992	;# 
  6229   000F99                     TX1REG          equ	3993	;# 
  6230   000F99                     TXREG1          equ	3993	;# 
  6231   000F99                     TXREG           equ	3993	;# 
  6232   000F9A                     SP1BRG          equ	3994	;# 
  6233   000F9A                     SPBRG           equ	3994	;# 
  6234   000F9A                     SP1BRGL         equ	3994	;# 
  6235   000F9A                     SPBRG1          equ	3994	;# 
  6236   000F9A                     SPBRGL          equ	3994	;# 
  6237   000F9B                     SP1BRGH         equ	3995	;# 
  6238   000F9B                     SPBRGH          equ	3995	;# 
  6239   000F9B                     SPBRGH1         equ	3995	;# 
  6240   000F9C                     RC1STA          equ	3996	;# 
  6241   000F9C                     RCSTA1          equ	3996	;# 
  6242   000F9C                     RCSTA           equ	3996	;# 
  6243   000F9D                     TX1STA          equ	3997	;# 
  6244   000F9D                     TXSTA1          equ	3997	;# 
  6245   000F9D                     TXSTA           equ	3997	;# 
  6246   000F9E                     BAUD1CON        equ	3998	;# 
  6247   000F9E                     BAUDCON1        equ	3998	;# 
  6248   000F9E                     BAUDCTL1        equ	3998	;# 
  6249   000F9E                     BAUDCON         equ	3998	;# 
  6250   000F9E                     BAUDCTL         equ	3998	;# 
  6251   000F9F                     PWM4DC          equ	3999	;# 
  6252   000F9F                     PWM4DCL         equ	3999	;# 
  6253   000FA0                     PWM4DCH         equ	4000	;# 
  6254   000FA1                     PWM4CON         equ	4001	;# 
  6255   000FA2                     PWM3DC          equ	4002	;# 
  6256   000FA2                     PWM3DCL         equ	4002	;# 
  6257   000FA3                     PWM3DCH         equ	4003	;# 
  6258   000FA4                     PWM3CON         equ	4004	;# 
  6259   000FA5                     CCPR2           equ	4005	;# 
  6260   000FA5                     CCPR2L          equ	4005	;# 
  6261   000FA6                     CCPR2H          equ	4006	;# 
  6262   000FA7                     CCP2CON         equ	4007	;# 
  6263   000FA8                     CCP2CAP         equ	4008	;# 
  6264   000FA9                     CCPR1           equ	4009	;# 
  6265   000FA9                     CCPR1L          equ	4009	;# 
  6266   000FAA                     CCPR1H          equ	4010	;# 
  6267   000FAB                     CCP1CON         equ	4011	;# 
  6268   000FAC                     CCP1CAP         equ	4012	;# 
  6269   000FAD                     CCPTMRS         equ	4013	;# 
  6270   000FAE                     T6TMR           equ	4014	;# 
  6271   000FAE                     TMR6            equ	4014	;# 
  6272   000FAF                     T6PR            equ	4015	;# 
  6273   000FAF                     PR6             equ	4015	;# 
  6274   000FB0                     T6CON           equ	4016	;# 
  6275   000FB1                     T6HLT           equ	4017	;# 
  6276   000FB2                     T6CLKCON        equ	4018	;# 
  6277   000FB2                     T6CLK           equ	4018	;# 
  6278   000FB3                     T6RST           equ	4019	;# 
  6279   000FB4                     T4TMR           equ	4020	;# 
  6280   000FB4                     TMR4            equ	4020	;# 
  6281   000FB5                     T4PR            equ	4021	;# 
  6282   000FB5                     PR4             equ	4021	;# 
  6283   000FB6                     T4CON           equ	4022	;# 
  6284   000FB7                     T4HLT           equ	4023	;# 
  6285   000FB8                     T4CLKCON        equ	4024	;# 
  6286   000FB8                     T4CLK           equ	4024	;# 
  6287   000FB9                     T4RST           equ	4025	;# 
  6288   000FBA                     T2TMR           equ	4026	;# 
  6289   000FBA                     TMR2            equ	4026	;# 
  6290   000FBB                     T2PR            equ	4027	;# 
  6291   000FBB                     PR2             equ	4027	;# 
  6292   000FBC                     T2CON           equ	4028	;# 
  6293   000FBD                     T2HLT           equ	4029	;# 
  6294   000FBE                     T2CLKCON        equ	4030	;# 
  6295   000FBE                     T2CLK           equ	4030	;# 
  6296   000FBF                     T2RST           equ	4031	;# 
  6297   000FC0                     TMR5            equ	4032	;# 
  6298   000FC0                     TMR5L           equ	4032	;# 
  6299   000FC1                     TMR5H           equ	4033	;# 
  6300   000FC2                     T5CON           equ	4034	;# 
  6301   000FC2                     TMR5CON         equ	4034	;# 
  6302   000FC3                     T5GCON          equ	4035	;# 
  6303   000FC3                     TMR5GCON        equ	4035	;# 
  6304   000FC4                     T5GATE          equ	4036	;# 
  6305   000FC4                     TMR5GATE        equ	4036	;# 
  6306   000FC5                     T5CLK           equ	4037	;# 
  6307   000FC5                     TMR5CLK         equ	4037	;# 
  6308   000FC5                     PR5             equ	4037	;# 
  6309   000FC6                     TMR3            equ	4038	;# 
  6310   000FC6                     TMR3L           equ	4038	;# 
  6311   000FC7                     TMR3H           equ	4039	;# 
  6312   000FC8                     T3CON           equ	4040	;# 
  6313   000FC8                     TMR3CON         equ	4040	;# 
  6314   000FC9                     T3GCON          equ	4041	;# 
  6315   000FC9                     TMR3GCON        equ	4041	;# 
  6316   000FCA                     T3GATE          equ	4042	;# 
  6317   000FCA                     TMR3GATE        equ	4042	;# 
  6318   000FCB                     T3CLK           equ	4043	;# 
  6319   000FCB                     TMR3CLK         equ	4043	;# 
  6320   000FCB                     PR3             equ	4043	;# 
  6321   000FCC                     TMR1            equ	4044	;# 
  6322   000FCC                     TMR1L           equ	4044	;# 
  6323   000FCD                     TMR1H           equ	4045	;# 
  6324   000FCE                     T1CON           equ	4046	;# 
  6325   000FCE                     TMR1CON         equ	4046	;# 
  6326   000FCF                     T1GCON          equ	4047	;# 
  6327   000FCF                     TMR1GCON        equ	4047	;# 
  6328   000FD0                     T1GATE          equ	4048	;# 
  6329   000FD0                     TMR1GATE        equ	4048	;# 
  6330   000FD1                     T1CLK           equ	4049	;# 
  6331   000FD1                     TMR1CLK         equ	4049	;# 
  6332   000FD1                     PR1             equ	4049	;# 
  6333   000FD2                     TMR0L           equ	4050	;# 
  6334   000FD2                     TMR0            equ	4050	;# 
  6335   000FD3                     TMR0H           equ	4051	;# 
  6336   000FD3                     PR0             equ	4051	;# 
  6337   000FD4                     T0CON0          equ	4052	;# 
  6338   000FD5                     T0CON1          equ	4053	;# 
  6339   000FD6                     PCON1           equ	4054	;# 
  6340   000FD7                     PCON0           equ	4055	;# 
  6341   000FD8                     STATUS          equ	4056	;# 
  6342   000FD9                     FSR2            equ	4057	;# 
  6343   000FD9                     FSR2L           equ	4057	;# 
  6344   000FDA                     FSR2H           equ	4058	;# 
  6345   000FDB                     PLUSW2          equ	4059	;# 
  6346   000FDC                     PREINC2         equ	4060	;# 
  6347   000FDD                     POSTDEC2        equ	4061	;# 
  6348   000FDE                     POSTINC2        equ	4062	;# 
  6349   000FDF                     INDF2           equ	4063	;# 
  6350   000FE0                     BSR             equ	4064	;# 
  6351   000FE1                     FSR1            equ	4065	;# 
  6352   000FE1                     FSR1L           equ	4065	;# 
  6353   000FE2                     FSR1H           equ	4066	;# 
  6354   000FE3                     PLUSW1          equ	4067	;# 
  6355   000FE4                     PREINC1         equ	4068	;# 
  6356   000FE5                     POSTDEC1        equ	4069	;# 
  6357   000FE6                     POSTINC1        equ	4070	;# 
  6358   000FE7                     INDF1           equ	4071	;# 
  6359   000FE8                     WREG            equ	4072	;# 
  6360   000FE9                     FSR0            equ	4073	;# 
  6361   000FE9                     FSR0L           equ	4073	;# 
  6362   000FEA                     FSR0H           equ	4074	;# 
  6363   000FEB                     PLUSW0          equ	4075	;# 
  6364   000FEC                     PREINC0         equ	4076	;# 
  6365   000FED                     POSTDEC0        equ	4077	;# 
  6366   000FEE                     POSTINC0        equ	4078	;# 
  6367   000FEF                     INDF0           equ	4079	;# 
  6368   000FF2                     INTCON          equ	4082	;# 
  6369   000FF3                     PROD            equ	4083	;# 
  6370   000FF3                     PRODL           equ	4083	;# 
  6371   000FF4                     PRODH           equ	4084	;# 
  6372   000FF5                     TABLAT          equ	4085	;# 
  6373   000FF6                     TBLPTR          equ	4086	;# 
  6374   000FF6                     TBLPTRL         equ	4086	;# 
  6375   000FF7                     TBLPTRH         equ	4087	;# 
  6376   000FF8                     TBLPTRU         equ	4088	;# 
  6377   000FF9                     PCLAT           equ	4089	;# 
  6378   000FF9                     PCL             equ	4089	;# 
  6379   000FFA                     PCLATH          equ	4090	;# 
  6380   000FFB                     PCLATU          equ	4091	;# 
  6381   000FFC                     STKPTR          equ	4092	;# 
  6382   000FFD                     TOS             equ	4093	;# 
  6383   000FFD                     TOSL            equ	4093	;# 
  6384   000FFE                     TOSH            equ	4094	;# 
  6385   000FFF                     TOSU            equ	4095	;# 
  6386                           
  6387                           	psect	mediumconst
  6388   00FE0C                     __pmediumconst:
  6389                           	callstack 0
  6390   00FE0C  00                 	db	0
  6391   00FE0D                     _EUSART_kau16BaudRateCoef:
  6392                           	callstack 0
  6393   00FE0D  0340               	dw	832
  6394   00FE0F  00CF               	dw	207
  6395   00FE11  0067               	dw	103
  6396   00FE13  0019               	dw	25
  6397   00FE15  0017               	dw	23
  6398   00FE17  000C               	dw	12
  6399   00FE19  0000               	dw	0
  6400   00FE1B  0000               	dw	0
  6401   00FE1D  0D04               	dw	3332
  6402   00FE1F  0340               	dw	832
  6403   00FE21  01A0               	dw	416
  6404   00FE23  0067               	dw	103
  6405   00FE25  005F               	dw	95
  6406   00FE27  0033               	dw	51
  6407   00FE29  0010               	dw	16
  6408   00FE2B  0008               	dw	8
  6409   00FE2D  1A0A               	dw	6666
  6410   00FE2F  0682               	dw	1666
  6411   00FE31  0340               	dw	832
  6412   00FE33  00CF               	dw	207
  6413   00FE35  00BF               	dw	191
  6414   00FE37  0067               	dw	103
  6415   00FE39  0022               	dw	34
  6416   00FE3B  0010               	dw	16
  6417   00FE3D  682A               	dw	26666
  6418   00FE3F  1A0A               	dw	6666
  6419   00FE41  0D04               	dw	3332
  6420   00FE43  0340               	dw	832
  6421   00FE45  02FF               	dw	767
  6422   00FE47  01A0               	dw	416
  6423   00FE49  008A               	dw	138
  6424   00FE4B  0044               	dw	68
  6425   00FE4D                     __end_of_EUSART_kau16BaudRateCoef:
  6426                           	callstack 0
  6427   00FE4D                     bSetCursor@F13614:
  6428                           	callstack 0
  6429   00FE4D  00                 	db	0
  6430   00FE4E  40                 	db	64
  6431   00FE4F  14                 	db	20
  6432   00FE50  54                 	db	84
  6433   00FE51                     __end_ofbSetCursor@F13614:
  6434                           	callstack 0
  6435   00FE51                     _LCD_kastrLcdConfigList:
  6436                           	callstack 0
  6437   00FE51  01                 	db	1
  6438   00FE52  00                 	db	0
  6439   00FE53  27                 	db	39
  6440   00FE54  14                 	db	20
  6441   00FE55  04                 	db	4
  6442   00FE56  01                 	db	1
  6443   00FE57  00                 	db	0
  6444   00FE58  00                 	db	0
  6445   00FE59                     __end_of_LCD_kastrLcdConfigList:
  6446                           	callstack 0
  6447   000EC5                     _PIR0bits       set	3781
  6448   000EBD                     _PIE0bits       set	3773
  6449   000EEC                     _RB2PPS         set	3820
  6450   000EB3                     _SSP1DATPPS     set	3763
  6451   000EEB                     _RB1PPS         set	3819
  6452   000EB2                     _SSP1CLKPPS     set	3762
  6453   000E95                     _TX2REG         set	3733
  6454   000E99                     _TXSTA2bits     set	3737
  6455   000E88                     _RX2PPS         set	3720
  6456   000EFA                     _RD0PPS         set	3834
  6457   000E9A                     _BAUD2CONbits   set	3738
  6458   000E99                     _TX2STAbits     set	3737
  6459   000E97                     _SP2BRGH        set	3735
  6460   000E96                     _SP2BRGL        set	3734
  6461   000E94                     _RC2REG         set	3732
  6462   000E98                     _RC2STAbits     set	3736
  6463   000EC8                     _PIR3bits       set	3784
  6464   000EC0                     _PIE3bits       set	3776
  6465   000ED3                     _OSCCON1bits    set	3795
  6466   000F13                     _WPUBbits       set	3859
  6467   000F14                     _ANSELBbits     set	3860
  6468   000F21                     _ANSELDbits     set	3873
  6469   000F5E                     _ADRESL         set	3934
  6470   000F5F                     _ADRESH         set	3935
  6471   000F5A                     _ADPCH          set	3930
  6472   000F5B                     _ADCON0         set	3931
  6473   000F53                     _ADREFbits      set	3923
  6474   000F82                     _LATAbits       set	3970
  6475   000F87                     _TRISAbits      set	3975
  6476   000FD2                     _TMR0L          set	4050
  6477   000FD3                     _TMR0H          set	4051
  6478   000FD5                     _T0CON1bits     set	4053
  6479   000FD4                     _T0CON0bits     set	4052
  6480   000F91                     _SSP1BUF        set	3985
  6481   000F96                     _SSP1CON2bits   set	3990
  6482   000F92                     _SSP1ADD        set	3986
  6483   000F95                     _SSP1CON1bits   set	3989
  6484   000F8A                     _TRISDbits      set	3978
  6485   000FF2                     _INTCONbits     set	4082
  6486   00FE59                     STR_42:
  6487                           
  6488                           ; BSR set to: 14
  6489   00FE59  5B                 	db	91	;'['
  6490   00FE5A  43                 	db	67	;'C'
  6491   00FE5B  4D                 	db	77	;'M'
  6492   00FE5C  4E                 	db	78	;'N'
  6493   00FE5D  20                 	db	32
  6494   00FE5E  5D                 	db	93	;']'
  6495   00FE5F  20                 	db	32
  6496   00FE60  57                 	db	87	;'W'
  6497   00FE61  61                 	db	97	;'a'
  6498   00FE62  72                 	db	114	;'r'
  6499   00FE63  6E                 	db	110	;'n'
  6500   00FE64  69                 	db	105	;'i'
  6501   00FE65  6E                 	db	110	;'n'
  6502   00FE66  67                 	db	103	;'g'
  6503   00FE67  3A                 	db	58	;':'
  6504   00FE68  20                 	db	32
  6505   00FE69  41                 	db	65	;'A'
  6506   00FE6A  73                 	db	115	;'s'
  6507   00FE6B  73                 	db	115	;'s'
  6508   00FE6C  65                 	db	101	;'e'
  6509   00FE6D  72                 	db	114	;'r'
  6510   00FE6E  74                 	db	116	;'t'
  6511   00FE6F  20                 	db	32
  6512   00FE70  74                 	db	116	;'t'
  6513   00FE71  72                 	db	114	;'r'
  6514   00FE72  69                 	db	105	;'i'
  6515   00FE73  67                 	db	103	;'g'
  6516   00FE74  67                 	db	103	;'g'
  6517   00FE75  65                 	db	101	;'e'
  6518   00FE76  72                 	db	114	;'r'
  6519   00FE77  65                 	db	101	;'e'
  6520   00FE78  64                 	db	100	;'d'
  6521   00FE79  20                 	db	32
  6522   00FE7A  61                 	db	97	;'a'
  6523   00FE7B  74                 	db	116	;'t'
  6524   00FE7C  20                 	db	32
  6525   00FE7D  22                 	db	34
  6526   00FE7E  25                 	db	37
  6527   00FE7F  73                 	db	115	;'s'
  6528   00FE80  22                 	db	34
  6529   00FE81  2C                 	db	44
  6530   00FE82  20                 	db	32
  6531   00FE83  6C                 	db	108	;'l'
  6532   00FE84  69                 	db	105	;'i'
  6533   00FE85  6E                 	db	110	;'n'
  6534   00FE86  65                 	db	101	;'e'
  6535   00FE87  20                 	db	32
  6536   00FE88  25                 	db	37
  6537   00FE89  64                 	db	100	;'d'
  6538   00FE8A  20                 	db	32
  6539   00FE8B  28                 	db	40
  6540   00FE8C  66                 	db	102	;'f'
  6541   00FE8D  75                 	db	117	;'u'
  6542   00FE8E  6E                 	db	110	;'n'
  6543   00FE8F  63                 	db	99	;'c'
  6544   00FE90  74                 	db	116	;'t'
  6545   00FE91  69                 	db	105	;'i'
  6546   00FE92  6F                 	db	111	;'o'
  6547   00FE93  6E                 	db	110	;'n'
  6548   00FE94  3A                 	db	58	;':'
  6549   00FE95  20                 	db	32
  6550   00FE96  22                 	db	34
  6551   00FE97  25                 	db	37
  6552   00FE98  73                 	db	115	;'s'
  6553   00FE99  22                 	db	34
  6554   00FE9A  29                 	db	41
  6555   00FE9B  0D                 	db	13
  6556   00FE9C  0A                 	db	10
  6557   00FE9D  00                 	db	0
  6558   00FE9E                     STR_43:
  6559                           
  6560                           ; BSR set to: 14
  6561   00FE9E  5B                 	db	91	;'['
  6562   00FE9F  43                 	db	67	;'C'
  6563   00FEA0  4D                 	db	77	;'M'
  6564   00FEA1  4E                 	db	78	;'N'
  6565   00FEA2  20                 	db	32
  6566   00FEA3  5D                 	db	93	;']'
  6567   00FEA4  20                 	db	32
  6568   00FEA5  45                 	db	69	;'E'
  6569   00FEA6  72                 	db	114	;'r'
  6570   00FEA7  72                 	db	114	;'r'
  6571   00FEA8  6F                 	db	111	;'o'
  6572   00FEA9  72                 	db	114	;'r'
  6573   00FEAA  3A                 	db	58	;':'
  6574   00FEAB  20                 	db	32
  6575   00FEAC  41                 	db	65	;'A'
  6576   00FEAD  73                 	db	115	;'s'
  6577   00FEAE  73                 	db	115	;'s'
  6578   00FEAF  65                 	db	101	;'e'
  6579   00FEB0  72                 	db	114	;'r'
  6580   00FEB1  74                 	db	116	;'t'
  6581   00FEB2  20                 	db	32
  6582   00FEB3  74                 	db	116	;'t'
  6583   00FEB4  72                 	db	114	;'r'
  6584   00FEB5  69                 	db	105	;'i'
  6585   00FEB6  67                 	db	103	;'g'
  6586   00FEB7  67                 	db	103	;'g'
  6587   00FEB8  65                 	db	101	;'e'
  6588   00FEB9  72                 	db	114	;'r'
  6589   00FEBA  65                 	db	101	;'e'
  6590   00FEBB  64                 	db	100	;'d'
  6591   00FEBC  20                 	db	32
  6592   00FEBD  61                 	db	97	;'a'
  6593   00FEBE  74                 	db	116	;'t'
  6594   00FEBF  20                 	db	32
  6595   00FEC0  22                 	db	34
  6596   00FEC1  25                 	db	37
  6597   00FEC2  73                 	db	115	;'s'
  6598   00FEC3  22                 	db	34
  6599   00FEC4  2C                 	db	44
  6600   00FEC5  20                 	db	32
  6601   00FEC6  6C                 	db	108	;'l'
  6602   00FEC7  69                 	db	105	;'i'
  6603   00FEC8  6E                 	db	110	;'n'
  6604   00FEC9  65                 	db	101	;'e'
  6605   00FECA  20                 	db	32
  6606   00FECB  25                 	db	37
  6607   00FECC  64                 	db	100	;'d'
  6608   00FECD  20                 	db	32
  6609   00FECE  28                 	db	40
  6610   00FECF  66                 	db	102	;'f'
  6611   00FED0  75                 	db	117	;'u'
  6612   00FED1  6E                 	db	110	;'n'
  6613   00FED2  63                 	db	99	;'c'
  6614   00FED3  74                 	db	116	;'t'
  6615   00FED4  69                 	db	105	;'i'
  6616   00FED5  6F                 	db	111	;'o'
  6617   00FED6  6E                 	db	110	;'n'
  6618   00FED7  3A                 	db	58	;':'
  6619   00FED8  20                 	db	32
  6620   00FED9  22                 	db	34
  6621   00FEDA  25                 	db	37
  6622   00FEDB  73                 	db	115	;'s'
  6623   00FEDC  22                 	db	34
  6624   00FEDD  29                 	db	41
  6625   00FEDE  0D                 	db	13
  6626   00FEDF  0A                 	db	10
  6627   00FEE0  00                 	db	0
  6628   00FEE1                     STR_44:
  6629                           
  6630                           ; BSR set to: 14
  6631   00FEE1  5B                 	db	91	;'['
  6632   00FEE2  43                 	db	67	;'C'
  6633   00FEE3  4D                 	db	77	;'M'
  6634   00FEE4  4E                 	db	78	;'N'
  6635   00FEE5  20                 	db	32
  6636   00FEE6  5D                 	db	93	;']'
  6637   00FEE7  20                 	db	32
  6638   00FEE8  45                 	db	69	;'E'
  6639   00FEE9  72                 	db	114	;'r'
  6640   00FEEA  72                 	db	114	;'r'
  6641   00FEEB  6F                 	db	111	;'o'
  6642   00FEEC  72                 	db	114	;'r'
  6643   00FEED  3A                 	db	58	;':'
  6644   00FEEE  20                 	db	32
  6645   00FEEF  41                 	db	65	;'A'
  6646   00FEF0  62                 	db	98	;'b'
  6647   00FEF1  6F                 	db	111	;'o'
  6648   00FEF2  72                 	db	114	;'r'
  6649   00FEF3  74                 	db	116	;'t'
  6650   00FEF4  20                 	db	32
  6651   00FEF5  74                 	db	116	;'t'
  6652   00FEF6  72                 	db	114	;'r'
  6653   00FEF7  69                 	db	105	;'i'
  6654   00FEF8  67                 	db	103	;'g'
  6655   00FEF9  67                 	db	103	;'g'
  6656   00FEFA  65                 	db	101	;'e'
  6657   00FEFB  72                 	db	114	;'r'
  6658   00FEFC  65                 	db	101	;'e'
  6659   00FEFD  64                 	db	100	;'d'
  6660   00FEFE  20                 	db	32
  6661   00FEFF  61                 	db	97	;'a'
  6662   00FF00  74                 	db	116	;'t'
  6663   00FF01  20                 	db	32
  6664   00FF02  22                 	db	34
  6665   00FF03  25                 	db	37
  6666   00FF04  73                 	db	115	;'s'
  6667   00FF05  22                 	db	34
  6668   00FF06  2C                 	db	44
  6669   00FF07  20                 	db	32
  6670   00FF08  6C                 	db	108	;'l'
  6671   00FF09  69                 	db	105	;'i'
  6672   00FF0A  6E                 	db	110	;'n'
  6673   00FF0B  65                 	db	101	;'e'
  6674   00FF0C  20                 	db	32
  6675   00FF0D  25                 	db	37
  6676   00FF0E  64                 	db	100	;'d'
  6677   00FF0F  20                 	db	32
  6678   00FF10  28                 	db	40
  6679   00FF11  66                 	db	102	;'f'
  6680   00FF12  75                 	db	117	;'u'
  6681   00FF13  6E                 	db	110	;'n'
  6682   00FF14  63                 	db	99	;'c'
  6683   00FF15  74                 	db	116	;'t'
  6684   00FF16  69                 	db	105	;'i'
  6685   00FF17  6F                 	db	111	;'o'
  6686   00FF18  6E                 	db	110	;'n'
  6687   00FF19  3A                 	db	58	;':'
  6688   00FF1A  20                 	db	32
  6689   00FF1B  22                 	db	34
  6690   00FF1C  25                 	db	37
  6691   00FF1D  73                 	db	115	;'s'
  6692   00FF1E  22                 	db	34
  6693   00FF1F  29                 	db	41
  6694   00FF20  0D                 	db	13
  6695   00FF21  0A                 	db	10
  6696   00FF22  00                 	db	0
  6697   00FF23                     STR_36:
  6698                           
  6699                           ; BSR set to: 14
  6700   00FF23  73                 	db	115	;'s'
  6701   00FF24  72                 	db	114	;'r'
  6702   00FF25  63                 	db	99	;'c'
  6703   00FF26  2F                 	db	47
  6704   00FF27  48                 	db	72	;'H'
  6705   00FF28  41                 	db	65	;'A'
  6706   00FF29  52                 	db	82	;'R'
  6707   00FF2A  44                 	db	68	;'D'
  6708   00FF2B  57                 	db	87	;'W'
  6709   00FF2C  41                 	db	65	;'A'
  6710   00FF2D  52                 	db	82	;'R'
  6711   00FF2E  45                 	db	69	;'E'
  6712   00FF2F  2F                 	db	47
  6713   00FF30  45                 	db	69	;'E'
  6714   00FF31  55                 	db	85	;'U'
  6715   00FF32  53                 	db	83	;'S'
  6716   00FF33  41                 	db	65	;'A'
  6717   00FF34  52                 	db	82	;'R'
  6718   00FF35  54                 	db	84	;'T'
  6719   00FF36  2F                 	db	47
  6720   00FF37  45                 	db	69	;'E'
  6721   00FF38  55                 	db	85	;'U'
  6722   00FF39  53                 	db	83	;'S'
  6723   00FF3A  41                 	db	65	;'A'
  6724   00FF3B  52                 	db	82	;'R'
  6725   00FF3C  54                 	db	84	;'T'
  6726   00FF3D  2E                 	db	46
  6727   00FF3E  63                 	db	99	;'c'
  6728   00FF3F  00                 	db	0
  6729   00FF40                     STR_30:
  6730                           
  6731                           ; BSR set to: 14
  6732   00FF40  73                 	db	115	;'s'
  6733   00FF41  72                 	db	114	;'r'
  6734   00FF42  63                 	db	99	;'c'
  6735   00FF43  2F                 	db	47
  6736   00FF44  48                 	db	72	;'H'
  6737   00FF45  41                 	db	65	;'A'
  6738   00FF46  52                 	db	82	;'R'
  6739   00FF47  44                 	db	68	;'D'
  6740   00FF48  57                 	db	87	;'W'
  6741   00FF49  41                 	db	65	;'A'
  6742   00FF4A  52                 	db	82	;'R'
  6743   00FF4B  45                 	db	69	;'E'
  6744   00FF4C  2F                 	db	47
  6745   00FF4D  41                 	db	65	;'A'
  6746   00FF4E  44                 	db	68	;'D'
  6747   00FF4F  43                 	db	67	;'C'
  6748   00FF50  2F                 	db	47
  6749   00FF51  43                 	db	67	;'C'
  6750   00FF52  6F                 	db	111	;'o'
  6751   00FF53  72                 	db	114	;'r'
  6752   00FF54  65                 	db	101	;'e'
  6753   00FF55  2F                 	db	47
  6754   00FF56  41                 	db	65	;'A'
  6755   00FF57  44                 	db	68	;'D'
  6756   00FF58  43                 	db	67	;'C'
  6757   00FF59  2E                 	db	46
  6758   00FF5A  63                 	db	99	;'c'
  6759   00FF5B  00                 	db	0
  6760   00FF5C                     STR_40:
  6761                           
  6762                           ; BSR set to: 14
  6763   00FF5C  73                 	db	115	;'s'
  6764   00FF5D  72                 	db	114	;'r'
  6765   00FF5E  63                 	db	99	;'c'
  6766   00FF5F  2F                 	db	47
  6767   00FF60  48                 	db	72	;'H'
  6768   00FF61  41                 	db	65	;'A'
  6769   00FF62  52                 	db	82	;'R'
  6770   00FF63  44                 	db	68	;'D'
  6771   00FF64  57                 	db	87	;'W'
  6772   00FF65  41                 	db	65	;'A'
  6773   00FF66  52                 	db	82	;'R'
  6774   00FF67  45                 	db	69	;'E'
  6775   00FF68  2F                 	db	47
  6776   00FF69  54                 	db	84	;'T'
  6777   00FF6A  49                 	db	73	;'I'
  6778   00FF6B  4D                 	db	77	;'M'
  6779   00FF6C  45                 	db	69	;'E'
  6780   00FF6D  52                 	db	82	;'R'
  6781   00FF6E  2F                 	db	47
  6782   00FF6F  54                 	db	84	;'T'
  6783   00FF70  49                 	db	73	;'I'
  6784   00FF71  4D                 	db	77	;'M'
  6785   00FF72  45                 	db	69	;'E'
  6786   00FF73  52                 	db	82	;'R'
  6787   00FF74  2E                 	db	46
  6788   00FF75  63                 	db	99	;'c'
  6789   00FF76  00                 	db	0
  6790   00FF77                     STR_4:
  6791                           
  6792                           ; BSR set to: 14
  6793   00FF77  73                 	db	115	;'s'
  6794   00FF78  72                 	db	114	;'r'
  6795   00FF79  63                 	db	99	;'c'
  6796   00FF7A  2F                 	db	47
  6797   00FF7B  44                 	db	68	;'D'
  6798   00FF7C  52                 	db	82	;'R'
  6799   00FF7D  49                 	db	73	;'I'
  6800   00FF7E  56                 	db	86	;'V'
  6801   00FF7F  45                 	db	69	;'E'
  6802   00FF80  52                 	db	82	;'R'
  6803   00FF81  53                 	db	83	;'S'
  6804   00FF82  2F                 	db	47
  6805   00FF83  4C                 	db	76	;'L'
  6806   00FF84  43                 	db	67	;'C'
  6807   00FF85  44                 	db	68	;'D'
  6808   00FF86  2F                 	db	47
  6809   00FF87  43                 	db	67	;'C'
  6810   00FF88  6F                 	db	111	;'o'
  6811   00FF89  72                 	db	114	;'r'
  6812   00FF8A  65                 	db	101	;'e'
  6813   00FF8B  2F                 	db	47
  6814   00FF8C  4C                 	db	76	;'L'
  6815   00FF8D  43                 	db	67	;'C'
  6816   00FF8E  44                 	db	68	;'D'
  6817   00FF8F  2E                 	db	46
  6818   00FF90  63                 	db	99	;'c'
  6819   00FF91  00                 	db	0
  6820   00FF92                     STR_37:
  6821                           
  6822                           ; BSR set to: 14
  6823   00FF92  45                 	db	69	;'E'
  6824   00FF93  55                 	db	85	;'U'
  6825   00FF94  53                 	db	83	;'S'
  6826   00FF95  41                 	db	65	;'A'
  6827   00FF96  52                 	db	82	;'R'
  6828   00FF97  54                 	db	84	;'T'
  6829   00FF98  5F                 	db	95	;'_'
  6830   00FF99  76                 	db	118	;'v'
  6831   00FF9A  69                 	db	105	;'i'
  6832   00FF9B  64                 	db	100	;'d'
  6833   00FF9C  49                 	db	73	;'I'
  6834   00FF9D  6E                 	db	110	;'n'
  6835   00FF9E  69                 	db	105	;'i'
  6836   00FF9F  74                 	db	116	;'t'
  6837   00FFA0  69                 	db	105	;'i'
  6838   00FFA1  61                 	db	97	;'a'
  6839   00FFA2  6C                 	db	108	;'l'
  6840   00FFA3  69                 	db	105	;'i'
  6841   00FFA4  7A                 	db	122	;'z'
  6842   00FFA5  65                 	db	101	;'e'
  6843   00FFA6  00                 	db	0
  6844   00FFA7                     STR_41:
  6845                           
  6846                           ; BSR set to: 14
  6847   00FFA7  54                 	db	84	;'T'
  6848   00FFA8  49                 	db	73	;'I'
  6849   00FFA9  4D                 	db	77	;'M'
  6850   00FFAA  30                 	db	48	;'0'
  6851   00FFAB  5F                 	db	95	;'_'
  6852   00FFAC  76                 	db	118	;'v'
  6853   00FFAD  69                 	db	105	;'i'
  6854   00FFAE  64                 	db	100	;'d'
  6855   00FFAF  49                 	db	73	;'I'
  6856   00FFB0  6E                 	db	110	;'n'
  6857   00FFB1  69                 	db	105	;'i'
  6858   00FFB2  74                 	db	116	;'t'
  6859   00FFB3  69                 	db	105	;'i'
  6860   00FFB4  61                 	db	97	;'a'
  6861   00FFB5  6C                 	db	108	;'l'
  6862   00FFB6  69                 	db	105	;'i'
  6863   00FFB7  7A                 	db	122	;'z'
  6864   00FFB8  65                 	db	101	;'e'
  6865   00FFB9  00                 	db	0
  6866   00FFBA                     STR_31:
  6867                           
  6868                           ; BSR set to: 14
  6869   00FFBA  41                 	db	65	;'A'
  6870   00FFBB  44                 	db	68	;'D'
  6871   00FFBC  43                 	db	67	;'C'
  6872   00FFBD  5F                 	db	95	;'_'
  6873   00FFBE  76                 	db	118	;'v'
  6874   00FFBF  69                 	db	105	;'i'
  6875   00FFC0  64                 	db	100	;'d'
  6876   00FFC1  49                 	db	73	;'I'
  6877   00FFC2  6E                 	db	110	;'n'
  6878   00FFC3  69                 	db	105	;'i'
  6879   00FFC4  74                 	db	116	;'t'
  6880   00FFC5  69                 	db	105	;'i'
  6881   00FFC6  61                 	db	97	;'a'
  6882   00FFC7  6C                 	db	108	;'l'
  6883   00FFC8  69                 	db	105	;'i'
  6884   00FFC9  7A                 	db	122	;'z'
  6885   00FFCA  65                 	db	101	;'e'
  6886   00FFCB  00                 	db	0
  6887   00FFCC                     STR_5:
  6888                           
  6889                           ; BSR set to: 14
  6890   00FFCC  4C                 	db	76	;'L'
  6891   00FFCD  43                 	db	67	;'C'
  6892   00FFCE  44                 	db	68	;'D'
  6893   00FFCF  5F                 	db	95	;'_'
  6894   00FFD0  76                 	db	118	;'v'
  6895   00FFD1  69                 	db	105	;'i'
  6896   00FFD2  64                 	db	100	;'d'
  6897   00FFD3  49                 	db	73	;'I'
  6898   00FFD4  6E                 	db	110	;'n'
  6899   00FFD5  69                 	db	105	;'i'
  6900   00FFD6  74                 	db	116	;'t'
  6901   00FFD7  69                 	db	105	;'i'
  6902   00FFD8  61                 	db	97	;'a'
  6903   00FFD9  6C                 	db	108	;'l'
  6904   00FFDA  69                 	db	105	;'i'
  6905   00FFDB  7A                 	db	122	;'z'
  6906   00FFDC  65                 	db	101	;'e'
  6907   00FFDD  00                 	db	0
  6908   00FFDE                     STR_1:
  6909                           
  6910                           ; BSR set to: 14
  6911   00FFDE  48                 	db	72	;'H'
  6912   00FFDF  65                 	db	101	;'e'
  6913   00FFE0  6C                 	db	108	;'l'
  6914   00FFE1  6C                 	db	108	;'l'
  6915   00FFE2  6F                 	db	111	;'o'
  6916   00FFE3  20                 	db	32
  6917   00FFE4  57                 	db	87	;'W'
  6918   00FFE5  6F                 	db	111	;'o'
  6919   00FFE6  72                 	db	114	;'r'
  6920   00FFE7  6C                 	db	108	;'l'
  6921   00FFE8  64                 	db	100	;'d'
  6922   00FFE9  20                 	db	32
  6923   00FFEA  21                 	db	33
  6924   00FFEB  20                 	db	32
  6925   00FFEC  0D                 	db	13
  6926   00FFED  0A                 	db	10
  6927   00FFEE  00                 	db	0
  6928   00FFEF                     
  6929                           ; BSR set to: 14
  6930   00FFEF  73                 	db	115	;'s'
  6931   00FFF0  72                 	db	114	;'r'
  6932   00FFF1  63                 	db	99	;'c'
  6933   00FFF2  2F                 	db	47
  6934   00FFF3  6D                 	db	109	;'m'
  6935   00FFF4  61                 	db	97	;'a'
  6936   00FFF5  69                 	db	105	;'i'
  6937   00FFF6  6E                 	db	110	;'n'
  6938   00FFF7  2E                 	db	46
  6939   00FFF8  63                 	db	99	;'c'
  6940   00FFF9  00                 	db	0
  6941   00FFFA                     
  6942                           ; BSR set to: 14
  6943   00FFFA  6D                 	db	109	;'m'
  6944   00FFFB  61                 	db	97	;'a'
  6945   00FFFC  69                 	db	105	;'i'
  6946   00FFFD  6E                 	db	110	;'n'
  6947   00FFFE  00                 	db	0
  6948   00FF92                     STR_39          equ	STR_37
  6949   00FFCC                     STR_7           equ	STR_5
  6950   00FFCC                     STR_9           equ	STR_5
  6951   00FFCC                     STR_11          equ	STR_5
  6952   00FFCC                     STR_13          equ	STR_5
  6953   00FFCC                     STR_15          equ	STR_5
  6954   00FFCC                     STR_17          equ	STR_5
  6955   00FFCC                     STR_19          equ	STR_5
  6956   00FFCC                     STR_21          equ	STR_5
  6957   00FFCC                     STR_23          equ	STR_5
  6958   00FFCC                     STR_25          equ	STR_5
  6959   00FFCC                     STR_27          equ	STR_5
  6960   00FFCC                     STR_29          equ	STR_5
  6961   00FFBA                     STR_33          equ	STR_31
  6962   00FFBA                     STR_35          equ	STR_31
  6963   00FF23                     STR_38          equ	STR_36
  6964   00FF77                     STR_6           equ	STR_4
  6965   00FF77                     STR_8           equ	STR_4
  6966   00FF77                     STR_10          equ	STR_4
  6967   00FF77                     STR_12          equ	STR_4
  6968   00FF77                     STR_14          equ	STR_4
  6969   00FF77                     STR_16          equ	STR_4
  6970   00FF77                     STR_18          equ	STR_4
  6971   00FF77                     STR_20          equ	STR_4
  6972   00FF77                     STR_22          equ	STR_4
  6973   00FF77                     STR_24          equ	STR_4
  6974   00FF77                     STR_26          equ	STR_4
  6975   00FF77                     STR_28          equ	STR_4
  6976   00FF40                     STR_32          equ	STR_30
  6977   00FF40                     STR_34          equ	STR_30
  6978   00FFFF  00                 	db	0	; dummy byte at the end
  6979   000003                     __activetblptr  equ	3
  6980                           
  6981                           ; #config settings
  6982                           
  6983                           	psect	cinit
  6984   011A4E                     __pcinit:
  6985                           	callstack 0
  6986   011A4E                     start_initialization:
  6987                           	callstack 0
  6988   011A4E                     __initialization:
  6989                           	callstack 0
  6990                           
  6991                           ; Clear objects allocated to BANK0 (61 bytes)
  6992   011A4E  EE00  F060         	lfsr	0,__pbssBANK0
  6993   011A52  0E3D               	movlw	61
  6994   011A54                     clear_0:
  6995   011A54  6AEE               	clrf	postinc0,c
  6996   011A56  06E8               	decf	wreg,f,c
  6997   011A58  E1FD               	bnz	clear_0
  6998                           
  6999                           ; Clear objects allocated to COMRAM (16 bytes)
  7000   011A5A  EE00  F042         	lfsr	0,__pbssCOMRAM
  7001   011A5E  0E10               	movlw	16
  7002   011A60                     clear_1:
  7003   011A60  6AEE               	clrf	postinc0,c
  7004   011A62  06E8               	decf	wreg,f,c
  7005   011A64  E1FD               	bnz	clear_1
  7006   011A66                     end_of_initialization:
  7007                           	callstack 0
  7008   011A66                     __end_of__initialization:
  7009                           	callstack 0
  7010   011A66  9052               	bcf	int$flags,0,c	;clear compiler interrupt flag (level 1)
  7011   011A68  9252               	bcf	int$flags,1,c	;clear compiler interrupt flag (level 2)
  7012   011A6A  0100               	movlb	0
  7013   011A6C  EFD8  F08B         	goto	_main	;jump to C main() function
  7014                           
  7015                           	psect	bssCOMRAM
  7016   000042                     __pbssCOMRAM:
  7017                           	callstack 0
  7018   000042                     _TIM0_pfRxCallback:
  7019                           	callstack 0
  7020   000042                     	ds	3
  7021   000045                     _EUSART_pfRxCallback:
  7022                           	callstack 0
  7023   000045                     	ds	3
  7024   000048                     ___freelist:
  7025                           	callstack 0
  7026   000048                     	ds	2
  7027   00004A                     _brkp:
  7028                           	callstack 0
  7029   00004A                     	ds	2
  7030   00004C                     malloc@end:
  7031                           	callstack 0
  7032   00004C                     	ds	2
  7033   00004E                     malloc@cur:
  7034                           	callstack 0
  7035   00004E                     	ds	2
  7036   000050                     _flags:
  7037                           	callstack 0
  7038   000050                     	ds	1
  7039   000051                     _CMN_bSystemStarted:
  7040                           	callstack 0
  7041   000051                     	ds	1
  7042                           
  7043                           	psect	bssBANK0
  7044   000060                     __pbssBANK0:
  7045                           	callstack 0
  7046   000060                     _dbuf:
  7047                           	callstack 0
  7048   000060                     	ds	32
  7049   000080                     _ISR_apfbCallback:
  7050                           	callstack 0
  7051   000080                     	ds	9
  7052   000089                     malloc@lock:
  7053                           	callstack 0
  7054   000089                     	ds	4
  7055   00008D                     _width:
  7056                           	callstack 0
  7057   00008D                     	ds	2
  7058   00008F                     _prec:
  7059                           	callstack 0
  7060   00008F                     	ds	2
  7061   000091                     _errno:
  7062                           	callstack 0
  7063   000091                     	ds	2
  7064   000093                     _LCD_astrDisplayData:
  7065                           	callstack 0
  7066   000093                     	ds	10
  7067                           
  7068                           	psect	cstackBANK0
  7069   00009D                     __pcstackBANK0:
  7070                           	callstack 0
  7071   00009D                     CMN_vidManageAssert@ku16FileLine:
  7072                           	callstack 0
  7073   00009D                     CMN_vidManageAbort@ku16FileLine:
  7074                           	callstack 0
  7075                           
  7076                           ; 2 bytes @ 0x0
  7077   00009D                     	ds	2
  7078   00009F                     CMN_vidManageAssert@kpkpau8FileName:
  7079                           	callstack 0
  7080   00009F                     CMN_vidManageAbort@kpkpau8FileName:
  7081                           	callstack 0
  7082                           
  7083                           ; 2 bytes @ 0x2
  7084   00009F                     	ds	2
  7085   0000A1                     CMN_vidManageAssert@kpkpau8FunctionName:
  7086                           	callstack 0
  7087   0000A1                     CMN_vidManageAbort@kpkpau8FunctionName:
  7088                           	callstack 0
  7089                           
  7090                           ; 2 bytes @ 0x4
  7091   0000A1                     	ds	2
  7092   0000A3                     TIM0_vidInitialize@bStatus:
  7093                           	callstack 0
  7094   0000A3                     ??_EUSART_vidInitialize:
  7095   0000A3                     ??_LCD_vidInitialize:
  7096                           
  7097                           ; 1 bytes @ 0x6
  7098   0000A3                     	ds	2
  7099   0000A5                     _EUSART_vidInitialize$880:
  7100                           	callstack 0
  7101                           
  7102                           ; 1 bytes @ 0x8
  7103   0000A5                     	ds	1
  7104   0000A6                     EUSART_vidInitialize@enuCLockId:
  7105                           	callstack 0
  7106                           
  7107                           ; 1 bytes @ 0x9
  7108   0000A6                     	ds	2
  7109   0000A8                     _LCD_vidInitialize$341:
  7110                           	callstack 0
  7111                           
  7112                           ; 2 bytes @ 0xB
  7113   0000A8                     	ds	2
  7114   0000AA                     LCD_vidInitialize@pkstrThisConfig:
  7115                           	callstack 0
  7116                           
  7117                           ; 2 bytes @ 0xD
  7118   0000AA                     	ds	2
  7119   0000AC                     LCD_vidInitialize@bCommandStatus:
  7120                           	callstack 0
  7121                           
  7122                           ; 1 bytes @ 0xF
  7123   0000AC                     	ds	1
  7124   0000AD                     LCD_vidInitialize@enuLcdId:
  7125                           	callstack 0
  7126                           
  7127                           ; 1 bytes @ 0x10
  7128   0000AD                     	ds	1
  7129   0000AE                     LCD_vidInitialize@pstrThisData:
  7130                           	callstack 0
  7131                           
  7132                           ; 1 bytes @ 0x11
  7133   0000AE                     	ds	1
  7134   0000AF                     ??_main:
  7135                           
  7136                           ; 1 bytes @ 0x12
  7137   0000AF                     	ds	2
  7138                           
  7139                           	psect	cstackCOMRAM
  7140   000001                     __pcstackCOMRAM:
  7141                           	callstack 0
  7142   000001                     ??_bInterruptHandler:
  7143   000001                     
  7144                           ; 1 bytes @ 0x0
  7145   000001                     	ds	1
  7146   000002                     bInterruptHandler@u8TimeoutIdx:
  7147                           	callstack 0
  7148                           
  7149                           ; 1 bytes @ 0x1
  7150   000002                     	ds	1
  7151   000003                     ??_vidInterruptManager:
  7152                           
  7153                           ; 1 bytes @ 0x2
  7154   000003                     	ds	9
  7155   00000C                     vidInterruptManager@bIsIsrFound:
  7156                           	callstack 0
  7157                           
  7158                           ; 1 bytes @ 0xB
  7159   00000C                     	ds	1
  7160   00000D                     vidInterruptManager@enuPeripheral:
  7161                           	callstack 0
  7162                           
  7163                           ; 1 bytes @ 0xC
  7164   00000D                     	ds	1
  7165   00000E                     ?_LCD_kpkstrGetLcdConfig:
  7166                           	callstack 0
  7167   00000E                     ?___simple_search_fl:
  7168                           	callstack 0
  7169   00000E                     ?___expand_heap:
  7170                           	callstack 0
  7171   00000E                     ?___awdiv:
  7172                           	callstack 0
  7173   00000E                     ?___awmod:
  7174                           	callstack 0
  7175   00000E                     ___expand_heap@pn:
  7176                           	callstack 0
  7177   00000E                     ___awdiv@dividend:
  7178                           	callstack 0
  7179   00000E                     ___awmod@dividend:
  7180                           	callstack 0
  7181   00000E                     ___simple_search_fl@n:
  7182                           	callstack 0
  7183   00000E                     memset@dest:
  7184                           	callstack 0
  7185   00000E                     ISR_bRegisterIsrCbk@kpfbCallback:
  7186                           	callstack 0
  7187   00000E                     EUSART_vidSendChar@ku32TimeoutMs:
  7188                           	callstack 0
  7189   00000E                     CMN_vidPortDelayMs@ku32DelayMs:
  7190                           	callstack 0
  7191   00000E                     ??_bI2cReservedAddress:
  7192   00000E                     
  7193                           ; 1 bytes @ 0xD
  7194   00000E                     	ds	1
  7195   00000F                     _bI2cReservedAddress$1152:
  7196                           	callstack 0
  7197                           
  7198                           ; 1 bytes @ 0xE
  7199   00000F                     	ds	1
  7200   000010                     bI2cReservedAddress@ku8I2cAddress:
  7201                           	callstack 0
  7202   000010                     ___awdiv@divisor:
  7203                           	callstack 0
  7204   000010                     ___awmod@divisor:
  7205                           	callstack 0
  7206   000010                     memset@c:
  7207                           	callstack 0
  7208                           
  7209                           ; 2 bytes @ 0xF
  7210   000010                     	ds	1
  7211   000011                     I2CM_enuWriteBuffer@ku8I2cSlaveAddress:
  7212                           	callstack 0
  7213   000011                     ISR_bRegisterIsrCbk@bStatus:
  7214                           	callstack 0
  7215   000011                     ??_LCD_kpkstrGetLcdConfig:
  7216   000011                     ??___simple_search_fl:
  7217   000011                     ??___expand_heap:
  7218                           
  7219                           ; 1 bytes @ 0x10
  7220   000011                     	ds	1
  7221   000012                     I2CM_enuWriteBuffer@kpku8TxBuffer:
  7222                           	callstack 0
  7223   000012                     ISR_bRegisterIsrCbk@kenuPeripheralId:
  7224                           	callstack 0
  7225   000012                     ___awdiv@counter:
  7226                           	callstack 0
  7227   000012                     ___awmod@counter:
  7228                           	callstack 0
  7229   000012                     memset@n:
  7230                           	callstack 0
  7231   000012                     ??_CMN_vidPortDelayMs:
  7232   000012                     ??_EUSART_vidSendChar:
  7233   000012                     
  7234                           ; 1 bytes @ 0x11
  7235   000012                     	ds	1
  7236   000013                     EUSART_vidSendChar@ks8Data:
  7237                           	callstack 0
  7238   000013                     ___awdiv@sign:
  7239                           	callstack 0
  7240   000013                     ___awmod@sign:
  7241                           	callstack 0
  7242   000013                     I2CM_enuWriteBuffer@ku16TxBufferSize:
  7243                           	callstack 0
  7244   000013                     ___expand_heap@n:
  7245                           	callstack 0
  7246   000013                     CMN_vidPortDelayMs@u32DelayIdx:
  7247                           	callstack 0
  7248                           
  7249                           ; 4 bytes @ 0x12
  7250   000013                     	ds	1
  7251   000014                     ?_abs:
  7252                           	callstack 0
  7253   000014                     ___awdiv@quotient:
  7254                           	callstack 0
  7255   000014                     memset@p:
  7256                           	callstack 0
  7257   000014                     abs@a:
  7258                           	callstack 0
  7259   000014                     EUSART_vidSendChar@u32TimeoutIdx:
  7260                           	callstack 0
  7261   000014                     
  7262                           ; 1 bytes @ 0x13
  7263   000014                     	ds	1
  7264   000015                     I2CM_enuWriteBuffer@kenuI2cId:
  7265                           	callstack 0
  7266   000015                     LCD_kpkstrGetLcdConfig@pkstrThisConfig:
  7267                           	callstack 0
  7268   000015                     ___expand_heap@new_brkp:
  7269                           	callstack 0
  7270   000015                     ___simple_search_fl@remaining_size:
  7271                           	callstack 0
  7272   000015                     
  7273                           ; 1 bytes @ 0x14
  7274   000015                     	ds	1
  7275   000016                     I2CM_enuWriteBuffer@u16Index:
  7276                           	callstack 0
  7277   000016                     ??_abs:
  7278                           
  7279                           ; 1 bytes @ 0x15
  7280   000016                     	ds	1
  7281   000017                     LCD_kpkstrGetLcdConfig@kenuDeviceId:
  7282                           	callstack 0
  7283   000017                     ___simple_search_fl@best_last:
  7284                           	callstack 0
  7285   000017                     CMN_vidDelayMs@ku32DelayMs:
  7286                           	callstack 0
  7287                           
  7288                           ; 4 bytes @ 0x16
  7289   000017                     	ds	1
  7290   000018                     I2CM_enuWriteBuffer@enuStatus:
  7291                           	callstack 0
  7292   000018                     putch@s8Data:
  7293                           	callstack 0
  7294   000018                     
  7295                           ; 1 bytes @ 0x17
  7296   000018                     	ds	1
  7297   000019                     bSendToI2c@ku8Data:
  7298                           	callstack 0
  7299   000019                     ___simple_search_fl@split:
  7300                           	callstack 0
  7301   000019                     fputc@c:
  7302                           	callstack 0
  7303                           
  7304                           ; 2 bytes @ 0x18
  7305   000019                     	ds	1
  7306   00001A                     ??_bSendToI2c:
  7307                           
  7308                           ; 1 bytes @ 0x19
  7309   00001A                     	ds	1
  7310   00001B                     fputc@fp:
  7311                           	callstack 0
  7312   00001B                     ___simple_search_fl@last:
  7313                           	callstack 0
  7314   00001B                     
  7315                           ; 1 bytes @ 0x1A
  7316   00001B                     	ds	1
  7317   00001C                     ??_fputc:
  7318                           
  7319                           ; 1 bytes @ 0x1B
  7320   00001C                     	ds	1
  7321   00001D                     ___simple_search_fl@next:
  7322                           	callstack 0
  7323                           
  7324                           ; 2 bytes @ 0x1C
  7325   00001D                     	ds	1
  7326   00001E                     bSendToI2c@bStatus:
  7327                           	callstack 0
  7328                           
  7329                           ; 1 bytes @ 0x1D
  7330   00001E                     	ds	1
  7331   00001F                     bSendToI2c@u8Message:
  7332                           	callstack 0
  7333   00001F                     ___simple_search_fl@c:
  7334                           	callstack 0
  7335                           
  7336                           ; 2 bytes @ 0x1E
  7337   00001F                     	ds	1
  7338   000020                     bSendToI2c@pkstrThisConfig:
  7339                           	callstack 0
  7340                           
  7341                           ; 2 bytes @ 0x1F
  7342   000020                     	ds	1
  7343   000021                     vfpfcnvrt@fp:
  7344                           	callstack 0
  7345   000021                     ___simple_search_fl@best:
  7346                           	callstack 0
  7347                           
  7348                           ; 2 bytes @ 0x20
  7349   000021                     	ds	1
  7350   000022                     bSendToI2c@kenuDeviceId:
  7351                           	callstack 0
  7352   000022                     vfpfcnvrt@fmt:
  7353                           	callstack 0
  7354                           
  7355                           ; 1 bytes @ 0x21
  7356   000022                     	ds	1
  7357   000023                     ?_malloc:
  7358                           	callstack 0
  7359   000023                     bPulseEnable@ku8Data:
  7360                           	callstack 0
  7361   000023                     malloc@n:
  7362                           	callstack 0
  7363   000023                     vfpfcnvrt@ap:
  7364                           	callstack 0
  7365                           
  7366                           ; 2 bytes @ 0x22
  7367   000023                     	ds	1
  7368   000024                     bPulseEnable@bReturnCode:
  7369                           	callstack 0
  7370   000024                     
  7371                           ; 1 bytes @ 0x23
  7372   000024                     	ds	1
  7373   000025                     bPulseEnable@kenuDeviceId:
  7374                           	callstack 0
  7375   000025                     ??_vfpfcnvrt:
  7376                           
  7377                           ; 1 bytes @ 0x24
  7378   000025                     	ds	1
  7379   000026                     bWrite4Bits@ku8Data:
  7380                           	callstack 0
  7381   000026                     ??_malloc:
  7382                           
  7383                           ; 1 bytes @ 0x25
  7384   000026                     	ds	1
  7385   000027                     bWrite4Bits@bReturnCode:
  7386                           	callstack 0
  7387   000027                     vfpfcnvrt@cp_2271:
  7388                           	callstack 0
  7389   000027                     
  7390                           ; 1 bytes @ 0x26
  7391   000027                     	ds	1
  7392   000028                     bWrite4Bits@kenuDeviceId:
  7393                           	callstack 0
  7394   000028                     malloc@m:
  7395                           	callstack 0
  7396                           
  7397                           ; 2 bytes @ 0x27
  7398   000028                     	ds	1
  7399   000029                     bGenericSend@ku8Data:
  7400                           	callstack 0
  7401   000029                     vfpfcnvrt@cp:
  7402                           	callstack 0
  7403                           
  7404                           ; 2 bytes @ 0x28
  7405   000029                     	ds	1
  7406   00002A                     bGenericSend@ku8Mode:
  7407                           	callstack 0
  7408   00002A                     malloc@sz:
  7409                           	callstack 0
  7410                           
  7411                           ; 2 bytes @ 0x29
  7412   00002A                     	ds	1
  7413   00002B                     bGenericSend@bReturnCode:
  7414                           	callstack 0
  7415   00002B                     vfpfcnvrt@done:
  7416                           	callstack 0
  7417   00002B                     
  7418                           ; 1 bytes @ 0x2A
  7419   00002B                     	ds	1
  7420   00002C                     bGenericSend@kenuDeviceId:
  7421                           	callstack 0
  7422   00002C                     malloc@p:
  7423                           	callstack 0
  7424   00002C                     vfpfcnvrt@convarg:
  7425                           	callstack 0
  7426                           
  7427                           ; 4 bytes @ 0x2B
  7428   00002C                     	ds	1
  7429   00002D                     bSendCommand@ku8Data:
  7430                           	callstack 0
  7431                           
  7432                           ; 1 bytes @ 0x2C
  7433   00002D                     	ds	1
  7434   00002E                     bSendCommand@kenuDeviceId:
  7435                           	callstack 0
  7436   00002E                     malloc@new:
  7437                           	callstack 0
  7438   00002E                     
  7439                           ; 1 bytes @ 0x2D
  7440   00002E                     	ds	1
  7441   00002F                     bSetDisplayOn@bSetToOn:
  7442                           	callstack 0
  7443   00002F                     bSetCursor@u8Column:
  7444                           	callstack 0
  7445   00002F                     bReturnHome@kenuDeviceId:
  7446                           	callstack 0
  7447   00002F                     
  7448                           ; 1 bytes @ 0x2E
  7449   00002F                     	ds	1
  7450   000030                     bSetDisplayOn@bReturnCode:
  7451                           	callstack 0
  7452   000030                     bSetCursor@u8Row:
  7453                           	callstack 0
  7454   000030                     vfpfcnvrt@c:
  7455                           	callstack 0
  7456   000030                     
  7457                           ; 1 bytes @ 0x2F
  7458   000030                     	ds	1
  7459   000031                     ?_vfprintf:
  7460                           	callstack 0
  7461   000031                     bSetDisplayOn@kenuDeviceId:
  7462                           	callstack 0
  7463   000031                     vfprintf@fp:
  7464                           	callstack 0
  7465   000031                     ??_bSetCursor:
  7466                           
  7467                           ; 1 bytes @ 0x30
  7468   000031                     	ds	1
  7469   000032                     vfprintf@fmt:
  7470                           	callstack 0
  7471                           
  7472                           ; 2 bytes @ 0x31
  7473   000032                     	ds	1
  7474   000033                     bSetCursor@kau8RowOffset:
  7475                           	callstack 0
  7476                           
  7477                           ; 4 bytes @ 0x32
  7478   000033                     	ds	1
  7479   000034                     vfprintf@ap:
  7480                           	callstack 0
  7481                           
  7482                           ; 1 bytes @ 0x33
  7483   000034                     	ds	1
  7484   000035                     vfprintf@cfmt:
  7485                           	callstack 0
  7486   000035                     
  7487                           ; 1 bytes @ 0x34
  7488   000035                     	ds	2
  7489   000037                     ?_printf:
  7490                           	callstack 0
  7491   000037                     bSetCursor@kenuDeviceId:
  7492                           	callstack 0
  7493   000037                     printf@fmt:
  7494                           	callstack 0
  7495                           
  7496                           ; 2 bytes @ 0x36
  7497   000037                     	ds	1
  7498   000038                     bSetCursor@pkstrThisConfig:
  7499                           	callstack 0
  7500                           
  7501                           ; 2 bytes @ 0x37
  7502   000038                     	ds	2
  7503   00003A                     bClearDisplay@bReturnCode:
  7504                           	callstack 0
  7505   00003A                     
  7506                           ; 1 bytes @ 0x39
  7507   00003A                     	ds	1
  7508   00003B                     bClearDisplay@kenuDeviceId:
  7509                           	callstack 0
  7510                           
  7511                           ; 1 bytes @ 0x3A
  7512   00003B                     	ds	4
  7513   00003F                     printf@ap:
  7514                           	callstack 0
  7515   00003F                     
  7516                           ; 1 bytes @ 0x3E
  7517   00003F                     	ds	1
  7518   000040                     CMN_vidManageAssert@kbCondition:
  7519                           	callstack 0
  7520   000040                     
  7521                           ; 1 bytes @ 0x3F
  7522   000040                     	ds	1
  7523   000041                     CMN_vidManageAssert@bDontBlock:
  7524                           	callstack 0
  7525                           
  7526                           ; 1 bytes @ 0x40
  7527   000041                     	ds	1
  7528   000042                     
  7529                           ; 1 bytes @ 0x41
  7530 ;;
  7531 ;;Main: autosize = 0, tempsize = 2, incstack = 0, save=0
  7532 ;;
  7533 ;; *************** function _main *****************
  7534 ;; Defined at:
  7535 ;;		line 90 in file "src/main.c"
  7536 ;; Parameters:    Size  Location     Type
  7537 ;;		None
  7538 ;; Auto vars:     Size  Location     Type
  7539 ;;		None
  7540 ;; Return value:  Size  Location     Type
  7541 ;;                  1    wreg      void 
  7542 ;; Registers used:
  7543 ;;		wreg, fsr0l, fsr0h, fsr1l, fsr1h, fsr2l, fsr2h, status,2, status,0, tblptrl, tblptrh, tblptru, prodl, prodh, cstack
  7544 ;; Tracked objects:
  7545 ;;		On entry : 0/0
  7546 ;;		On exit  : 0/0
  7547 ;;		Unchanged: 0/0
  7548 ;; Data sizes:     COMRAM   BANK0   BANK1   BANK2   BANK3   BANK4   BANK5   BANK6   BANK7   BANK8   BANK9  BANK10  BANK1
      +1  BANK12  BANK14
  7549 ;;      Params:         0       0       0       0       0       0       0       0       0       0       0       0       
      +0       0       0
  7550 ;;      Locals:         0       0       0       0       0       0       0       0       0       0       0       0       
      +0       0       0
  7551 ;;      Temps:          0       2       0       0       0       0       0       0       0       0       0       0       
      +0       0       0
  7552 ;;      Totals:         0       2       0       0       0       0       0       0       0       0       0       0       
      +0       0       0
  7553 ;;Total ram usage:        2 bytes
  7554 ;; Hardware stack levels required when called: 12
  7555 ;; This function calls:
  7556 ;;		_ADC_vidInitialize
  7557 ;;		_CLOCK_vidInitialize
  7558 ;;		_CMN_vidEndInit
  7559 ;;		_CMN_vidInitialize
  7560 ;;		_CMN_vidManageAbort
  7561 ;;		_EUSART_vidInitialize
  7562 ;;		_I2CM_vidInitalize
  7563 ;;		_LCD_vidInitialize
  7564 ;;		_TIM0_vidInitialize
  7565 ;;		_printf
  7566 ;; This function is called by:
  7567 ;;		Startup code after reset
  7568 ;; This function uses a non-reentrant model
  7569 ;;
  7570                           
  7571                           	psect	text0
  7572   0117B0                     __ptext0:
  7573                           	callstack 0
  7574   0117B0                     _main:
  7575                           	callstack 19
  7576   0117B0  8EF2               	bsf	242,7,c	;volatile
  7577   0117B2  8CF2               	bsf	242,6,c	;volatile
  7578   0117B4  EC8E  F08D         	call	_CMN_vidInitialize	;wreg free
  7579   0117B8  EC88  F08D         	call	_CLOCK_vidInitialize	;wreg free
  7580   0117BC  EC07  F087         	call	_EUSART_vidInitialize	;wreg free
  7581   0117C0  ECAB  F08A         	call	_ADC_vidInitialize	;wreg free
  7582   0117C4  EC01  F08C         	call	_TIM0_vidInitialize	;wreg free
  7583   0117C8  EC15  F08D         	call	_I2CM_vidInitalize	;wreg free
  7584   0117CC  EC00  F080         	call	_LCD_vidInitialize	;wreg free
  7585   0117D0                     
  7586                           ;src/main.c: 131:   CMN_vidEndInit();
  7587   0117D0  EC93  F08D         	call	_CMN_vidEndInit	;wreg free
  7588   0117D4                     l4825:
  7589                           
  7590                           ;src/main.c: 135:   {;src/main.c: 137:     _delay((unsigned long)((500)*((32 * 1000000UL
      +                          )/4000.0)));
  7591   0117D4  0E15               	movlw	21
  7592   0117D6  0100               	movlb	0	; () banked
  7593   0117D8  6FB0               	movwf	(??_main+1)& (0+255),b
  7594   0117DA  0E4B               	movlw	75
  7595   0117DC  6FAF               	movwf	??_main& (0+255),b
  7596   0117DE  0EBE               	movlw	190
  7597   0117E0                     u5637:
  7598   0117E0  2EE8               	decfsz	wreg,f,c
  7599   0117E2  D7FE               	bra	u5637
  7600   0117E4  2FAF               	decfsz	??_main& (0+255),f,b
  7601   0117E6  D7FC               	bra	u5637
  7602   0117E8  2FB0               	decfsz	(??_main+1)& (0+255),f,b
  7603   0117EA  D7FA               	bra	u5637
  7604   0117EC  0000               	nop	
  7605   0117EE                     
  7606                           ;src/main.c: 140:     printf("Hello World ! \r\n");
  7607   0117EE  0EDE               	movlw	low STR_1
  7608   0117F0  6E37               	movwf	printf@fmt^0,c
  7609   0117F2  0EFF               	movlw	high STR_1
  7610   0117F4  6E38               	movwf	(printf@fmt+1)^0,c
  7611   0117F6  EC49  F08D         	call	_printf	;wreg free
  7612   0117FA  EFEA  F08B         	goto	l4825
  7613   0117FE  EF59  F000         	goto	start
  7614   011802                     __end_of_main:
  7615                           	callstack 0
  7616                           
  7617 ;; *************** function _TIM0_vidInitialize *****************
  7618 ;; Defined at:
  7619 ;;		line 101 in file "src/HARDWARE/TIMER/TIMER.c"
  7620 ;; Parameters:    Size  Location     Type
  7621 ;;		None
  7622 ;; Auto vars:     Size  Location     Type
  7623 ;;  bStatus         1    6[BANK0 ] _Bool 
  7624 ;; Return value:  Size  Location     Type
  7625 ;;                  1    wreg      void 
  7626 ;; Registers used:
  7627 ;;		wreg, fsr0l, fsr0h, fsr1l, fsr1h, fsr2l, fsr2h, status,2, status,0, tblptrl, tblptrh, tblptru, prodl, prodh, cstack
  7628 ;; Tracked objects:
  7629 ;;		On entry : 0/0
  7630 ;;		On exit  : 0/0
  7631 ;;		Unchanged: 0/0
  7632 ;; Data sizes:     COMRAM   BANK0   BANK1   BANK2   BANK3   BANK4   BANK5   BANK6   BANK7   BANK8   BANK9  BANK10  BANK1
      +1  BANK12  BANK14
  7633 ;;      Params:         0       0       0       0       0       0       0       0       0       0       0       0       
      +0       0       0
  7634 ;;      Locals:         0       1       0       0       0       0       0       0       0       0       0       0       
      +0       0       0
  7635 ;;      Temps:          0       0       0       0       0       0       0       0       0       0       0       0       
      +0       0       0
  7636 ;;      Totals:         0       1       0       0       0       0       0       0       0       0       0       0       
      +0       0       0
  7637 ;;Total ram usage:        1 bytes
  7638 ;; Hardware stack levels used: 1
  7639 ;; Hardware stack levels required when called: 9
  7640 ;; This function calls:
  7641 ;;		_CMN_vidManageAssert
  7642 ;;		_ISR_bRegisterIsrCbk
  7643 ;; This function is called by:
  7644 ;;		_main
  7645 ;; This function uses a non-reentrant model
  7646 ;;
  7647                           
  7648                           	psect	text1
  7649   011802                     __ptext1:
  7650                           	callstack 0
  7651   011802                     _TIM0_vidInitialize:
  7652                           	callstack 21
  7653   011802                     
  7654                           ;src/HARDWARE/TIMER/TIMER.c: 106:   T0CON0bits.T016BIT = 0;
  7655   011802  98D4               	bcf	212,4,c	;volatile
  7656                           
  7657                           ;src/HARDWARE/TIMER/TIMER.c: 109:   T0CON1bits.T0ASYNC = 1;
  7658   011804  88D5               	bsf	213,4,c	;volatile
  7659   011806                     
  7660                           ;src/HARDWARE/TIMER/TIMER.c: 113:   bStatus = ISR_bRegisterIsrCbk(ISR_ePERIPHERAL_TIMER,
      +                           bInterruptHandler);
  7661   011806  0E70               	movlw	low _bInterruptHandler@TIMER$F1421
  7662   011808  6E0E               	movwf	ISR_bRegisterIsrCbk@kpfbCallback^0,c
  7663   01180A  0E1A               	movlw	high _bInterruptHandler@TIMER$F1421
  7664   01180C  6E0F               	movwf	(ISR_bRegisterIsrCbk@kpfbCallback+1)^0,c
  7665   01180E  0E01               	movlw	low (_bInterruptHandler@TIMER$F1421 shr (0+16))
  7666   011810  6E10               	movwf	(ISR_bRegisterIsrCbk@kpfbCallback+2)^0,c
  7667   011812  0E00               	movlw	0
  7668   011814  EC81  F08B         	call	_ISR_bRegisterIsrCbk
  7669   011818  0100               	movlb	0	; () banked
  7670   01181A  6FA3               	movwf	TIM0_vidInitialize@bStatus& (0+255),b
  7671   01181C                     
  7672                           ; BSR set to: 0
  7673                           ;src/HARDWARE/TIMER/TIMER.c: 114:   CMN_vidManageAssert((_Bool)(bStatus == 1), (uint16_t
      +                          )(114), (char const * const)("src/HARDWARE/TIMER/TIMER.c"), (char const * const)(__FUNCT
      +                          ION__));
  7674   01181C  0E00               	movlw	0
  7675   01181E  6F9E               	movwf	(CMN_vidManageAssert@ku16FileLine+1)& (0+255),b
  7676   011820  0E72               	movlw	114
  7677   011822  6F9D               	movwf	CMN_vidManageAssert@ku16FileLine& (0+255),b
  7678   011824  0E5C               	movlw	low STR_40
  7679   011826  6F9F               	movwf	CMN_vidManageAssert@kpkpau8FileName& (0+255),b
  7680   011828  0EFF               	movlw	high STR_40
  7681   01182A  6FA0               	movwf	(CMN_vidManageAssert@kpkpau8FileName+1)& (0+255),b
  7682   01182C  0EA7               	movlw	low STR_41
  7683   01182E  6FA1               	movwf	CMN_vidManageAssert@kpkpau8FunctionName& (0+255),b
  7684   011830  0EFF               	movlw	high STR_41
  7685   011832  6FA2               	movwf	(CMN_vidManageAssert@kpkpau8FunctionName+1)& (0+255),b
  7686   011834  05A3               	decf	TIM0_vidInitialize@bStatus& (0+255),w,b
  7687   011836  B4D8               	btfsc	status,2,c
  7688   011838  EF20  F08C         	goto	u4831
  7689   01183C  EF23  F08C         	goto	u4830
  7690   011840                     u4831:
  7691   011840  0E01               	movlw	1
  7692   011842  EF24  F08C         	goto	u4840
  7693   011846                     u4830:
  7694   011846  0E00               	movlw	0
  7695   011848                     u4840:
  7696   011848  ECD9  F088         	call	_CMN_vidManageAssert
  7697   01184C  0012               	return		;funcret
  7698   01184E                     __end_of_TIM0_vidInitialize:
  7699                           	callstack 0
  7700                           
  7701 ;; *************** function _ISR_bRegisterIsrCbk *****************
  7702 ;; Defined at:
  7703 ;;		line 98 in file "src/HARDWARE/ISR/ISR.c"
  7704 ;; Parameters:    Size  Location     Type
  7705 ;;  kenuPeripher    1    wreg     const enum E13254
  7706 ;;  kpfbCallback    3   13[COMRAM] const PTR FTN()_Bool 
  7707 ;;		 -> bInterruptHandler@TIMER$F1421(1), bInterruptHandler(1), 
  7708 ;; Auto vars:     Size  Location     Type
  7709 ;;  kenuPeripher    1   17[COMRAM] const enum E13254
  7710 ;;  bStatus         1   16[COMRAM] _Bool 
  7711 ;; Return value:  Size  Location     Type
  7712 ;;                  1    wreg      _Bool 
  7713 ;; Registers used:
  7714 ;;		wreg, fsr2l, fsr2h, status,2, status,0, prodl, prodh
  7715 ;; Tracked objects:
  7716 ;;		On entry : 0/0
  7717 ;;		On exit  : 0/0
  7718 ;;		Unchanged: 0/0
  7719 ;; Data sizes:     COMRAM   BANK0   BANK1   BANK2   BANK3   BANK4   BANK5   BANK6   BANK7   BANK8   BANK9  BANK10  BANK1
      +1  BANK12  BANK14
  7720 ;;      Params:         3       0       0       0       0       0       0       0       0       0       0       0       
      +0       0       0
  7721 ;;      Locals:         2       0       0       0       0       0       0       0       0       0       0       0       
      +0       0       0
  7722 ;;      Temps:          0       0       0       0       0       0       0       0       0       0       0       0       
      +0       0       0
  7723 ;;      Totals:         5       0       0       0       0       0       0       0       0       0       0       0       
      +0       0       0
  7724 ;;Total ram usage:        5 bytes
  7725 ;; Hardware stack levels used: 1
  7726 ;; Hardware stack levels required when called: 2
  7727 ;; This function calls:
  7728 ;;		Nothing
  7729 ;; This function is called by:
  7730 ;;		_TIM0_vidInitialize
  7731 ;;		_EUSART_enuRegisterRxCbk
  7732 ;; This function uses a non-reentrant model
  7733 ;;
  7734                           
  7735                           	psect	text2
  7736   011702                     __ptext2:
  7737                           	callstack 0
  7738   011702                     _ISR_bRegisterIsrCbk:
  7739                           	callstack 27
  7740                           
  7741                           ;incstack = 0
  7742                           ;ISR_bRegisterIsrCbk@kenuPeripheralId stored from wreg
  7743   011702  6E12               	movwf	ISR_bRegisterIsrCbk@kenuPeripheralId^0,c
  7744   011704                     
  7745                           ;src/HARDWARE/ISR/ISR.c: 98: _Bool ISR_bRegisterIsrCbk(const ISR_tenuPeripheral kenuPeri
      +                          pheralId, const ISR_tpfbCallback kpfbCallback);src/HARDWARE/ISR/ISR.c: 99: {;src/HARDWAR
      +                          E/ISR/ISR.c: 100:   _Bool bStatus = 0;
  7746   011704  6A11               	clrf	ISR_bRegisterIsrCbk@bStatus^0,c
  7747   011706                     
  7748                           ;src/HARDWARE/ISR/ISR.c: 102:   if((ISR_ePERIPHERAL_BEGIN < kenuPeripheralId) && (kenuPe
      +                          ripheralId < ISR_ePERIPHERAL_END) && (kpfbCallback != ((void*)0)))
  7749   011706  BE12               	btfsc	ISR_bRegisterIsrCbk@kenuPeripheralId^0,7,c
  7750   011708  EF88  F08B         	goto	u4801
  7751   01170C  EF8A  F08B         	goto	u4800
  7752   011710                     u4801:
  7753   011710  EFAC  F08B         	goto	l4597
  7754   011714                     u4800:
  7755   011714  5012               	movf	ISR_bRegisterIsrCbk@kenuPeripheralId^0,w,c
  7756   011716  0A80               	xorlw	128
  7757   011718  0F7D               	addlw	-131
  7758   01171A  B0D8               	btfsc	status,0,c
  7759   01171C  EF92  F08B         	goto	u4811
  7760   011720  EF94  F08B         	goto	u4810
  7761   011724                     u4811:
  7762   011724  EFAC  F08B         	goto	l4597
  7763   011728                     u4810:
  7764   011728  500E               	movf	ISR_bRegisterIsrCbk@kpfbCallback^0,w,c
  7765   01172A  100F               	iorwf	(ISR_bRegisterIsrCbk@kpfbCallback+1)^0,w,c
  7766   01172C  1010               	iorwf	(ISR_bRegisterIsrCbk@kpfbCallback+2)^0,w,c
  7767   01172E  B4D8               	btfsc	status,2,c
  7768   011730  EF9C  F08B         	goto	u4821
  7769   011734  EF9E  F08B         	goto	u4820
  7770   011738                     u4821:
  7771   011738  EFAC  F08B         	goto	l4597
  7772   01173C                     u4820:
  7773   01173C                     
  7774                           ;src/HARDWARE/ISR/ISR.c: 103:   {;src/HARDWARE/ISR/ISR.c: 104:     ISR_apfbCallback[kenu
      +                          PeripheralId] = kpfbCallback;
  7775   01173C  5012               	movf	ISR_bRegisterIsrCbk@kenuPeripheralId^0,w,c
  7776   01173E  0D03               	mullw	3
  7777   011740  50F3               	movf	243,w,c
  7778   011742  0F80               	addlw	low _ISR_apfbCallback
  7779   011744  6ED9               	movwf	fsr2l,c
  7780   011746  6ADA               	clrf	fsr2h,c
  7781   011748  C00E  FFDE         	movff	ISR_bRegisterIsrCbk@kpfbCallback,postinc2
  7782   01174C  C00F  FFDE         	movff	ISR_bRegisterIsrCbk@kpfbCallback+1,postinc2
  7783   011750  C010  FFDE         	movff	ISR_bRegisterIsrCbk@kpfbCallback+2,postinc2
  7784   011754                     
  7785                           ;src/HARDWARE/ISR/ISR.c: 105:     bStatus = 1;
  7786   011754  0E01               	movlw	1
  7787   011756  6E11               	movwf	ISR_bRegisterIsrCbk@bStatus^0,c
  7788   011758                     l4597:
  7789                           
  7790                           ;src/HARDWARE/ISR/ISR.c: 108:   return bStatus;
  7791   011758  5011               	movf	ISR_bRegisterIsrCbk@bStatus^0,w,c
  7792   01175A  0012               	return		;funcret
  7793   01175C                     __end_of_ISR_bRegisterIsrCbk:
  7794                           	callstack 0
  7795                           
  7796 ;; *************** function _LCD_vidInitialize *****************
  7797 ;; Defined at:
  7798 ;;		line 475 in file "src/DRIVERS/LCD/Core/LCD.c"
  7799 ;; Parameters:    Size  Location     Type
  7800 ;;		None
  7801 ;; Auto vars:     Size  Location     Type
  7802 ;;  pkstrThisCon    2   13[BANK0 ] PTR const struct LCD_tst
  7803 ;;		 -> LCD_kastrLcdConfigList(8), NULL(0), 
  7804 ;;  pstrThisData    1   17[BANK0 ] PTR struct tstrDisplayDa
  7805 ;;		 -> NULL(0), LCD_astrDisplayData(10), 
  7806 ;;  enuLcdId        1   16[BANK0 ] enum E13457
  7807 ;;  bCommandStat    1   15[BANK0 ] _Bool 
  7808 ;; Return value:  Size  Location     Type
  7809 ;;                  1    wreg      void 
  7810 ;; Registers used:
  7811 ;;		wreg, fsr0l, fsr0h, fsr1l, fsr1h, fsr2l, fsr2h, status,2, status,0, tblptrl, tblptrh, tblptru, prodl, prodh, cstack
  7812 ;; Tracked objects:
  7813 ;;		On entry : 0/0
  7814 ;;		On exit  : 0/0
  7815 ;;		Unchanged: 0/0
  7816 ;; Data sizes:     COMRAM   BANK0   BANK1   BANK2   BANK3   BANK4   BANK5   BANK6   BANK7   BANK8   BANK9  BANK10  BANK1
      +1  BANK12  BANK14
  7817 ;;      Params:         0       0       0       0       0       0       0       0       0       0       0       0       
      +0       0       0
  7818 ;;      Locals:         0       7       0       0       0       0       0       0       0       0       0       0       
      +0       0       0
  7819 ;;      Temps:          0       5       0       0       0       0       0       0       0       0       0       0       
      +0       0       0
  7820 ;;      Totals:         0      12       0       0       0       0       0       0       0       0       0       0       
      +0       0       0
  7821 ;;Total ram usage:       12 bytes
  7822 ;; Hardware stack levels used: 1
  7823 ;; Hardware stack levels required when called: 11
  7824 ;; This function calls:
  7825 ;;		_CMN_vidDelayMs
  7826 ;;		_CMN_vidManageAssert
  7827 ;;		_LCD_kpkstrGetLcdConfig
  7828 ;;		_bClearDisplay
  7829 ;;		_bReturnHome
  7830 ;;		_bSendCommand
  7831 ;;		_bSendToI2c
  7832 ;;		_bSetDisplayOn
  7833 ;;		_bWrite4Bits
  7834 ;;		_malloc
  7835 ;;		_memset
  7836 ;; This function is called by:
  7837 ;;		_main
  7838 ;; This function uses a non-reentrant model
  7839 ;;
  7840                           
  7841                           	psect	text3
  7842   010000                     __ptext3:
  7843                           	callstack 0
  7844   010000                     _LCD_vidInitialize:
  7845                           	callstack 19
  7846   010000                     
  7847                           ;src/DRIVERS/LCD/Core/LCD.c: 478:   LCD_tenuDeviceId enuLcdId = 0;
  7848   010000  0100               	movlb	0	; () banked
  7849   010002  6BAD               	clrf	LCD_vidInitialize@enuLcdId& (0+255),b
  7850   010004                     
  7851                           ; BSR set to: 0
  7852                           ;src/DRIVERS/LCD/Core/LCD.c: 482:   CMN_vidDelayMs(50);
  7853   010004  0E32               	movlw	50
  7854   010006  6E17               	movwf	CMN_vidDelayMs@ku32DelayMs^0,c
  7855   010008  0E00               	movlw	0
  7856   01000A  6E18               	movwf	(CMN_vidDelayMs@ku32DelayMs+1)^0,c
  7857   01000C  0E00               	movlw	0
  7858   01000E  6E19               	movwf	(CMN_vidDelayMs@ku32DelayMs+2)^0,c
  7859   010010  0E00               	movlw	0
  7860   010012  6E1A               	movwf	(CMN_vidDelayMs@ku32DelayMs+3)^0,c
  7861   010014  EC63  F08D         	call	_CMN_vidDelayMs	;wreg free
  7862   010018                     
  7863                           ;src/DRIVERS/LCD/Core/LCD.c: 484:   for(enuLcdId = 0; enuLcdId < LCD_eDEVICE_ID_END; enu
      +                          LcdId++)
  7864   010018  0100               	movlb	0	; () banked
  7865   01001A  6BAD               	clrf	LCD_vidInitialize@enuLcdId& (0+255),b
  7866   01001C                     l4687:
  7867                           
  7868                           ; BSR set to: 0
  7869                           ;src/DRIVERS/LCD/Core/LCD.c: 485:   {;src/DRIVERS/LCD/Core/LCD.c: 486:     pkstrThisConf
      +                          ig = LCD_kpkstrGetLcdConfig(enuLcdId);
  7870   01001C  51AD               	movf	LCD_vidInitialize@enuLcdId& (0+255),w,b
  7871   01001E  EC23  F08B         	call	_LCD_kpkstrGetLcdConfig
  7872   010022  C00E  F0AA         	movff	?_LCD_kpkstrGetLcdConfig,LCD_vidInitialize@pkstrThisConfig
  7873   010026  C00F  F0AB         	movff	?_LCD_kpkstrGetLcdConfig+1,LCD_vidInitialize@pkstrThisConfig+1
  7874   01002A                     
  7875                           ;src/DRIVERS/LCD/Core/LCD.c: 487:     CMN_vidManageAssert((_Bool)(pkstrThisConfig != ((v
      +                          oid*)0)), (uint16_t)(487), (char const * const)("src/DRIVERS/LCD/Core/LCD.c"), (char con
      +                          st * const)(__FUNCTION__));
  7876   01002A  0E01               	movlw	1
  7877   01002C  0100               	movlb	0	; () banked
  7878   01002E  6F9E               	movwf	(CMN_vidManageAssert@ku16FileLine+1)& (0+255),b
  7879   010030  0EE7               	movlw	231
  7880   010032  6F9D               	movwf	CMN_vidManageAssert@ku16FileLine& (0+255),b
  7881   010034  0E77               	movlw	low STR_4
  7882   010036  6F9F               	movwf	CMN_vidManageAssert@kpkpau8FileName& (0+255),b
  7883   010038  0EFF               	movlw	high STR_4
  7884   01003A  6FA0               	movwf	(CMN_vidManageAssert@kpkpau8FileName+1)& (0+255),b
  7885   01003C  0ECC               	movlw	low STR_5
  7886   01003E  6FA1               	movwf	CMN_vidManageAssert@kpkpau8FunctionName& (0+255),b
  7887   010040  0EFF               	movlw	high STR_5
  7888   010042  6FA2               	movwf	(CMN_vidManageAssert@kpkpau8FunctionName+1)& (0+255),b
  7889   010044  51AA               	movf	LCD_vidInitialize@pkstrThisConfig& (0+255),w,b
  7890   010046  11AB               	iorwf	(LCD_vidInitialize@pkstrThisConfig+1)& (0+255),w,b
  7891   010048  A4D8               	btfss	status,2,c
  7892   01004A  EF29  F080         	goto	u4851
  7893   01004E  EF2C  F080         	goto	u4850
  7894   010052                     u4851:
  7895   010052  0E01               	movlw	1
  7896   010054  EF2D  F080         	goto	u4860
  7897   010058                     u4850:
  7898   010058  0E00               	movlw	0
  7899   01005A                     u4860:
  7900   01005A  ECD9  F088         	call	_CMN_vidManageAssert
  7901   01005E                     
  7902                           ;src/DRIVERS/LCD/Core/LCD.c: 489:     if(pkstrThisConfig->bEnable)
  7903   01005E  C0AA  FFF6         	movff	LCD_vidInitialize@pkstrThisConfig,tblptrl
  7904   010062  C0AB  FFF7         	movff	LCD_vidInitialize@pkstrThisConfig+1,tblptrh
  7905   010066                     	if	0	;tblptru may be non-zero
  7906   010066                     	endif
  7907   010066                     	if	1	;Program memory is > 0xFFFF, there are 3 active tblptr bytes
  7908   010066  0E00               	movlw	low (__mediumconst shr (0+16))
  7909   010068  6EF8               	movwf	tblptru,c
  7910   01006A                     	endif
  7911   01006A  0008               	tblrd		*
  7912   01006C  50F5               	movf	tablat,w,c
  7913   01006E  0900               	iorlw	0
  7914   010070  B4D8               	btfsc	status,2,c
  7915   010072  EF3D  F080         	goto	u4871
  7916   010076  EF3F  F080         	goto	u4870
  7917   01007A                     u4871:
  7918   01007A  EFC2  F082         	goto	l4775
  7919   01007E                     u4870:
  7920   01007E                     
  7921                           ;src/DRIVERS/LCD/Core/LCD.c: 490:     {;src/DRIVERS/LCD/Core/LCD.c: 491:       pstrThisD
      +                          ata = &LCD_astrDisplayData[enuLcdId];
  7922   01007E  0100               	movlb	0	; () banked
  7923   010080  51AD               	movf	LCD_vidInitialize@enuLcdId& (0+255),w,b
  7924   010082  0D0A               	mullw	10
  7925   010084  50F3               	movf	243,w,c
  7926   010086  0F93               	addlw	low _LCD_astrDisplayData
  7927   010088  6FAE               	movwf	LCD_vidInitialize@pstrThisData& (0+255),b
  7928   01008A                     
  7929                           ; BSR set to: 0
  7930                           ;src/DRIVERS/LCD/Core/LCD.c: 492:       CMN_vidManageAssert((_Bool)(pstrThisData != ((vo
      +                          id*)0)), (uint16_t)(492), (char const * const)("src/DRIVERS/LCD/Core/LCD.c"), (char cons
      +                          t * const)(__FUNCTION__));
  7931   01008A  0E01               	movlw	1
  7932   01008C  6F9E               	movwf	(CMN_vidManageAssert@ku16FileLine+1)& (0+255),b
  7933   01008E  0EEC               	movlw	236
  7934   010090  6F9D               	movwf	CMN_vidManageAssert@ku16FileLine& (0+255),b
  7935   010092  0E77               	movlw	low STR_4
  7936   010094  6F9F               	movwf	CMN_vidManageAssert@kpkpau8FileName& (0+255),b
  7937   010096  0EFF               	movlw	high STR_4
  7938   010098  6FA0               	movwf	(CMN_vidManageAssert@kpkpau8FileName+1)& (0+255),b
  7939   01009A  0ECC               	movlw	low STR_5
  7940   01009C  6FA1               	movwf	CMN_vidManageAssert@kpkpau8FunctionName& (0+255),b
  7941   01009E  0EFF               	movlw	high STR_5
  7942   0100A0  6FA2               	movwf	(CMN_vidManageAssert@kpkpau8FunctionName+1)& (0+255),b
  7943   0100A2  51AE               	movf	LCD_vidInitialize@pstrThisData& (0+255),w,b
  7944   0100A4  A4D8               	btfss	status,2,c
  7945   0100A6  EF57  F080         	goto	u4881
  7946   0100AA  EF5A  F080         	goto	u4880
  7947   0100AE                     u4881:
  7948   0100AE  0E01               	movlw	1
  7949   0100B0  EF5B  F080         	goto	u4890
  7950   0100B4                     u4880:
  7951   0100B4  0E00               	movlw	0
  7952   0100B6                     u4890:
  7953   0100B6  ECD9  F088         	call	_CMN_vidManageAssert
  7954   0100BA                     
  7955                           ;src/DRIVERS/LCD/Core/LCD.c: 494:       pstrThisData->u8DisplayMode = (0x02 | 0x00);
  7956   0100BA  0100               	movlb	0	; () banked
  7957   0100BC  51AE               	movf	LCD_vidInitialize@pstrThisData& (0+255),w,b
  7958   0100BE  6ED9               	movwf	fsr2l,c
  7959   0100C0  6ADA               	clrf	fsr2h,c
  7960   0100C2  0E01               	movlw	1
  7961   0100C4  26D9               	addwf	fsr2l,f,c
  7962   0100C6  0E02               	movlw	2
  7963   0100C8  6EDF               	movwf	indf2,c
  7964   0100CA                     
  7965                           ; BSR set to: 0
  7966                           ;src/DRIVERS/LCD/Core/LCD.c: 496:       if(pkstrThisConfig->u8EnableBacklight)
  7967   0100CA  0E05               	movlw	5
  7968   0100CC  25AA               	addwf	LCD_vidInitialize@pkstrThisConfig& (0+255),w,b
  7969   0100CE  6FA3               	movwf	??_LCD_vidInitialize& (0+255),b
  7970   0100D0  0E00               	movlw	0
  7971   0100D2  21AB               	addwfc	(LCD_vidInitialize@pkstrThisConfig+1)& (0+255),w,b
  7972   0100D4  6FA4               	movwf	(??_LCD_vidInitialize+1)& (0+255),b
  7973   0100D6  C0A3  FFF6         	movff	??_LCD_vidInitialize,tblptrl
  7974   0100DA  C0A4  FFF7         	movff	??_LCD_vidInitialize+1,tblptrh
  7975   0100DE                     	if	0	;tblptru may be non-zero
  7976   0100DE                     	endif
  7977   0100DE                     	if	1	;Program memory is > 0xFFFF, there are 3 active tblptr bytes
  7978   0100DE  0E00               	movlw	low (__mediumconst shr (0+16))
  7979   0100E0  6EF8               	movwf	tblptru,c
  7980   0100E2                     	endif
  7981   0100E2  0008               	tblrd		*
  7982   0100E4  50F5               	movf	tablat,w,c
  7983   0100E6  0900               	iorlw	0
  7984   0100E8  B4D8               	btfsc	status,2,c
  7985   0100EA  EF79  F080         	goto	u4901
  7986   0100EE  EF7B  F080         	goto	u4900
  7987   0100F2                     u4901:
  7988   0100F2  EF84  F080         	goto	l4703
  7989   0100F6                     u4900:
  7990   0100F6                     
  7991                           ; BSR set to: 0
  7992                           ;src/DRIVERS/LCD/Core/LCD.c: 497:       {;src/DRIVERS/LCD/Core/LCD.c: 498:         pstrT
      +                          hisData->u8BacklightLevel = 0x08;
  7993   0100F6  51AE               	movf	LCD_vidInitialize@pstrThisData& (0+255),w,b
  7994   0100F8  6ED9               	movwf	fsr2l,c
  7995   0100FA  6ADA               	clrf	fsr2h,c
  7996   0100FC  0E02               	movlw	2
  7997   0100FE  26D9               	addwf	fsr2l,f,c
  7998   010100  0E08               	movlw	8
  7999   010102  6EDF               	movwf	indf2,c
  8000                           
  8001                           ;src/DRIVERS/LCD/Core/LCD.c: 499:       }
  8002   010104  EF8A  F080         	goto	l4705
  8003   010108                     l4703:
  8004                           
  8005                           ; BSR set to: 0
  8006                           ;src/DRIVERS/LCD/Core/LCD.c: 501:       {;src/DRIVERS/LCD/Core/LCD.c: 502:         pstrT
      +                          hisData->u8BacklightLevel = 0x00;
  8007   010108  51AE               	movf	LCD_vidInitialize@pstrThisData& (0+255),w,b
  8008   01010A  6ED9               	movwf	fsr2l,c
  8009   01010C  6ADA               	clrf	fsr2h,c
  8010   01010E  0E02               	movlw	2
  8011   010110  26D9               	addwf	fsr2l,f,c
  8012   010112  6ADF               	clrf	indf2,c
  8013   010114                     l4705:
  8014                           
  8015                           ; BSR set to: 0
  8016                           ;src/DRIVERS/LCD/Core/LCD.c: 505:       bCommandStatus = bSendToI2c(enuLcdId, 0);
  8017   010114  0E00               	movlw	0
  8018   010116  6E19               	movwf	bSendToI2c@ku8Data^0,c
  8019   010118  51AD               	movf	LCD_vidInitialize@enuLcdId& (0+255),w,b
  8020   01011A  EC25  F08A         	call	_bSendToI2c
  8021   01011E  0100               	movlb	0	; () banked
  8022   010120  6FAC               	movwf	LCD_vidInitialize@bCommandStatus& (0+255),b
  8023   010122                     
  8024                           ; BSR set to: 0
  8025                           ;src/DRIVERS/LCD/Core/LCD.c: 506:       CMN_vidManageAssert((_Bool)(bCommandStatus == 1)
      +                          , (uint16_t)(506), (char const * const)("src/DRIVERS/LCD/Core/LCD.c"), (char const * con
      +                          st)(__FUNCTION__));
  8026   010122  0E01               	movlw	1
  8027   010124  6F9E               	movwf	(CMN_vidManageAssert@ku16FileLine+1)& (0+255),b
  8028   010126  0EFA               	movlw	250
  8029   010128  6F9D               	movwf	CMN_vidManageAssert@ku16FileLine& (0+255),b
  8030   01012A  0E77               	movlw	low STR_4
  8031   01012C  6F9F               	movwf	CMN_vidManageAssert@kpkpau8FileName& (0+255),b
  8032   01012E  0EFF               	movlw	high STR_4
  8033   010130  6FA0               	movwf	(CMN_vidManageAssert@kpkpau8FileName+1)& (0+255),b
  8034   010132  0ECC               	movlw	low STR_5
  8035   010134  6FA1               	movwf	CMN_vidManageAssert@kpkpau8FunctionName& (0+255),b
  8036   010136  0EFF               	movlw	high STR_5
  8037   010138  6FA2               	movwf	(CMN_vidManageAssert@kpkpau8FunctionName+1)& (0+255),b
  8038   01013A  05AC               	decf	LCD_vidInitialize@bCommandStatus& (0+255),w,b
  8039   01013C  B4D8               	btfsc	status,2,c
  8040   01013E  EFA3  F080         	goto	u4911
  8041   010142  EFA6  F080         	goto	u4910
  8042   010146                     u4911:
  8043   010146  0E01               	movlw	1
  8044   010148  EFA7  F080         	goto	u4920
  8045   01014C                     u4910:
  8046   01014C  0E00               	movlw	0
  8047   01014E                     u4920:
  8048   01014E  ECD9  F088         	call	_CMN_vidManageAssert
  8049   010152                     
  8050                           ;src/DRIVERS/LCD/Core/LCD.c: 508:       pstrThisData->u8DisplayControl |= (pkstrThisConf
      +                          ig->u8EnableBlink ? 0x01 : 0x00);
  8051   010152  0E06               	movlw	6
  8052   010154  0100               	movlb	0	; () banked
  8053   010156  25AA               	addwf	LCD_vidInitialize@pkstrThisConfig& (0+255),w,b
  8054   010158  6FA3               	movwf	??_LCD_vidInitialize& (0+255),b
  8055   01015A  0E00               	movlw	0
  8056   01015C  21AB               	addwfc	(LCD_vidInitialize@pkstrThisConfig+1)& (0+255),w,b
  8057   01015E  6FA4               	movwf	(??_LCD_vidInitialize+1)& (0+255),b
  8058   010160  C0A3  FFF6         	movff	??_LCD_vidInitialize,tblptrl
  8059   010164  C0A4  FFF7         	movff	??_LCD_vidInitialize+1,tblptrh
  8060   010168                     	if	0	;tblptru may be non-zero
  8061   010168                     	endif
  8062   010168                     	if	1	;Program memory is > 0xFFFF, there are 3 active tblptr bytes
  8063   010168  0E00               	movlw	low (__mediumconst shr (0+16))
  8064   01016A  6EF8               	movwf	tblptru,c
  8065   01016C                     	endif
  8066   01016C  0008               	tblrd		*
  8067   01016E  50F5               	movf	tablat,w,c
  8068   010170  0900               	iorlw	0
  8069   010172  A4D8               	btfss	status,2,c
  8070   010174  EFBE  F080         	goto	u4931
  8071   010178  EFC2  F080         	goto	u4930
  8072   01017C                     u4931:
  8073   01017C  6BA5               	clrf	(??_LCD_vidInitialize+2)& (0+255),b
  8074   01017E  2BA5               	incf	(??_LCD_vidInitialize+2)& (0+255),f,b
  8075   010180  EFC4  F080         	goto	u4948
  8076   010184                     u4930:
  8077   010184  0100               	movlb	0	; () banked
  8078   010186  6BA5               	clrf	(??_LCD_vidInitialize+2)& (0+255),b
  8079   010188                     u4948:
  8080   010188  51AE               	movf	LCD_vidInitialize@pstrThisData& (0+255),w,b
  8081   01018A  6ED9               	movwf	fsr2l,c
  8082   01018C  6ADA               	clrf	fsr2h,c
  8083   01018E  51A5               	movf	(??_LCD_vidInitialize+2)& (0+255),w,b
  8084   010190  12DF               	iorwf	indf2,f,c
  8085   010192                     
  8086                           ; BSR set to: 0
  8087                           ;src/DRIVERS/LCD/Core/LCD.c: 509:       pstrThisData->u8DisplayControl |= (pkstrThisConf
      +                          ig->u8EnableCursor ? 0x02 : 0x00);
  8088   010192  0E07               	movlw	7
  8089   010194  25AA               	addwf	LCD_vidInitialize@pkstrThisConfig& (0+255),w,b
  8090   010196  6FA3               	movwf	??_LCD_vidInitialize& (0+255),b
  8091   010198  0E00               	movlw	0
  8092   01019A  21AB               	addwfc	(LCD_vidInitialize@pkstrThisConfig+1)& (0+255),w,b
  8093   01019C  6FA4               	movwf	(??_LCD_vidInitialize+1)& (0+255),b
  8094   01019E  C0A3  FFF6         	movff	??_LCD_vidInitialize,tblptrl
  8095   0101A2  C0A4  FFF7         	movff	??_LCD_vidInitialize+1,tblptrh
  8096   0101A6                     	if	0	;tblptru may be non-zero
  8097   0101A6                     	endif
  8098   0101A6                     	if	1	;Program memory is > 0xFFFF, there are 3 active tblptr bytes
  8099   0101A6  0E00               	movlw	low (__mediumconst shr (0+16))
  8100   0101A8  6EF8               	movwf	tblptru,c
  8101   0101AA                     	endif
  8102   0101AA  0008               	tblrd		*
  8103   0101AC  50F5               	movf	tablat,w,c
  8104   0101AE  0900               	iorlw	0
  8105   0101B0  A4D8               	btfss	status,2,c
  8106   0101B2  EFDD  F080         	goto	u4951
  8107   0101B6  EFDF  F080         	goto	u4950
  8108   0101BA                     u4951:
  8109   0101BA  EFE5  F080         	goto	l4715
  8110   0101BE                     u4950:
  8111   0101BE                     
  8112                           ; BSR set to: 0
  8113   0101BE  0E00               	movlw	0
  8114   0101C0  6FA9               	movwf	(_LCD_vidInitialize$341+1)& (0+255),b
  8115   0101C2  0E00               	movlw	0
  8116   0101C4  6FA8               	movwf	_LCD_vidInitialize$341& (0+255),b
  8117   0101C6  EFE9  F080         	goto	l4717
  8118   0101CA                     l4715:
  8119                           
  8120                           ; BSR set to: 0
  8121   0101CA  0E00               	movlw	0
  8122   0101CC  6FA9               	movwf	(_LCD_vidInitialize$341+1)& (0+255),b
  8123   0101CE  0E02               	movlw	2
  8124   0101D0  6FA8               	movwf	_LCD_vidInitialize$341& (0+255),b
  8125   0101D2                     l4717:
  8126                           
  8127                           ; BSR set to: 0
  8128   0101D2  51AE               	movf	LCD_vidInitialize@pstrThisData& (0+255),w,b
  8129   0101D4  6ED9               	movwf	fsr2l,c
  8130   0101D6  6ADA               	clrf	fsr2h,c
  8131   0101D8  51A8               	movf	_LCD_vidInitialize$341& (0+255),w,b
  8132   0101DA  12DF               	iorwf	indf2,f,c
  8133   0101DC                     
  8134                           ; BSR set to: 0
  8135                           ;src/DRIVERS/LCD/Core/LCD.c: 510:       pstrThisData->u8DisplayFunction |= (0x08 | 0x00 
      +                          | 0x00);
  8136   0101DC  51AE               	movf	LCD_vidInitialize@pstrThisData& (0+255),w,b
  8137   0101DE  6ED9               	movwf	fsr2l,c
  8138   0101E0  6ADA               	clrf	fsr2h,c
  8139   0101E2  0E03               	movlw	3
  8140   0101E4  26D9               	addwf	fsr2l,f,c
  8141   0101E6  0E00               	movlw	0
  8142   0101E8  86DB               	bsf	plusw2,3,c
  8143   0101EA                     
  8144                           ; BSR set to: 0
  8145                           ;src/DRIVERS/LCD/Core/LCD.c: 512:       bCommandStatus = bWrite4Bits(enuLcdId, 0x03 << 4
      +                          );
  8146   0101EA  0E30               	movlw	48
  8147   0101EC  6E26               	movwf	bWrite4Bits@ku8Data^0,c
  8148   0101EE  51AD               	movf	LCD_vidInitialize@enuLcdId& (0+255),w,b
  8149   0101F0  ECFE  F08C         	call	_bWrite4Bits
  8150   0101F4  0100               	movlb	0	; () banked
  8151   0101F6  6FAC               	movwf	LCD_vidInitialize@bCommandStatus& (0+255),b
  8152   0101F8                     
  8153                           ; BSR set to: 0
  8154                           ;src/DRIVERS/LCD/Core/LCD.c: 513:       CMN_vidManageAssert((_Bool)(bCommandStatus == 1)
      +                          , (uint16_t)(513), (char const * const)("src/DRIVERS/LCD/Core/LCD.c"), (char const * con
      +                          st)(__FUNCTION__));
  8155   0101F8  0E02               	movlw	2
  8156   0101FA  6F9E               	movwf	(CMN_vidManageAssert@ku16FileLine+1)& (0+255),b
  8157   0101FC  0E01               	movlw	1
  8158   0101FE  6F9D               	movwf	CMN_vidManageAssert@ku16FileLine& (0+255),b
  8159   010200  0E77               	movlw	low STR_4
  8160   010202  6F9F               	movwf	CMN_vidManageAssert@kpkpau8FileName& (0+255),b
  8161   010204  0EFF               	movlw	high STR_4
  8162   010206  6FA0               	movwf	(CMN_vidManageAssert@kpkpau8FileName+1)& (0+255),b
  8163   010208  0ECC               	movlw	low STR_5
  8164   01020A  6FA1               	movwf	CMN_vidManageAssert@kpkpau8FunctionName& (0+255),b
  8165   01020C  0EFF               	movlw	high STR_5
  8166   01020E  6FA2               	movwf	(CMN_vidManageAssert@kpkpau8FunctionName+1)& (0+255),b
  8167   010210  05AC               	decf	LCD_vidInitialize@bCommandStatus& (0+255),w,b
  8168   010212  B4D8               	btfsc	status,2,c
  8169   010214  EF0E  F081         	goto	u4961
  8170   010218  EF11  F081         	goto	u4960
  8171   01021C                     u4961:
  8172   01021C  0E01               	movlw	1
  8173   01021E  EF12  F081         	goto	u4970
  8174   010222                     u4960:
  8175   010222  0E00               	movlw	0
  8176   010224                     u4970:
  8177   010224  ECD9  F088         	call	_CMN_vidManageAssert
  8178   010228                     
  8179                           ;src/DRIVERS/LCD/Core/LCD.c: 514:       CMN_vidDelayMs(5);
  8180   010228  0E05               	movlw	5
  8181   01022A  6E17               	movwf	CMN_vidDelayMs@ku32DelayMs^0,c
  8182   01022C  0E00               	movlw	0
  8183   01022E  6E18               	movwf	(CMN_vidDelayMs@ku32DelayMs+1)^0,c
  8184   010230  0E00               	movlw	0
  8185   010232  6E19               	movwf	(CMN_vidDelayMs@ku32DelayMs+2)^0,c
  8186   010234  0E00               	movlw	0
  8187   010236  6E1A               	movwf	(CMN_vidDelayMs@ku32DelayMs+3)^0,c
  8188   010238  EC63  F08D         	call	_CMN_vidDelayMs	;wreg free
  8189   01023C                     
  8190                           ;src/DRIVERS/LCD/Core/LCD.c: 515:       bCommandStatus = bWrite4Bits(enuLcdId, 0x03 << 4
      +                          );
  8191   01023C  0E30               	movlw	48
  8192   01023E  6E26               	movwf	bWrite4Bits@ku8Data^0,c
  8193   010240  0100               	movlb	0	; () banked
  8194   010242  51AD               	movf	LCD_vidInitialize@enuLcdId& (0+255),w,b
  8195   010244  ECFE  F08C         	call	_bWrite4Bits
  8196   010248  0100               	movlb	0	; () banked
  8197   01024A  6FAC               	movwf	LCD_vidInitialize@bCommandStatus& (0+255),b
  8198   01024C                     
  8199                           ; BSR set to: 0
  8200                           ;src/DRIVERS/LCD/Core/LCD.c: 516:       CMN_vidManageAssert((_Bool)(bCommandStatus == 1)
      +                          , (uint16_t)(516), (char const * const)("src/DRIVERS/LCD/Core/LCD.c"), (char const * con
      +                          st)(__FUNCTION__));
  8201   01024C  0E02               	movlw	2
  8202   01024E  6F9E               	movwf	(CMN_vidManageAssert@ku16FileLine+1)& (0+255),b
  8203   010250  0E04               	movlw	4
  8204   010252  6F9D               	movwf	CMN_vidManageAssert@ku16FileLine& (0+255),b
  8205   010254  0E77               	movlw	low STR_4
  8206   010256  6F9F               	movwf	CMN_vidManageAssert@kpkpau8FileName& (0+255),b
  8207   010258  0EFF               	movlw	high STR_4
  8208   01025A  6FA0               	movwf	(CMN_vidManageAssert@kpkpau8FileName+1)& (0+255),b
  8209   01025C  0ECC               	movlw	low STR_5
  8210   01025E  6FA1               	movwf	CMN_vidManageAssert@kpkpau8FunctionName& (0+255),b
  8211   010260  0EFF               	movlw	high STR_5
  8212   010262  6FA2               	movwf	(CMN_vidManageAssert@kpkpau8FunctionName+1)& (0+255),b
  8213   010264  05AC               	decf	LCD_vidInitialize@bCommandStatus& (0+255),w,b
  8214   010266  B4D8               	btfsc	status,2,c
  8215   010268  EF38  F081         	goto	u4981
  8216   01026C  EF3B  F081         	goto	u4980
  8217   010270                     u4981:
  8218   010270  0E01               	movlw	1
  8219   010272  EF3C  F081         	goto	u4990
  8220   010276                     u4980:
  8221   010276  0E00               	movlw	0
  8222   010278                     u4990:
  8223   010278  ECD9  F088         	call	_CMN_vidManageAssert
  8224   01027C                     
  8225                           ;src/DRIVERS/LCD/Core/LCD.c: 517:       CMN_vidDelayMs(5);
  8226   01027C  0E05               	movlw	5
  8227   01027E  6E17               	movwf	CMN_vidDelayMs@ku32DelayMs^0,c
  8228   010280  0E00               	movlw	0
  8229   010282  6E18               	movwf	(CMN_vidDelayMs@ku32DelayMs+1)^0,c
  8230   010284  0E00               	movlw	0
  8231   010286  6E19               	movwf	(CMN_vidDelayMs@ku32DelayMs+2)^0,c
  8232   010288  0E00               	movlw	0
  8233   01028A  6E1A               	movwf	(CMN_vidDelayMs@ku32DelayMs+3)^0,c
  8234   01028C  EC63  F08D         	call	_CMN_vidDelayMs	;wreg free
  8235   010290                     
  8236                           ;src/DRIVERS/LCD/Core/LCD.c: 518:       bCommandStatus = bWrite4Bits(enuLcdId, 0x03 << 4
      +                          );
  8237   010290  0E30               	movlw	48
  8238   010292  6E26               	movwf	bWrite4Bits@ku8Data^0,c
  8239   010294  0100               	movlb	0	; () banked
  8240   010296  51AD               	movf	LCD_vidInitialize@enuLcdId& (0+255),w,b
  8241   010298  ECFE  F08C         	call	_bWrite4Bits
  8242   01029C  0100               	movlb	0	; () banked
  8243   01029E  6FAC               	movwf	LCD_vidInitialize@bCommandStatus& (0+255),b
  8244   0102A0                     
  8245                           ; BSR set to: 0
  8246                           ;src/DRIVERS/LCD/Core/LCD.c: 519:       CMN_vidManageAssert((_Bool)(bCommandStatus == 1)
      +                          , (uint16_t)(519), (char const * const)("src/DRIVERS/LCD/Core/LCD.c"), (char const * con
      +                          st)(__FUNCTION__));
  8247   0102A0  0E02               	movlw	2
  8248   0102A2  6F9E               	movwf	(CMN_vidManageAssert@ku16FileLine+1)& (0+255),b
  8249   0102A4  0E07               	movlw	7
  8250   0102A6  6F9D               	movwf	CMN_vidManageAssert@ku16FileLine& (0+255),b
  8251   0102A8  0E77               	movlw	low STR_4
  8252   0102AA  6F9F               	movwf	CMN_vidManageAssert@kpkpau8FileName& (0+255),b
  8253   0102AC  0EFF               	movlw	high STR_4
  8254   0102AE  6FA0               	movwf	(CMN_vidManageAssert@kpkpau8FileName+1)& (0+255),b
  8255   0102B0  0ECC               	movlw	low STR_5
  8256   0102B2  6FA1               	movwf	CMN_vidManageAssert@kpkpau8FunctionName& (0+255),b
  8257   0102B4  0EFF               	movlw	high STR_5
  8258   0102B6  6FA2               	movwf	(CMN_vidManageAssert@kpkpau8FunctionName+1)& (0+255),b
  8259   0102B8  05AC               	decf	LCD_vidInitialize@bCommandStatus& (0+255),w,b
  8260   0102BA  B4D8               	btfsc	status,2,c
  8261   0102BC  EF62  F081         	goto	u5001
  8262   0102C0  EF65  F081         	goto	u5000
  8263   0102C4                     u5001:
  8264   0102C4  0E01               	movlw	1
  8265   0102C6  EF66  F081         	goto	u5010
  8266   0102CA                     u5000:
  8267   0102CA  0E00               	movlw	0
  8268   0102CC                     u5010:
  8269   0102CC  ECD9  F088         	call	_CMN_vidManageAssert
  8270   0102D0                     
  8271                           ;src/DRIVERS/LCD/Core/LCD.c: 520:       CMN_vidDelayMs(5);
  8272   0102D0  0E05               	movlw	5
  8273   0102D2  6E17               	movwf	CMN_vidDelayMs@ku32DelayMs^0,c
  8274   0102D4  0E00               	movlw	0
  8275   0102D6  6E18               	movwf	(CMN_vidDelayMs@ku32DelayMs+1)^0,c
  8276   0102D8  0E00               	movlw	0
  8277   0102DA  6E19               	movwf	(CMN_vidDelayMs@ku32DelayMs+2)^0,c
  8278   0102DC  0E00               	movlw	0
  8279   0102DE  6E1A               	movwf	(CMN_vidDelayMs@ku32DelayMs+3)^0,c
  8280   0102E0  EC63  F08D         	call	_CMN_vidDelayMs	;wreg free
  8281   0102E4                     
  8282                           ;src/DRIVERS/LCD/Core/LCD.c: 521:       bCommandStatus = bWrite4Bits(enuLcdId, 0x02 << 4
      +                          );
  8283   0102E4  0E20               	movlw	32
  8284   0102E6  6E26               	movwf	bWrite4Bits@ku8Data^0,c
  8285   0102E8  0100               	movlb	0	; () banked
  8286   0102EA  51AD               	movf	LCD_vidInitialize@enuLcdId& (0+255),w,b
  8287   0102EC  ECFE  F08C         	call	_bWrite4Bits
  8288   0102F0  0100               	movlb	0	; () banked
  8289   0102F2  6FAC               	movwf	LCD_vidInitialize@bCommandStatus& (0+255),b
  8290   0102F4                     
  8291                           ; BSR set to: 0
  8292                           ;src/DRIVERS/LCD/Core/LCD.c: 522:       CMN_vidManageAssert((_Bool)(bCommandStatus == 1)
      +                          , (uint16_t)(522), (char const * const)("src/DRIVERS/LCD/Core/LCD.c"), (char const * con
      +                          st)(__FUNCTION__));
  8293   0102F4  0E02               	movlw	2
  8294   0102F6  6F9E               	movwf	(CMN_vidManageAssert@ku16FileLine+1)& (0+255),b
  8295   0102F8  0E0A               	movlw	10
  8296   0102FA  6F9D               	movwf	CMN_vidManageAssert@ku16FileLine& (0+255),b
  8297   0102FC  0E77               	movlw	low STR_4
  8298   0102FE  6F9F               	movwf	CMN_vidManageAssert@kpkpau8FileName& (0+255),b
  8299   010300  0EFF               	movlw	high STR_4
  8300   010302  6FA0               	movwf	(CMN_vidManageAssert@kpkpau8FileName+1)& (0+255),b
  8301   010304  0ECC               	movlw	low STR_5
  8302   010306  6FA1               	movwf	CMN_vidManageAssert@kpkpau8FunctionName& (0+255),b
  8303   010308  0EFF               	movlw	high STR_5
  8304   01030A  6FA2               	movwf	(CMN_vidManageAssert@kpkpau8FunctionName+1)& (0+255),b
  8305   01030C  05AC               	decf	LCD_vidInitialize@bCommandStatus& (0+255),w,b
  8306   01030E  B4D8               	btfsc	status,2,c
  8307   010310  EF8C  F081         	goto	u5021
  8308   010314  EF8F  F081         	goto	u5020
  8309   010318                     u5021:
  8310   010318  0E01               	movlw	1
  8311   01031A  EF90  F081         	goto	u5030
  8312   01031E                     u5020:
  8313   01031E  0E00               	movlw	0
  8314   010320                     u5030:
  8315   010320  ECD9  F088         	call	_CMN_vidManageAssert
  8316   010324                     
  8317                           ;src/DRIVERS/LCD/Core/LCD.c: 523:       CMN_vidDelayMs(5);
  8318   010324  0E05               	movlw	5
  8319   010326  6E17               	movwf	CMN_vidDelayMs@ku32DelayMs^0,c
  8320   010328  0E00               	movlw	0
  8321   01032A  6E18               	movwf	(CMN_vidDelayMs@ku32DelayMs+1)^0,c
  8322   01032C  0E00               	movlw	0
  8323   01032E  6E19               	movwf	(CMN_vidDelayMs@ku32DelayMs+2)^0,c
  8324   010330  0E00               	movlw	0
  8325   010332  6E1A               	movwf	(CMN_vidDelayMs@ku32DelayMs+3)^0,c
  8326   010334  EC63  F08D         	call	_CMN_vidDelayMs	;wreg free
  8327   010338                     
  8328                           ;src/DRIVERS/LCD/Core/LCD.c: 524:       bCommandStatus = bSendCommand(enuLcdId, (pstrThi
      +                          sData->u8DisplayFunction | 0x20));
  8329   010338  0100               	movlb	0	; () banked
  8330   01033A  51AE               	movf	LCD_vidInitialize@pstrThisData& (0+255),w,b
  8331   01033C  6ED9               	movwf	fsr2l,c
  8332   01033E  6ADA               	clrf	fsr2h,c
  8333   010340  0E03               	movlw	3
  8334   010342  26D9               	addwf	fsr2l,f,c
  8335   010344  50DF               	movf	indf2,w,c
  8336   010346  0920               	iorlw	32
  8337   010348  6E2D               	movwf	bSendCommand@ku8Data^0,c
  8338   01034A  51AD               	movf	LCD_vidInitialize@enuLcdId& (0+255),w,b
  8339   01034C  EC78  F08D         	call	_bSendCommand
  8340   010350  0100               	movlb	0	; () banked
  8341   010352  6FAC               	movwf	LCD_vidInitialize@bCommandStatus& (0+255),b
  8342   010354                     
  8343                           ; BSR set to: 0
  8344                           ;src/DRIVERS/LCD/Core/LCD.c: 525:       CMN_vidManageAssert((_Bool)(bCommandStatus == 1)
      +                          , (uint16_t)(525), (char const * const)("src/DRIVERS/LCD/Core/LCD.c"), (char const * con
      +                          st)(__FUNCTION__));
  8345   010354  0E02               	movlw	2
  8346   010356  6F9E               	movwf	(CMN_vidManageAssert@ku16FileLine+1)& (0+255),b
  8347   010358  0E0D               	movlw	13
  8348   01035A  6F9D               	movwf	CMN_vidManageAssert@ku16FileLine& (0+255),b
  8349   01035C  0E77               	movlw	low STR_4
  8350   01035E  6F9F               	movwf	CMN_vidManageAssert@kpkpau8FileName& (0+255),b
  8351   010360  0EFF               	movlw	high STR_4
  8352   010362  6FA0               	movwf	(CMN_vidManageAssert@kpkpau8FileName+1)& (0+255),b
  8353   010364  0ECC               	movlw	low STR_5
  8354   010366  6FA1               	movwf	CMN_vidManageAssert@kpkpau8FunctionName& (0+255),b
  8355   010368  0EFF               	movlw	high STR_5
  8356   01036A  6FA2               	movwf	(CMN_vidManageAssert@kpkpau8FunctionName+1)& (0+255),b
  8357   01036C  05AC               	decf	LCD_vidInitialize@bCommandStatus& (0+255),w,b
  8358   01036E  B4D8               	btfsc	status,2,c
  8359   010370  EFBC  F081         	goto	u5041
  8360   010374  EFBF  F081         	goto	u5040
  8361   010378                     u5041:
  8362   010378  0E01               	movlw	1
  8363   01037A  EFC0  F081         	goto	u5050
  8364   01037E                     u5040:
  8365   01037E  0E00               	movlw	0
  8366   010380                     u5050:
  8367   010380  ECD9  F088         	call	_CMN_vidManageAssert
  8368   010384  0100               	movlb	0	; () banked
  8369   010386  51AE               	movf	LCD_vidInitialize@pstrThisData& (0+255),w,b
  8370   010388  6ED9               	movwf	fsr2l,c
  8371   01038A  6ADA               	clrf	fsr2h,c
  8372   01038C  50DF               	movf	indf2,w,c
  8373   01038E  0908               	iorlw	8
  8374   010390  6E2D               	movwf	bSendCommand@ku8Data^0,c
  8375   010392  51AD               	movf	LCD_vidInitialize@enuLcdId& (0+255),w,b
  8376   010394  EC78  F08D         	call	_bSendCommand
  8377   010398                     
  8378                           ;src/DRIVERS/LCD/Core/LCD.c: 527:       bCommandStatus = bSetDisplayOn(enuLcdId, 1);
  8379   010398  0E01               	movlw	1
  8380   01039A  6E2F               	movwf	bSetDisplayOn@bSetToOn^0,c
  8381   01039C  0100               	movlb	0	; () banked
  8382   01039E  51AD               	movf	LCD_vidInitialize@enuLcdId& (0+255),w,b
  8383   0103A0  ECAE  F08B         	call	_bSetDisplayOn
  8384   0103A4  0100               	movlb	0	; () banked
  8385   0103A6  6FAC               	movwf	LCD_vidInitialize@bCommandStatus& (0+255),b
  8386   0103A8                     
  8387                           ; BSR set to: 0
  8388                           ;src/DRIVERS/LCD/Core/LCD.c: 528:       CMN_vidManageAssert((_Bool)(bCommandStatus == 1)
      +                          , (uint16_t)(528), (char const * const)("src/DRIVERS/LCD/Core/LCD.c"), (char const * con
      +                          st)(__FUNCTION__));
  8389   0103A8  0E02               	movlw	2
  8390   0103AA  6F9E               	movwf	(CMN_vidManageAssert@ku16FileLine+1)& (0+255),b
  8391   0103AC  0E10               	movlw	16
  8392   0103AE  6F9D               	movwf	CMN_vidManageAssert@ku16FileLine& (0+255),b
  8393   0103B0  0E77               	movlw	low STR_4
  8394   0103B2  6F9F               	movwf	CMN_vidManageAssert@kpkpau8FileName& (0+255),b
  8395   0103B4  0EFF               	movlw	high STR_4
  8396   0103B6  6FA0               	movwf	(CMN_vidManageAssert@kpkpau8FileName+1)& (0+255),b
  8397   0103B8  0ECC               	movlw	low STR_5
  8398   0103BA  6FA1               	movwf	CMN_vidManageAssert@kpkpau8FunctionName& (0+255),b
  8399   0103BC  0EFF               	movlw	high STR_5
  8400   0103BE  6FA2               	movwf	(CMN_vidManageAssert@kpkpau8FunctionName+1)& (0+255),b
  8401   0103C0  05AC               	decf	LCD_vidInitialize@bCommandStatus& (0+255),w,b
  8402   0103C2  B4D8               	btfsc	status,2,c
  8403   0103C4  EFE6  F081         	goto	u5061
  8404   0103C8  EFE9  F081         	goto	u5060
  8405   0103CC                     u5061:
  8406   0103CC  0E01               	movlw	1
  8407   0103CE  EFEA  F081         	goto	u5070
  8408   0103D2                     u5060:
  8409   0103D2  0E00               	movlw	0
  8410   0103D4                     u5070:
  8411   0103D4  ECD9  F088         	call	_CMN_vidManageAssert
  8412   0103D8                     
  8413                           ;src/DRIVERS/LCD/Core/LCD.c: 529:       bCommandStatus = bClearDisplay(enuLcdId);
  8414   0103D8  0100               	movlb	0	; () banked
  8415   0103DA  51AD               	movf	LCD_vidInitialize@enuLcdId& (0+255),w,b
  8416   0103DC  EC4B  F08C         	call	_bClearDisplay
  8417   0103E0  0100               	movlb	0	; () banked
  8418   0103E2  6FAC               	movwf	LCD_vidInitialize@bCommandStatus& (0+255),b
  8419   0103E4                     
  8420                           ; BSR set to: 0
  8421                           ;src/DRIVERS/LCD/Core/LCD.c: 530:       CMN_vidManageAssert((_Bool)(bCommandStatus == 1)
      +                          , (uint16_t)(530), (char const * const)("src/DRIVERS/LCD/Core/LCD.c"), (char const * con
      +                          st)(__FUNCTION__));
  8422   0103E4  0E02               	movlw	2
  8423   0103E6  6F9E               	movwf	(CMN_vidManageAssert@ku16FileLine+1)& (0+255),b
  8424   0103E8  0E12               	movlw	18
  8425   0103EA  6F9D               	movwf	CMN_vidManageAssert@ku16FileLine& (0+255),b
  8426   0103EC  0E77               	movlw	low STR_4
  8427   0103EE  6F9F               	movwf	CMN_vidManageAssert@kpkpau8FileName& (0+255),b
  8428   0103F0  0EFF               	movlw	high STR_4
  8429   0103F2  6FA0               	movwf	(CMN_vidManageAssert@kpkpau8FileName+1)& (0+255),b
  8430   0103F4  0ECC               	movlw	low STR_5
  8431   0103F6  6FA1               	movwf	CMN_vidManageAssert@kpkpau8FunctionName& (0+255),b
  8432   0103F8  0EFF               	movlw	high STR_5
  8433   0103FA  6FA2               	movwf	(CMN_vidManageAssert@kpkpau8FunctionName+1)& (0+255),b
  8434   0103FC  05AC               	decf	LCD_vidInitialize@bCommandStatus& (0+255),w,b
  8435   0103FE  B4D8               	btfsc	status,2,c
  8436   010400  EF04  F082         	goto	u5081
  8437   010404  EF07  F082         	goto	u5080
  8438   010408                     u5081:
  8439   010408  0E01               	movlw	1
  8440   01040A  EF08  F082         	goto	u5090
  8441   01040E                     u5080:
  8442   01040E  0E00               	movlw	0
  8443   010410                     u5090:
  8444   010410  ECD9  F088         	call	_CMN_vidManageAssert
  8445   010414                     
  8446                           ;src/DRIVERS/LCD/Core/LCD.c: 531:       bCommandStatus = bSendCommand(enuLcdId, (pstrThi
      +                          sData->u8DisplayMode | 0x04));
  8447   010414  0100               	movlb	0	; () banked
  8448   010416  51AE               	movf	LCD_vidInitialize@pstrThisData& (0+255),w,b
  8449   010418  6ED9               	movwf	fsr2l,c
  8450   01041A  6ADA               	clrf	fsr2h,c
  8451   01041C  0E01               	movlw	1
  8452   01041E  26D9               	addwf	fsr2l,f,c
  8453   010420  50DF               	movf	indf2,w,c
  8454   010422  0904               	iorlw	4
  8455   010424  6E2D               	movwf	bSendCommand@ku8Data^0,c
  8456   010426  51AD               	movf	LCD_vidInitialize@enuLcdId& (0+255),w,b
  8457   010428  EC78  F08D         	call	_bSendCommand
  8458   01042C  0100               	movlb	0	; () banked
  8459   01042E  6FAC               	movwf	LCD_vidInitialize@bCommandStatus& (0+255),b
  8460   010430                     
  8461                           ; BSR set to: 0
  8462                           ;src/DRIVERS/LCD/Core/LCD.c: 532:       CMN_vidManageAssert((_Bool)(bCommandStatus == 1)
      +                          , (uint16_t)(532), (char const * const)("src/DRIVERS/LCD/Core/LCD.c"), (char const * con
      +                          st)(__FUNCTION__));
  8463   010430  0E02               	movlw	2
  8464   010432  6F9E               	movwf	(CMN_vidManageAssert@ku16FileLine+1)& (0+255),b
  8465   010434  0E14               	movlw	20
  8466   010436  6F9D               	movwf	CMN_vidManageAssert@ku16FileLine& (0+255),b
  8467   010438  0E77               	movlw	low STR_4
  8468   01043A  6F9F               	movwf	CMN_vidManageAssert@kpkpau8FileName& (0+255),b
  8469   01043C  0EFF               	movlw	high STR_4
  8470   01043E  6FA0               	movwf	(CMN_vidManageAssert@kpkpau8FileName+1)& (0+255),b
  8471   010440  0ECC               	movlw	low STR_5
  8472   010442  6FA1               	movwf	CMN_vidManageAssert@kpkpau8FunctionName& (0+255),b
  8473   010444  0EFF               	movlw	high STR_5
  8474   010446  6FA2               	movwf	(CMN_vidManageAssert@kpkpau8FunctionName+1)& (0+255),b
  8475   010448  05AC               	decf	LCD_vidInitialize@bCommandStatus& (0+255),w,b
  8476   01044A  B4D8               	btfsc	status,2,c
  8477   01044C  EF2A  F082         	goto	u5101
  8478   010450  EF2D  F082         	goto	u5100
  8479   010454                     u5101:
  8480   010454  0E01               	movlw	1
  8481   010456  EF2E  F082         	goto	u5110
  8482   01045A                     u5100:
  8483   01045A  0E00               	movlw	0
  8484   01045C                     u5110:
  8485   01045C  ECD9  F088         	call	_CMN_vidManageAssert
  8486   010460                     
  8487                           ;src/DRIVERS/LCD/Core/LCD.c: 533:       bCommandStatus = bReturnHome(enuLcdId);
  8488   010460  0100               	movlb	0	; () banked
  8489   010462  51AD               	movf	LCD_vidInitialize@enuLcdId& (0+255),w,b
  8490   010464  EC81  F08D         	call	_bReturnHome
  8491   010468  0100               	movlb	0	; () banked
  8492   01046A  6FAC               	movwf	LCD_vidInitialize@bCommandStatus& (0+255),b
  8493   01046C                     
  8494                           ; BSR set to: 0
  8495                           ;src/DRIVERS/LCD/Core/LCD.c: 534:       CMN_vidManageAssert((_Bool)(bCommandStatus == 1)
      +                          , (uint16_t)(534), (char const * const)("src/DRIVERS/LCD/Core/LCD.c"), (char const * con
      +                          st)(__FUNCTION__));
  8496   01046C  0E02               	movlw	2
  8497   01046E  6F9E               	movwf	(CMN_vidManageAssert@ku16FileLine+1)& (0+255),b
  8498   010470  0E16               	movlw	22
  8499   010472  6F9D               	movwf	CMN_vidManageAssert@ku16FileLine& (0+255),b
  8500   010474  0E77               	movlw	low STR_4
  8501   010476  6F9F               	movwf	CMN_vidManageAssert@kpkpau8FileName& (0+255),b
  8502   010478  0EFF               	movlw	high STR_4
  8503   01047A  6FA0               	movwf	(CMN_vidManageAssert@kpkpau8FileName+1)& (0+255),b
  8504   01047C  0ECC               	movlw	low STR_5
  8505   01047E  6FA1               	movwf	CMN_vidManageAssert@kpkpau8FunctionName& (0+255),b
  8506   010480  0EFF               	movlw	high STR_5
  8507   010482  6FA2               	movwf	(CMN_vidManageAssert@kpkpau8FunctionName+1)& (0+255),b
  8508   010484  05AC               	decf	LCD_vidInitialize@bCommandStatus& (0+255),w,b
  8509   010486  B4D8               	btfsc	status,2,c
  8510   010488  EF48  F082         	goto	u5121
  8511   01048C  EF4B  F082         	goto	u5120
  8512   010490                     u5121:
  8513   010490  0E01               	movlw	1
  8514   010492  EF4C  F082         	goto	u5130
  8515   010496                     u5120:
  8516   010496  0E00               	movlw	0
  8517   010498                     u5130:
  8518   010498  ECD9  F088         	call	_CMN_vidManageAssert
  8519   01049C                     
  8520                           ;src/DRIVERS/LCD/Core/LCD.c: 536:       pstrThisData->u16DataSize = (pkstrThisConfig->u8
      +                          NumberOfRows * pkstrThisConfig->u8NumberOfColums);
  8521   01049C  0E03               	movlw	3
  8522   01049E  0100               	movlb	0	; () banked
  8523   0104A0  25AA               	addwf	LCD_vidInitialize@pkstrThisConfig& (0+255),w,b
  8524   0104A2  6FA3               	movwf	??_LCD_vidInitialize& (0+255),b
  8525   0104A4  0E00               	movlw	0
  8526   0104A6  21AB               	addwfc	(LCD_vidInitialize@pkstrThisConfig+1)& (0+255),w,b
  8527   0104A8  6FA4               	movwf	(??_LCD_vidInitialize+1)& (0+255),b
  8528   0104AA  C0A3  FFF6         	movff	??_LCD_vidInitialize,tblptrl
  8529   0104AE  C0A4  FFF7         	movff	??_LCD_vidInitialize+1,tblptrh
  8530   0104B2                     	if	0	;tblptru may be non-zero
  8531   0104B2                     	endif
  8532   0104B2                     	if	1	;Program memory is > 0xFFFF, there are 3 active tblptr bytes
  8533   0104B2  0E00               	movlw	low (__mediumconst shr (0+16))
  8534   0104B4  6EF8               	movwf	tblptru,c
  8535   0104B6                     	endif
  8536   0104B6  0008               	tblrd		*
  8537   0104B8  CFF5 F0A5          	movff	tablat,??_LCD_vidInitialize+2
  8538   0104BC  0E04               	movlw	4
  8539   0104BE  25AA               	addwf	LCD_vidInitialize@pkstrThisConfig& (0+255),w,b
  8540   0104C0  6FA6               	movwf	(??_LCD_vidInitialize+3)& (0+255),b
  8541   0104C2  0E00               	movlw	0
  8542   0104C4  21AB               	addwfc	(LCD_vidInitialize@pkstrThisConfig+1)& (0+255),w,b
  8543   0104C6  6FA7               	movwf	(??_LCD_vidInitialize+4)& (0+255),b
  8544   0104C8  C0A6  FFF6         	movff	??_LCD_vidInitialize+3,tblptrl
  8545   0104CC  C0A7  FFF7         	movff	??_LCD_vidInitialize+4,tblptrh
  8546   0104D0                     	if	0	;tblptru may be non-zero
  8547   0104D0                     	endif
  8548   0104D0                     	if	1	;Program memory is > 0xFFFF, there are 3 active tblptr bytes
  8549   0104D0  0E00               	movlw	low (__mediumconst shr (0+16))
  8550   0104D2  6EF8               	movwf	tblptru,c
  8551   0104D4                     	endif
  8552   0104D4  0008               	tblrd		*
  8553   0104D6  50F5               	movf	tablat,w,c
  8554   0104D8  03A5               	mulwf	(??_LCD_vidInitialize+2)& (0+255),b
  8555   0104DA  51AE               	movf	LCD_vidInitialize@pstrThisData& (0+255),w,b
  8556   0104DC  6ED9               	movwf	fsr2l,c
  8557   0104DE  6ADA               	clrf	fsr2h,c
  8558   0104E0  0E08               	movlw	8
  8559   0104E2  26D9               	addwf	fsr2l,f,c
  8560   0104E4  CFF3 FFDE          	movff	prodl,postinc2
  8561   0104E8  CFF4 FFDD          	movff	prodh,postdec2
  8562   0104EC                     
  8563                           ; BSR set to: 0
  8564                           ;src/DRIVERS/LCD/Core/LCD.c: 537:       pstrThisData->pau8DataBuffer = malloc(pstrThisDa
      +                          ta->u16DataSize * sizeof(uint8_t));
  8565   0104EC  51AE               	movf	LCD_vidInitialize@pstrThisData& (0+255),w,b
  8566   0104EE  6ED9               	movwf	fsr2l,c
  8567   0104F0  6ADA               	clrf	fsr2h,c
  8568   0104F2  0E08               	movlw	8
  8569   0104F4  26D9               	addwf	fsr2l,f,c
  8570   0104F6  CFDE F023          	movff	postinc2,malloc@n
  8571   0104FA  CFDD F024          	movff	postdec2,malloc@n+1
  8572   0104FE  ECBB  F085         	call	_malloc	;wreg free
  8573   010502  0100               	movlb	0	; () banked
  8574   010504  51AE               	movf	LCD_vidInitialize@pstrThisData& (0+255),w,b
  8575   010506  6ED9               	movwf	fsr2l,c
  8576   010508  6ADA               	clrf	fsr2h,c
  8577   01050A  0E06               	movlw	6
  8578   01050C  26D9               	addwf	fsr2l,f,c
  8579   01050E  C023  FFDE         	movff	?_malloc,postinc2
  8580   010512  C024  FFDD         	movff	?_malloc+1,postdec2
  8581   010516                     
  8582                           ; BSR set to: 0
  8583                           ;src/DRIVERS/LCD/Core/LCD.c: 538:       CMN_vidManageAssert((_Bool)(pstrThisData->pau8Da
      +                          taBuffer != ((void*)0)), (uint16_t)(538), (char const * const)("src/DRIVERS/LCD/Core/LCD
      +                          .c"), (char const * const)(__FUNCTION__));
  8584   010516  0E02               	movlw	2
  8585   010518  6F9E               	movwf	(CMN_vidManageAssert@ku16FileLine+1)& (0+255),b
  8586   01051A  0E1A               	movlw	26
  8587   01051C  6F9D               	movwf	CMN_vidManageAssert@ku16FileLine& (0+255),b
  8588   01051E  0E77               	movlw	low STR_4
  8589   010520  6F9F               	movwf	CMN_vidManageAssert@kpkpau8FileName& (0+255),b
  8590   010522  0EFF               	movlw	high STR_4
  8591   010524  6FA0               	movwf	(CMN_vidManageAssert@kpkpau8FileName+1)& (0+255),b
  8592   010526  0ECC               	movlw	low STR_5
  8593   010528  6FA1               	movwf	CMN_vidManageAssert@kpkpau8FunctionName& (0+255),b
  8594   01052A  0EFF               	movlw	high STR_5
  8595   01052C  6FA2               	movwf	(CMN_vidManageAssert@kpkpau8FunctionName+1)& (0+255),b
  8596   01052E  51AE               	movf	LCD_vidInitialize@pstrThisData& (0+255),w,b
  8597   010530  6ED9               	movwf	fsr2l,c
  8598   010532  6ADA               	clrf	fsr2h,c
  8599   010534  0E06               	movlw	6
  8600   010536  26D9               	addwf	fsr2l,f,c
  8601   010538  50DE               	movf	postinc2,w,c
  8602   01053A  10DE               	iorwf	postinc2,w,c
  8603   01053C  A4D8               	btfss	status,2,c
  8604   01053E  EFA3  F082         	goto	u5141
  8605   010542  EFA6  F082         	goto	u5140
  8606   010546                     u5141:
  8607   010546  0E01               	movlw	1
  8608   010548  EFA7  F082         	goto	u5150
  8609   01054C                     u5140:
  8610   01054C  0E00               	movlw	0
  8611   01054E                     u5150:
  8612   01054E  ECD9  F088         	call	_CMN_vidManageAssert
  8613   010552                     
  8614                           ;src/DRIVERS/LCD/Core/LCD.c: 540:       memset(pstrThisData->pau8DataBuffer, 0, pstrThis
      +                          Data->u16DataSize);
  8615   010552  0100               	movlb	0	; () banked
  8616   010554  51AE               	movf	LCD_vidInitialize@pstrThisData& (0+255),w,b
  8617   010556  6ED9               	movwf	fsr2l,c
  8618   010558  6ADA               	clrf	fsr2h,c
  8619   01055A  0E06               	movlw	6
  8620   01055C  26D9               	addwf	fsr2l,f,c
  8621   01055E  CFDE F00E          	movff	postinc2,memset@dest
  8622   010562  CFDD F00F          	movff	postdec2,memset@dest+1
  8623   010566  0E00               	movlw	0
  8624   010568  6E11               	movwf	(memset@c+1)^0,c
  8625   01056A  0E00               	movlw	0
  8626   01056C  6E10               	movwf	memset@c^0,c
  8627   01056E  51AE               	movf	LCD_vidInitialize@pstrThisData& (0+255),w,b
  8628   010570  6ED9               	movwf	fsr2l,c
  8629   010572  6ADA               	clrf	fsr2h,c
  8630   010574  0E08               	movlw	8
  8631   010576  26D9               	addwf	fsr2l,f,c
  8632   010578  CFDE F012          	movff	postinc2,memset@n
  8633   01057C  CFDD F013          	movff	postdec2,memset@n+1
  8634   010580  EC91  F08C         	call	_memset	;wreg free
  8635   010584                     l4775:
  8636                           
  8637                           ;src/DRIVERS/LCD/Core/LCD.c: 542:   }
  8638   010584  0100               	movlb	0	; () banked
  8639   010586  2BAD               	incf	LCD_vidInitialize@enuLcdId& (0+255),f,b
  8640   010588                     
  8641                           ; BSR set to: 0
  8642   010588  51AD               	movf	LCD_vidInitialize@enuLcdId& (0+255),w,b
  8643   01058A  0A80               	xorlw	128
  8644   01058C  0F7F               	addlw	-129
  8645   01058E  A0D8               	btfss	status,0,c
  8646   010590  EFCC  F082         	goto	u5161
  8647   010594  EFCE  F082         	goto	u5160
  8648   010598                     u5161:
  8649   010598  EF0E  F080         	goto	l4687
  8650   01059C                     u5160:
  8651   01059C                     
  8652                           ; BSR set to: 0
  8653   01059C  0012               	return		;funcret
  8654   01059E                     __end_of_LCD_vidInitialize:
  8655                           	callstack 0
  8656                           
  8657 ;; *************** function _memset *****************
  8658 ;; Defined at:
  8659 ;;		line 3 in file "C:\Program Files\Microchip\xc8\v2.50\pic\sources\c99\common\memset.c"
  8660 ;; Parameters:    Size  Location     Type
  8661 ;;  dest            2   13[COMRAM] PTR void 
  8662 ;;		 -> __heap_hi(0), NULL(0), 
  8663 ;;  c               2   15[COMRAM] int 
  8664 ;;  n               2   17[COMRAM] unsigned int 
  8665 ;; Auto vars:     Size  Location     Type
  8666 ;;  p               2   19[COMRAM] PTR unsigned char 
  8667 ;;		 -> __heap_hi(0), NULL(0), 
  8668 ;; Return value:  Size  Location     Type
  8669 ;;                  2   13[COMRAM] PTR void 
  8670 ;; Registers used:
  8671 ;;		wreg, fsr2l, fsr2h, status,2, status,0
  8672 ;; Tracked objects:
  8673 ;;		On entry : 0/0
  8674 ;;		On exit  : 0/0
  8675 ;;		Unchanged: 0/0
  8676 ;; Data sizes:     COMRAM   BANK0   BANK1   BANK2   BANK3   BANK4   BANK5   BANK6   BANK7   BANK8   BANK9  BANK10  BANK1
      +1  BANK12  BANK14
  8677 ;;      Params:         6       0       0       0       0       0       0       0       0       0       0       0       
      +0       0       0
  8678 ;;      Locals:         2       0       0       0       0       0       0       0       0       0       0       0       
      +0       0       0
  8679 ;;      Temps:          0       0       0       0       0       0       0       0       0       0       0       0       
      +0       0       0
  8680 ;;      Totals:         8       0       0       0       0       0       0       0       0       0       0       0       
      +0       0       0
  8681 ;;Total ram usage:        8 bytes
  8682 ;; Hardware stack levels used: 1
  8683 ;; Hardware stack levels required when called: 2
  8684 ;; This function calls:
  8685 ;;		Nothing
  8686 ;; This function is called by:
  8687 ;;		_LCD_vidInitialize
  8688 ;; This function uses a non-reentrant model
  8689 ;;
  8690                           
  8691                           	psect	text4
  8692   011922                     __ptext4:
  8693                           	callstack 0
  8694   011922                     _memset:
  8695                           	callstack 27
  8696   011922  C00E  F014         	movff	memset@dest,memset@p
  8697   011926  C00F  F015         	movff	memset@dest+1,memset@p+1
  8698   01192A  EF9F  F08C         	goto	l3461
  8699   01192E                     l3457:
  8700   01192E  C014  FFD9         	movff	memset@p,fsr2l
  8701   011932  C015  FFDA         	movff	memset@p+1,fsr2h
  8702   011936  C010  FFDF         	movff	memset@c,indf2
  8703   01193A  4A14               	infsnz	memset@p^0,f,c
  8704   01193C  2A15               	incf	(memset@p+1)^0,f,c
  8705   01193E                     l3461:
  8706   01193E  0612               	decf	memset@n^0,f,c
  8707   011940  A0D8               	btfss	status,0,c
  8708   011942  0613               	decf	(memset@n+1)^0,f,c
  8709   011944  2812               	incf	memset@n^0,w,c
  8710   011946  E106               	bnz	u3041
  8711   011948  2813               	incf	(memset@n+1)^0,w,c
  8712   01194A  A4D8               	btfss	status,2,c
  8713   01194C  EFAA  F08C         	goto	u3041
  8714   011950  EFAC  F08C         	goto	u3040
  8715   011954                     u3041:
  8716   011954  EF97  F08C         	goto	l3457
  8717   011958                     u3040:
  8718   011958  0012               	return		;funcret
  8719   01195A                     __end_of_memset:
  8720                           	callstack 0
  8721                           
  8722 ;; *************** function _malloc *****************
  8723 ;; Defined at:
  8724 ;;		line 16 in file "C:\Program Files\Microchip\xc8\v2.50\pic\sources\c99\common\lite_malloc.c"
  8725 ;; Parameters:    Size  Location     Type
  8726 ;;  n               2   34[COMRAM] unsigned int 
  8727 ;; Auto vars:     Size  Location     Type
  8728 ;;  sz              2   41[COMRAM] PTR unsigned int 
  8729 ;;		 -> __heap_hi(0), NULL(0), 
  8730 ;;  new             2   45[COMRAM] PTR unsigned char 
  8731 ;;		 -> __heap_hi(0), NULL(0), 
  8732 ;;  m               2   39[COMRAM] unsigned int 
  8733 ;;  p               2   43[COMRAM] PTR void 
  8734 ;;		 -> __heap_hi(0), NULL(0), 
  8735 ;;  size            2    0        unsigned int 
  8736 ;; Return value:  Size  Location     Type
  8737 ;;                  2   34[COMRAM] PTR void 
  8738 ;; Registers used:
  8739 ;;		wreg, fsr1l, fsr1h, fsr2l, fsr2h, status,2, status,0, cstack
  8740 ;; Tracked objects:
  8741 ;;		On entry : 0/0
  8742 ;;		On exit  : 0/0
  8743 ;;		Unchanged: 0/0
  8744 ;; Data sizes:     COMRAM   BANK0   BANK1   BANK2   BANK3   BANK4   BANK5   BANK6   BANK7   BANK8   BANK9  BANK10  BANK1
      +1  BANK12  BANK14
  8745 ;;      Params:         3       0       0       0       0       0       0       0       0       0       0       0       
      +0       0       0
  8746 ;;      Locals:         8       0       0       0       0       0       0       0       0       0       0       0       
      +0       0       0
  8747 ;;      Temps:          2       0       0       0       0       0       0       0       0       0       0       0       
      +0       0       0
  8748 ;;      Totals:        13       0       0       0       0       0       0       0       0       0       0       0       
      +0       0       0
  8749 ;;Total ram usage:       13 bytes
  8750 ;; Hardware stack levels used: 1
  8751 ;; Hardware stack levels required when called: 3
  8752 ;; This function calls:
  8753 ;;		___expand_heap
  8754 ;;		___simple_search_fl
  8755 ;; This function is called by:
  8756 ;;		_LCD_vidInitialize
  8757 ;; This function uses a non-reentrant model
  8758 ;;
  8759                           
  8760                           	psect	text5
  8761   010B76                     __ptext5:
  8762                           	callstack 0
  8763   010B76                     _malloc:
  8764                           	callstack 26
  8765   010B76  5023               	movf	malloc@n^0,w,c
  8766   010B78  1024               	iorwf	(malloc@n+1)^0,w,c
  8767   010B7A  A4D8               	btfss	status,2,c
  8768   010B7C  EFC2  F085         	goto	u2971
  8769   010B80  EFC4  F085         	goto	u2970
  8770   010B84                     u2971:
  8771   010B84  EFC6  F085         	goto	l3407
  8772   010B88                     u2970:
  8773   010B88  4A23               	infsnz	malloc@n^0,f,c
  8774   010B8A  2A24               	incf	(malloc@n+1)^0,f,c
  8775   010B8C                     l3407:
  8776   010B8C  5024               	movf	(malloc@n+1)^0,w,c
  8777   010B8E  E107               	bnz	u2981
  8778   010B90  0E03               	movlw	3
  8779   010B92  5C23               	subwf	malloc@n^0,w,c
  8780   010B94  B0D8               	btfsc	status,0,c
  8781   010B96  EFCF  F085         	goto	u2981
  8782   010B9A  EFD1  F085         	goto	u2980
  8783   010B9E                     u2981:
  8784   010B9E  EFD7  F085         	goto	l3411
  8785   010BA2                     u2980:
  8786   010BA2  0E00               	movlw	0
  8787   010BA4  6E24               	movwf	(malloc@n+1)^0,c
  8788   010BA6  0E03               	movlw	3
  8789   010BA8  6E23               	movwf	malloc@n^0,c
  8790   010BAA  EFF1  F085         	goto	l3419
  8791   010BAE                     l3411:
  8792   010BAE  1C23               	comf	malloc@n^0,w,c
  8793   010BB0  6E26               	movwf	??_malloc^0,c
  8794   010BB2  1C24               	comf	(malloc@n+1)^0,w,c
  8795   010BB4  6E27               	movwf	(??_malloc+1)^0,c
  8796   010BB6  5027               	movf	(??_malloc+1)^0,w,c
  8797   010BB8  E107               	bnz	u2991
  8798   010BBA  0E02               	movlw	2
  8799   010BBC  5C26               	subwf	??_malloc^0,w,c
  8800   010BBE  B0D8               	btfsc	status,0,c
  8801   010BC0  EFE4  F085         	goto	u2991
  8802   010BC4  EFE6  F085         	goto	u2990
  8803   010BC8                     u2991:
  8804   010BC8  EFF1  F085         	goto	l3419
  8805   010BCC                     u2990:
  8806   010BCC  0E00               	movlw	0
  8807   010BCE  0100               	movlb	0	; () banked
  8808   010BD0  6F92               	movwf	(_errno+1)& (0+255),b
  8809   010BD2  0E0C               	movlw	12
  8810   010BD4  6F91               	movwf	_errno& (0+255),b
  8811   010BD6                     l3415:
  8812   010BD6  0E00               	movlw	0
  8813   010BD8  6E23               	movwf	?_malloc^0,c
  8814   010BDA  0E00               	movlw	0
  8815   010BDC  6E24               	movwf	(?_malloc+1)^0,c
  8816   010BDE  EF6A  F086         	goto	l1272
  8817   010BE2                     l3419:
  8818   010BE2  C023  F00E         	movff	malloc@n,___simple_search_fl@n
  8819   010BE6  C024  F00F         	movff	malloc@n+1,___simple_search_fl@n+1
  8820   010BEA  EC80  F084         	call	___simple_search_fl	;wreg free
  8821   010BEE  C00E  F02C         	movff	?___simple_search_fl,malloc@p
  8822   010BF2  C00F  F02D         	movff	?___simple_search_fl+1,malloc@p+1
  8823   010BF6  502C               	movf	malloc@p^0,w,c
  8824   010BF8  102D               	iorwf	(malloc@p+1)^0,w,c
  8825   010BFA  A4D8               	btfss	status,2,c
  8826   010BFC  EF02  F086         	goto	u3001
  8827   010C00  EF04  F086         	goto	u3000
  8828   010C04                     u3001:
  8829   010C04  EF66  F086         	goto	l3451
  8830   010C08                     u3000:
  8831   010C08  504E               	movf	malloc@cur^0,w,c
  8832   010C0A  5C4C               	subwf	malloc@end^0,w,c
  8833   010C0C  6E26               	movwf	??_malloc^0,c
  8834   010C0E  504F               	movf	(malloc@cur+1)^0,w,c
  8835   010C10  584D               	subwfb	(malloc@end+1)^0,w,c
  8836   010C12  6E27               	movwf	(??_malloc+1)^0,c
  8837   010C14  5023               	movf	malloc@n^0,w,c
  8838   010C16  5C26               	subwf	??_malloc^0,w,c
  8839   010C18  5024               	movf	(malloc@n+1)^0,w,c
  8840   010C1A  5827               	subwfb	(??_malloc+1)^0,w,c
  8841   010C1C  B0D8               	btfsc	status,0,c
  8842   010C1E  EF13  F086         	goto	u3011
  8843   010C22  EF15  F086         	goto	u3010
  8844   010C26                     u3011:
  8845   010C26  EF44  F086         	goto	l1274
  8846   010C2A                     u3010:
  8847   010C2A  0E02               	movlw	2
  8848   010C2C  2423               	addwf	malloc@n^0,w,c
  8849   010C2E  6E28               	movwf	malloc@m^0,c
  8850   010C30  0E00               	movlw	0
  8851   010C32  2024               	addwfc	(malloc@n+1)^0,w,c
  8852   010C34  6E29               	movwf	(malloc@m+1)^0,c
  8853   010C36  0E28               	movlw	low malloc@m
  8854   010C38  6E0E               	movwf	___expand_heap@pn^0,c
  8855   010C3A  EC31  F089         	call	___expand_heap	;wreg free
  8856   010C3E  C00E  F02E         	movff	?___expand_heap,malloc@new
  8857   010C42  C00F  F02F         	movff	?___expand_heap+1,malloc@new+1
  8858   010C46  502E               	movf	malloc@new^0,w,c
  8859   010C48  102F               	iorwf	(malloc@new+1)^0,w,c
  8860   010C4A  A4D8               	btfss	status,2,c
  8861   010C4C  EF2A  F086         	goto	u3021
  8862   010C50  EF2C  F086         	goto	u3020
  8863   010C54                     u3021:
  8864   010C54  EF2E  F086         	goto	l3437
  8865   010C58                     u3020:
  8866   010C58  EFEB  F085         	goto	l3415
  8867   010C5C                     l3437:
  8868   010C5C  504C               	movf	malloc@end^0,w,c
  8869   010C5E  182E               	xorwf	malloc@new^0,w,c
  8870   010C60  E109               	bnz	u3030
  8871   010C62  504D               	movf	(malloc@end+1)^0,w,c
  8872   010C64  182F               	xorwf	(malloc@new+1)^0,w,c
  8873   010C66  B4D8               	btfsc	status,2,c
  8874   010C68  EF38  F086         	goto	u3031
  8875   010C6C  EF3A  F086         	goto	u3030
  8876   010C70                     u3031:
  8877   010C70  EF3E  F086         	goto	l1276
  8878   010C74                     u3030:
  8879   010C74  C02E  F04E         	movff	malloc@new,malloc@cur
  8880   010C78  C02F  F04F         	movff	malloc@new+1,malloc@cur+1
  8881   010C7C                     l1276:
  8882   010C7C  5028               	movf	malloc@m^0,w,c
  8883   010C7E  242E               	addwf	malloc@new^0,w,c
  8884   010C80  6E4C               	movwf	malloc@end^0,c
  8885   010C82  5029               	movf	(malloc@m+1)^0,w,c
  8886   010C84  202F               	addwfc	(malloc@new+1)^0,w,c
  8887   010C86  6E4D               	movwf	(malloc@end+1)^0,c
  8888   010C88                     l1274:
  8889   010C88  C04E  F02C         	movff	malloc@cur,malloc@p
  8890   010C8C  C04F  F02D         	movff	malloc@cur+1,malloc@p+1
  8891   010C90  C02C  F02A         	movff	malloc@p,malloc@sz
  8892   010C94  C02D  F02B         	movff	malloc@p+1,malloc@sz+1
  8893   010C98  C02A  FFD9         	movff	malloc@sz,fsr2l
  8894   010C9C  C02B  FFDA         	movff	malloc@sz+1,fsr2h
  8895   010CA0  C023  FFDE         	movff	malloc@n,postinc2
  8896   010CA4  C024  FFDD         	movff	malloc@n+1,postdec2
  8897   010CA8  0E02               	movlw	2
  8898   010CAA  262A               	addwf	malloc@sz^0,f,c
  8899   010CAC  0E00               	movlw	0
  8900   010CAE  222B               	addwfc	(malloc@sz+1)^0,f,c
  8901   010CB0  C02A  F02C         	movff	malloc@sz,malloc@p
  8902   010CB4  C02B  F02D         	movff	malloc@sz+1,malloc@p+1
  8903   010CB8  0E02               	movlw	2
  8904   010CBA  2423               	addwf	malloc@n^0,w,c
  8905   010CBC  6E26               	movwf	??_malloc^0,c
  8906   010CBE  0E00               	movlw	0
  8907   010CC0  2024               	addwfc	(malloc@n+1)^0,w,c
  8908   010CC2  6E27               	movwf	(??_malloc+1)^0,c
  8909   010CC4  5026               	movf	??_malloc^0,w,c
  8910   010CC6  264E               	addwf	malloc@cur^0,f,c
  8911   010CC8  5027               	movf	(??_malloc+1)^0,w,c
  8912   010CCA  224F               	addwfc	(malloc@cur+1)^0,f,c
  8913   010CCC                     l3451:
  8914   010CCC  C02C  F023         	movff	malloc@p,?_malloc
  8915   010CD0  C02D  F024         	movff	malloc@p+1,?_malloc+1
  8916   010CD4                     l1272:
  8917   010CD4  0012               	return		;funcret
  8918   010CD6                     __end_of_malloc:
  8919                           	callstack 0
  8920                           
  8921 ;; *************** function ___simple_search_fl *****************
  8922 ;; Defined at:
  8923 ;;		line 19 in file "C:\Program Files\Microchip\xc8\v2.50\pic\sources\c99\common\lite_free.c"
  8924 ;; Parameters:    Size  Location     Type
  8925 ;;  n               2   13[COMRAM] unsigned int 
  8926 ;; Auto vars:     Size  Location     Type
  8927 ;;  split           2   24[COMRAM] PTR struct chunk
  8928 ;;		 -> NULL(0), 
  8929 ;;  remaining_si    2   20[COMRAM] unsigned int 
  8930 ;;  next            2   28[COMRAM] PTR struct chunk
  8931 ;;		 -> NULL(0), 
  8932 ;;  best            2   32[COMRAM] PTR struct chunk
  8933 ;;		 -> NULL(0), 
  8934 ;;  c               2   30[COMRAM] PTR struct chunk
  8935 ;;		 -> NULL(0), 
  8936 ;;  last            2   26[COMRAM] PTR struct chunk
  8937 ;;		 -> NULL(0), 
  8938 ;;  best_last       2   22[COMRAM] PTR struct chunk
  8939 ;;		 -> NULL(0), 
  8940 ;; Return value:  Size  Location     Type
  8941 ;;                  2   13[COMRAM] PTR void 
  8942 ;; Registers used:
  8943 ;;		wreg, fsr1l, fsr1h, fsr2l, fsr2h, status,2, status,0
  8944 ;; Tracked objects:
  8945 ;;		On entry : 0/0
  8946 ;;		On exit  : 0/0
  8947 ;;		Unchanged: 0/0
  8948 ;; Data sizes:     COMRAM   BANK0   BANK1   BANK2   BANK3   BANK4   BANK5   BANK6   BANK7   BANK8   BANK9  BANK10  BANK1
      +1  BANK12  BANK14
  8949 ;;      Params:         3       0       0       0       0       0       0       0       0       0       0       0       
      +0       0       0
  8950 ;;      Locals:        14       0       0       0       0       0       0       0       0       0       0       0       
      +0       0       0
  8951 ;;      Temps:          4       0       0       0       0       0       0       0       0       0       0       0       
      +0       0       0
  8952 ;;      Totals:        21       0       0       0       0       0       0       0       0       0       0       0       
      +0       0       0
  8953 ;;Total ram usage:       21 bytes
  8954 ;; Hardware stack levels used: 1
  8955 ;; Hardware stack levels required when called: 2
  8956 ;; This function calls:
  8957 ;;		Nothing
  8958 ;; This function is called by:
  8959 ;;		_malloc
  8960 ;; This function uses a non-reentrant model
  8961 ;;
  8962                           
  8963                           	psect	text6
  8964   010900                     __ptext6:
  8965                           	callstack 0
  8966   010900                     ___simple_search_fl:
  8967                           	callstack 26
  8968   010900  0E00               	movlw	0
  8969   010902  6E21               	movwf	___simple_search_fl@best^0,c
  8970   010904  0E00               	movlw	0
  8971   010906  6E22               	movwf	(___simple_search_fl@best+1)^0,c
  8972   010908  0E00               	movlw	0
  8973   01090A  6E17               	movwf	___simple_search_fl@best_last^0,c
  8974   01090C  0E00               	movlw	0
  8975   01090E  6E18               	movwf	(___simple_search_fl@best_last+1)^0,c
  8976   010910  0E00               	movlw	0
  8977   010912  6E1B               	movwf	___simple_search_fl@last^0,c
  8978   010914  0E00               	movlw	0
  8979   010916  6E1C               	movwf	(___simple_search_fl@last+1)^0,c
  8980   010918  5048               	movf	___freelist^0,w,c
  8981   01091A  1049               	iorwf	(___freelist+1)^0,w,c
  8982   01091C  A4D8               	btfss	status,2,c
  8983   01091E  EF93  F084         	goto	u2791
  8984   010922  EF95  F084         	goto	u2790
  8985   010926                     u2791:
  8986   010926  EF9B  F084         	goto	l3259
  8987   01092A                     u2790:
  8988   01092A                     l3255:
  8989   01092A  0E00               	movlw	0
  8990   01092C  6E0E               	movwf	?___simple_search_fl^0,c
  8991   01092E  0E00               	movlw	0
  8992   010930  6E0F               	movwf	(?___simple_search_fl+1)^0,c
  8993   010932  EFBA  F085         	goto	l1301
  8994   010936                     l3259:
  8995   010936  C048  F01F         	movff	___freelist,___simple_search_fl@c
  8996   01093A  C049  F020         	movff	___freelist+1,___simple_search_fl@c+1
  8997   01093E  EF21  F085         	goto	l3285
  8998   010942                     l3261:
  8999   010942  C01F  FFD9         	movff	___simple_search_fl@c,fsr2l
  9000   010946  C020  FFDA         	movff	___simple_search_fl@c+1,fsr2h
  9001   01094A  500E               	movf	___simple_search_fl@n^0,w,c
  9002   01094C  18DE               	xorwf	postinc2,w,c
  9003   01094E  E107               	bnz	u2801
  9004   010950  500F               	movf	(___simple_search_fl@n+1)^0,w,c
  9005   010952  18DE               	xorwf	postinc2,w,c
  9006   010954  A4D8               	btfss	status,2,c
  9007   010956  EFAF  F084         	goto	u2801
  9008   01095A  EFB1  F084         	goto	u2800
  9009   01095E                     u2801:
  9010   01095E  EFDE  F084         	goto	l3273
  9011   010962                     u2800:
  9012   010962  501B               	movf	___simple_search_fl@last^0,w,c
  9013   010964  101C               	iorwf	(___simple_search_fl@last+1)^0,w,c
  9014   010966  B4D8               	btfsc	status,2,c
  9015   010968  EFB8  F084         	goto	u2811
  9016   01096C  EFBA  F084         	goto	u2810
  9017   010970                     u2811:
  9018   010970  EFCC  F084         	goto	l3267
  9019   010974                     u2810:
  9020   010974  EE20 F002          	lfsr	2,2
  9021   010978  501F               	movf	___simple_search_fl@c^0,w,c
  9022   01097A  26D9               	addwf	fsr2l,f,c
  9023   01097C  5020               	movf	(___simple_search_fl@c+1)^0,w,c
  9024   01097E  22DA               	addwfc	fsr2h,f,c
  9025   010980  EE10 F002          	lfsr	1,2
  9026   010984  501B               	movf	___simple_search_fl@last^0,w,c
  9027   010986  26E1               	addwf	fsr1l,f,c
  9028   010988  501C               	movf	(___simple_search_fl@last+1)^0,w,c
  9029   01098A  22E2               	addwfc	fsr1h,f,c
  9030   01098C  CFDE FFE6          	movff	postinc2,postinc1
  9031   010990  CFDD FFE5          	movff	postdec2,postdec1
  9032   010994  EFD6  F084         	goto	l3269
  9033   010998                     l3267:
  9034   010998  EE20 F002          	lfsr	2,2
  9035   01099C  501F               	movf	___simple_search_fl@c^0,w,c
  9036   01099E  26D9               	addwf	fsr2l,f,c
  9037   0109A0  5020               	movf	(___simple_search_fl@c+1)^0,w,c
  9038   0109A2  22DA               	addwfc	fsr2h,f,c
  9039   0109A4  CFDE F048          	movff	postinc2,___freelist
  9040   0109A8  CFDD F049          	movff	postdec2,___freelist+1
  9041   0109AC                     l3269:
  9042   0109AC  0E02               	movlw	2
  9043   0109AE  241F               	addwf	___simple_search_fl@c^0,w,c
  9044   0109B0  6E0E               	movwf	?___simple_search_fl^0,c
  9045   0109B2  0E00               	movlw	0
  9046   0109B4  2020               	addwfc	(___simple_search_fl@c+1)^0,w,c
  9047   0109B6  6E0F               	movwf	(?___simple_search_fl+1)^0,c
  9048   0109B8  EFBA  F085         	goto	l1301
  9049   0109BC                     l3273:
  9050   0109BC  C01F  FFD9         	movff	___simple_search_fl@c,fsr2l
  9051   0109C0  C020  FFDA         	movff	___simple_search_fl@c+1,fsr2h
  9052   0109C4  50DE               	movf	postinc2,w,c
  9053   0109C6  5C0E               	subwf	___simple_search_fl@n^0,w,c
  9054   0109C8  50DE               	movf	postinc2,w,c
  9055   0109CA  580F               	subwfb	(___simple_search_fl@n+1)^0,w,c
  9056   0109CC  B0D8               	btfsc	status,0,c
  9057   0109CE  EFEB  F084         	goto	u2821
  9058   0109D2  EFED  F084         	goto	u2820
  9059   0109D6                     u2821:
  9060   0109D6  EF13  F085         	goto	l1309
  9061   0109DA                     u2820:
  9062   0109DA  5021               	movf	___simple_search_fl@best^0,w,c
  9063   0109DC  1022               	iorwf	(___simple_search_fl@best+1)^0,w,c
  9064   0109DE  B4D8               	btfsc	status,2,c
  9065   0109E0  EFF4  F084         	goto	u2831
  9066   0109E4  EFF6  F084         	goto	u2830
  9067   0109E8                     u2831:
  9068   0109E8  EF0B  F085         	goto	l3281
  9069   0109EC                     u2830:
  9070   0109EC  C021  FFD9         	movff	___simple_search_fl@best,fsr2l
  9071   0109F0  C022  FFDA         	movff	___simple_search_fl@best+1,fsr2h
  9072   0109F4  C01F  FFE1         	movff	___simple_search_fl@c,fsr1l
  9073   0109F8  C020  FFE2         	movff	___simple_search_fl@c+1,fsr1h
  9074   0109FC  50DE               	movf	postinc2,w,c
  9075   0109FE  5CE6               	subwf	postinc1,w,c
  9076   010A00  50DE               	movf	postinc2,w,c
  9077   010A02  58E6               	subwfb	postinc1,w,c
  9078   010A04  A0D8               	btfss	status,0,c
  9079   010A06  EF07  F085         	goto	u2841
  9080   010A0A  EF09  F085         	goto	u2840
  9081   010A0E                     u2841:
  9082   010A0E  EF0B  F085         	goto	l3281
  9083   010A12                     u2840:
  9084   010A12  EF13  F085         	goto	l1309
  9085   010A16                     l3281:
  9086   010A16  C01F  F021         	movff	___simple_search_fl@c,___simple_search_fl@best
  9087   010A1A  C020  F022         	movff	___simple_search_fl@c+1,___simple_search_fl@best+1
  9088   010A1E  C01B  F017         	movff	___simple_search_fl@last,___simple_search_fl@best_last
  9089   010A22  C01C  F018         	movff	___simple_search_fl@last+1,___simple_search_fl@best_last+1
  9090   010A26                     l1309:
  9091   010A26  C01F  F01B         	movff	___simple_search_fl@c,___simple_search_fl@last
  9092   010A2A  C020  F01C         	movff	___simple_search_fl@c+1,___simple_search_fl@last+1
  9093   010A2E  EE20 F002          	lfsr	2,2
  9094   010A32  501F               	movf	___simple_search_fl@c^0,w,c
  9095   010A34  26D9               	addwf	fsr2l,f,c
  9096   010A36  5020               	movf	(___simple_search_fl@c+1)^0,w,c
  9097   010A38  22DA               	addwfc	fsr2h,f,c
  9098   010A3A  CFDE F01F          	movff	postinc2,___simple_search_fl@c
  9099   010A3E  CFDD F020          	movff	postdec2,___simple_search_fl@c+1
  9100   010A42                     l3285:
  9101   010A42  501F               	movf	___simple_search_fl@c^0,w,c
  9102   010A44  1020               	iorwf	(___simple_search_fl@c+1)^0,w,c
  9103   010A46  A4D8               	btfss	status,2,c
  9104   010A48  EF28  F085         	goto	u2851
  9105   010A4C  EF2A  F085         	goto	u2850
  9106   010A50                     u2851:
  9107   010A50  EFA1  F084         	goto	l3261
  9108   010A54                     u2850:
  9109   010A54  5021               	movf	___simple_search_fl@best^0,w,c
  9110   010A56  1022               	iorwf	(___simple_search_fl@best+1)^0,w,c
  9111   010A58  B4D8               	btfsc	status,2,c
  9112   010A5A  EF31  F085         	goto	u2861
  9113   010A5E  EF33  F085         	goto	u2860
  9114   010A62                     u2861:
  9115   010A62  EF95  F084         	goto	l3255
  9116   010A66                     u2860:
  9117   010A66  EE20 F002          	lfsr	2,2
  9118   010A6A  5021               	movf	___simple_search_fl@best^0,w,c
  9119   010A6C  26D9               	addwf	fsr2l,f,c
  9120   010A6E  5022               	movf	(___simple_search_fl@best+1)^0,w,c
  9121   010A70  22DA               	addwfc	fsr2h,f,c
  9122   010A72  CFDE F01D          	movff	postinc2,___simple_search_fl@next
  9123   010A76  CFDD F01E          	movff	postdec2,___simple_search_fl@next+1
  9124   010A7A  C021  FFD9         	movff	___simple_search_fl@best,fsr2l
  9125   010A7E  C022  FFDA         	movff	___simple_search_fl@best+1,fsr2h
  9126   010A82  CFDE F011          	movff	postinc2,??___simple_search_fl
  9127   010A86  CFDD F012          	movff	postdec2,??___simple_search_fl+1
  9128   010A8A  500E               	movf	___simple_search_fl@n^0,w,c
  9129   010A8C  5E11               	subwf	??___simple_search_fl^0,f,c
  9130   010A8E  500F               	movf	(___simple_search_fl@n+1)^0,w,c
  9131   010A90  5A12               	subwfb	(??___simple_search_fl+1)^0,f,c
  9132   010A92  5012               	movf	(??___simple_search_fl+1)^0,w,c
  9133   010A94  E109               	bnz	u2870
  9134   010A96  0E05               	movlw	5
  9135   010A98  5C11               	subwf	??___simple_search_fl^0,w,c
  9136   010A9A  A0D8               	btfss	status,0,c
  9137   010A9C  EF52  F085         	goto	u2871
  9138   010AA0  EF54  F085         	goto	u2870
  9139   010AA4                     u2871:
  9140   010AA4  EF98  F085         	goto	l1312
  9141   010AA8                     u2870:
  9142   010AA8  C021  FFD9         	movff	___simple_search_fl@best,fsr2l
  9143   010AAC  C022  FFDA         	movff	___simple_search_fl@best+1,fsr2h
  9144   010AB0  CFDE F011          	movff	postinc2,??___simple_search_fl
  9145   010AB4  CFDD F012          	movff	postdec2,??___simple_search_fl+1
  9146   010AB8  500E               	movf	___simple_search_fl@n^0,w,c
  9147   010ABA  5E11               	subwf	??___simple_search_fl^0,f,c
  9148   010ABC  500F               	movf	(___simple_search_fl@n+1)^0,w,c
  9149   010ABE  5A12               	subwfb	(??___simple_search_fl+1)^0,f,c
  9150   010AC0  0EFE               	movlw	254
  9151   010AC2  2411               	addwf	??___simple_search_fl^0,w,c
  9152   010AC4  6E15               	movwf	___simple_search_fl@remaining_size^0,c
  9153   010AC6  0EFF               	movlw	255
  9154   010AC8  2012               	addwfc	(??___simple_search_fl+1)^0,w,c
  9155   010ACA  6E16               	movwf	(___simple_search_fl@remaining_size+1)^0,c
  9156   010ACC  C021  FFD9         	movff	___simple_search_fl@best,fsr2l
  9157   010AD0  C022  FFDA         	movff	___simple_search_fl@best+1,fsr2h
  9158   010AD4  C00E  FFDE         	movff	___simple_search_fl@n,postinc2
  9159   010AD8  C00F  FFDD         	movff	___simple_search_fl@n+1,postdec2
  9160   010ADC  C021  FFD9         	movff	___simple_search_fl@best,fsr2l
  9161   010AE0  C022  FFDA         	movff	___simple_search_fl@best+1,fsr2h
  9162   010AE4  CFDE F011          	movff	postinc2,??___simple_search_fl
  9163   010AE8  CFDD F012          	movff	postdec2,??___simple_search_fl+1
  9164   010AEC  5011               	movf	??___simple_search_fl^0,w,c
  9165   010AEE  2421               	addwf	___simple_search_fl@best^0,w,c
  9166   010AF0  6E13               	movwf	(??___simple_search_fl+2)^0,c
  9167   010AF2  5012               	movf	(??___simple_search_fl+1)^0,w,c
  9168   010AF4  2022               	addwfc	(___simple_search_fl@best+1)^0,w,c
  9169   010AF6  6E14               	movwf	(??___simple_search_fl+3)^0,c
  9170   010AF8  0E02               	movlw	2
  9171   010AFA  2413               	addwf	(??___simple_search_fl+2)^0,w,c
  9172   010AFC  6E19               	movwf	___simple_search_fl@split^0,c
  9173   010AFE  0E00               	movlw	0
  9174   010B00  2014               	addwfc	(??___simple_search_fl+3)^0,w,c
  9175   010B02  6E1A               	movwf	(___simple_search_fl@split+1)^0,c
  9176   010B04  C019  FFD9         	movff	___simple_search_fl@split,fsr2l
  9177   010B08  C01A  FFDA         	movff	___simple_search_fl@split+1,fsr2h
  9178   010B0C  C015  FFDE         	movff	___simple_search_fl@remaining_size,postinc2
  9179   010B10  C016  FFDD         	movff	___simple_search_fl@remaining_size+1,postdec2
  9180   010B14  EE20 F002          	lfsr	2,2
  9181   010B18  5019               	movf	___simple_search_fl@split^0,w,c
  9182   010B1A  26D9               	addwf	fsr2l,f,c
  9183   010B1C  501A               	movf	(___simple_search_fl@split+1)^0,w,c
  9184   010B1E  22DA               	addwfc	fsr2h,f,c
  9185   010B20  C01D  FFDE         	movff	___simple_search_fl@next,postinc2
  9186   010B24  C01E  FFDD         	movff	___simple_search_fl@next+1,postdec2
  9187   010B28  C019  F01D         	movff	___simple_search_fl@split,___simple_search_fl@next
  9188   010B2C  C01A  F01E         	movff	___simple_search_fl@split+1,___simple_search_fl@next+1
  9189   010B30                     l1312:
  9190   010B30  5021               	movf	___simple_search_fl@best^0,w,c
  9191   010B32  1848               	xorwf	___freelist^0,w,c
  9192   010B34  E107               	bnz	u2881
  9193   010B36  5022               	movf	(___simple_search_fl@best+1)^0,w,c
  9194   010B38  1849               	xorwf	(___freelist+1)^0,w,c
  9195   010B3A  A4D8               	btfss	status,2,c
  9196   010B3C  EFA2  F085         	goto	u2881
  9197   010B40  EFA4  F085         	goto	u2880
  9198   010B44                     u2881:
  9199   010B44  EFAA  F085         	goto	l3301
  9200   010B48                     u2880:
  9201   010B48  C01D  F048         	movff	___simple_search_fl@next,___freelist
  9202   010B4C  C01E  F049         	movff	___simple_search_fl@next+1,___freelist+1
  9203   010B50  EFB4  F085         	goto	l3303
  9204   010B54                     l3301:
  9205   010B54  EE20 F002          	lfsr	2,2
  9206   010B58  5017               	movf	___simple_search_fl@best_last^0,w,c
  9207   010B5A  26D9               	addwf	fsr2l,f,c
  9208   010B5C  5018               	movf	(___simple_search_fl@best_last+1)^0,w,c
  9209   010B5E  22DA               	addwfc	fsr2h,f,c
  9210   010B60  C01D  FFDE         	movff	___simple_search_fl@next,postinc2
  9211   010B64  C01E  FFDD         	movff	___simple_search_fl@next+1,postdec2
  9212   010B68                     l3303:
  9213   010B68  0E02               	movlw	2
  9214   010B6A  2421               	addwf	___simple_search_fl@best^0,w,c
  9215   010B6C  6E0E               	movwf	?___simple_search_fl^0,c
  9216   010B6E  0E00               	movlw	0
  9217   010B70  2022               	addwfc	(___simple_search_fl@best+1)^0,w,c
  9218   010B72  6E0F               	movwf	(?___simple_search_fl+1)^0,c
  9219   010B74                     l1301:
  9220   010B74  0012               	return		;funcret
  9221   010B76                     __end_of___simple_search_fl:
  9222                           	callstack 0
  9223                           
  9224 ;; *************** function ___expand_heap *****************
  9225 ;; Defined at:
  9226 ;;		line 14 in file "C:\Program Files\Microchip\xc8\v2.50\pic\sources\c99\common\expand_heap.c"
  9227 ;; Parameters:    Size  Location     Type
  9228 ;;  pn              1   13[COMRAM] PTR unsigned int 
  9229 ;;		 -> malloc@m(2), 
  9230 ;; Auto vars:     Size  Location     Type
  9231 ;;  new_brkp        2   20[COMRAM] PTR unsigned char 
  9232 ;;		 -> __heap_hi(0), NULL(0), 
  9233 ;;  n               2   18[COMRAM] unsigned int 
  9234 ;; Return value:  Size  Location     Type
  9235 ;;                  2   13[COMRAM] PTR void 
  9236 ;; Registers used:
  9237 ;;		wreg, fsr2l, fsr2h, status,2, status,0
  9238 ;; Tracked objects:
  9239 ;;		On entry : 0/0
  9240 ;;		On exit  : 0/0
  9241 ;;		Unchanged: 0/0
  9242 ;; Data sizes:     COMRAM   BANK0   BANK1   BANK2   BANK3   BANK4   BANK5   BANK6   BANK7   BANK8   BANK9  BANK10  BANK1
      +1  BANK12  BANK14
  9243 ;;      Params:         3       0       0       0       0       0       0       0       0       0       0       0       
      +0       0       0
  9244 ;;      Locals:         4       0       0       0       0       0       0       0       0       0       0       0       
      +0       0       0
  9245 ;;      Temps:          2       0       0       0       0       0       0       0       0       0       0       0       
      +0       0       0
  9246 ;;      Totals:         9       0       0       0       0       0       0       0       0       0       0       0       
      +0       0       0
  9247 ;;Total ram usage:        9 bytes
  9248 ;; Hardware stack levels used: 1
  9249 ;; Hardware stack levels required when called: 2
  9250 ;; This function calls:
  9251 ;;		Nothing
  9252 ;; This function is called by:
  9253 ;;		_malloc
  9254 ;; This function uses a non-reentrant model
  9255 ;;
  9256                           
  9257                           	psect	text7
  9258   011262                     __ptext7:
  9259                           	callstack 0
  9260   011262                     ___expand_heap:
  9261                           	callstack 26
  9262   011262  500E               	movf	___expand_heap@pn^0,w,c
  9263   011264  6ED9               	movwf	fsr2l,c
  9264   011266  6ADA               	clrf	fsr2h,c
  9265   011268  CFDE F013          	movff	postinc2,___expand_heap@n
  9266   01126C  CFDD F014          	movff	postdec2,___expand_heap@n+1
  9267   011270  504A               	movf	_brkp^0,w,c
  9268   011272  104B               	iorwf	(_brkp+1)^0,w,c
  9269   011274  A4D8               	btfss	status,2,c
  9270   011276  EF3F  F089         	goto	u2891
  9271   01127A  EF41  F089         	goto	u2890
  9272   01127E                     u2891:
  9273   01127E  EF45  F089         	goto	l1290
  9274   011282                     u2890:
  9275   011282  0E00               	movlw	low ___heap_hi
  9276   011284  6E4A               	movwf	_brkp^0,c
  9277   011286  0E0D               	movlw	high ___heap_hi
  9278   011288  6E4B               	movwf	(_brkp+1)^0,c
  9279   01128A                     l1290:
  9280   01128A  5014               	movf	(___expand_heap@n+1)^0,w,c
  9281   01128C  E107               	bnz	u2901
  9282   01128E  0E05               	movlw	5
  9283   011290  5C13               	subwf	___expand_heap@n^0,w,c
  9284   011292  B0D8               	btfsc	status,0,c
  9285   011294  EF4E  F089         	goto	u2901
  9286   011298  EF50  F089         	goto	u2900
  9287   01129C                     u2901:
  9288   01129C  EF54  F089         	goto	l3319
  9289   0112A0                     u2900:
  9290   0112A0  0E00               	movlw	0
  9291   0112A2  6E14               	movwf	(___expand_heap@n+1)^0,c
  9292   0112A4  0E05               	movlw	5
  9293   0112A6  6E13               	movwf	___expand_heap@n^0,c
  9294   0112A8                     l3319:
  9295   0112A8  5013               	movf	___expand_heap@n^0,w,c
  9296   0112AA  5C4A               	subwf	_brkp^0,w,c
  9297   0112AC  6E15               	movwf	___expand_heap@new_brkp^0,c
  9298   0112AE  5014               	movf	(___expand_heap@n+1)^0,w,c
  9299   0112B0  584B               	subwfb	(_brkp+1)^0,w,c
  9300   0112B2  6E16               	movwf	(___expand_heap@new_brkp+1)^0,c
  9301   0112B4  0EB1               	movlw	low ___heap_lo
  9302   0112B6  6E11               	movwf	??___expand_heap^0,c
  9303   0112B8  0E00               	movlw	high ___heap_lo
  9304   0112BA  6E12               	movwf	(??___expand_heap+1)^0,c
  9305   0112BC  5011               	movf	??___expand_heap^0,w,c
  9306   0112BE  5C15               	subwf	___expand_heap@new_brkp^0,w,c
  9307   0112C0  5012               	movf	(??___expand_heap+1)^0,w,c
  9308   0112C2  5816               	subwfb	(___expand_heap@new_brkp+1)^0,w,c
  9309   0112C4  A0D8               	btfss	status,0,c
  9310   0112C6  EF67  F089         	goto	u2911
  9311   0112CA  EF69  F089         	goto	u2910
  9312   0112CE                     u2911:
  9313   0112CE  EF74  F089         	goto	l3325
  9314   0112D2                     u2910:
  9315   0112D2  504A               	movf	_brkp^0,w,c
  9316   0112D4  5C15               	subwf	___expand_heap@new_brkp^0,w,c
  9317   0112D6  504B               	movf	(_brkp+1)^0,w,c
  9318   0112D8  5816               	subwfb	(___expand_heap@new_brkp+1)^0,w,c
  9319   0112DA  A0D8               	btfss	status,0,c
  9320   0112DC  EF72  F089         	goto	u2921
  9321   0112E0  EF74  F089         	goto	u2920
  9322   0112E4                     u2921:
  9323   0112E4  EF7F  F089         	goto	l3331
  9324   0112E8                     u2920:
  9325   0112E8                     l3325:
  9326   0112E8  0E00               	movlw	0
  9327   0112EA  0100               	movlb	0	; () banked
  9328   0112EC  6F92               	movwf	(_errno+1)& (0+255),b
  9329   0112EE  0E0C               	movlw	12
  9330   0112F0  6F91               	movwf	_errno& (0+255),b
  9331   0112F2                     
  9332                           ; BSR set to: 0
  9333   0112F2  0E00               	movlw	0
  9334   0112F4  6E0E               	movwf	?___expand_heap^0,c
  9335   0112F6  0E00               	movlw	0
  9336   0112F8  6E0F               	movwf	(?___expand_heap+1)^0,c
  9337   0112FA  EF87  F089         	goto	l1295
  9338   0112FE                     l3331:
  9339   0112FE  C015  F04A         	movff	___expand_heap@new_brkp,_brkp
  9340   011302  C016  F04B         	movff	___expand_heap@new_brkp+1,_brkp+1
  9341   011306  C04A  F00E         	movff	_brkp,?___expand_heap
  9342   01130A  C04B  F00F         	movff	_brkp+1,?___expand_heap+1
  9343   01130E                     l1295:
  9344   01130E  0012               	return		;funcret
  9345   011310                     __end_of___expand_heap:
  9346                           	callstack 0
  9347                           
  9348 ;; *************** function _bSetDisplayOn *****************
  9349 ;; Defined at:
  9350 ;;		line 376 in file "src/DRIVERS/LCD/Core/LCD.c"
  9351 ;; Parameters:    Size  Location     Type
  9352 ;;  kenuDeviceId    1    wreg     const enum E13457
  9353 ;;  bSetToOn        1   46[COMRAM] const _Bool 
  9354 ;; Auto vars:     Size  Location     Type
  9355 ;;  kenuDeviceId    1   48[COMRAM] const enum E13457
  9356 ;;  bReturnCode     1   47[COMRAM] _Bool 
  9357 ;; Return value:  Size  Location     Type
  9358 ;;                  1    wreg      _Bool 
  9359 ;; Registers used:
  9360 ;;		wreg, fsr2l, fsr2h, status,2, status,0, tblptrl, tblptrh, tblptru, prodl, prodh, cstack
  9361 ;; Tracked objects:
  9362 ;;		On entry : 0/0
  9363 ;;		On exit  : 0/0
  9364 ;;		Unchanged: 0/0
  9365 ;; Data sizes:     COMRAM   BANK0   BANK1   BANK2   BANK3   BANK4   BANK5   BANK6   BANK7   BANK8   BANK9  BANK10  BANK1
      +1  BANK12  BANK14
  9366 ;;      Params:         1       0       0       0       0       0       0       0       0       0       0       0       
      +0       0       0
  9367 ;;      Locals:         2       0       0       0       0       0       0       0       0       0       0       0       
      +0       0       0
  9368 ;;      Temps:          0       0       0       0       0       0       0       0       0       0       0       0       
      +0       0       0
  9369 ;;      Totals:         3       0       0       0       0       0       0       0       0       0       0       0       
      +0       0       0
  9370 ;;Total ram usage:        3 bytes
  9371 ;; Hardware stack levels used: 1
  9372 ;; Hardware stack levels required when called: 9
  9373 ;; This function calls:
  9374 ;;		_bSendCommand
  9375 ;; This function is called by:
  9376 ;;		_LCD_vidInitialize
  9377 ;; This function uses a non-reentrant model
  9378 ;;
  9379                           
  9380                           	psect	text8
  9381   01175C                     __ptext8:
  9382                           	callstack 0
  9383   01175C                     _bSetDisplayOn:
  9384                           	callstack 20
  9385                           
  9386                           ;incstack = 0
  9387                           ;bSetDisplayOn@kenuDeviceId stored from wreg
  9388   01175C  6E31               	movwf	bSetDisplayOn@kenuDeviceId^0,c
  9389   01175E                     
  9390                           ;src/DRIVERS/LCD/Core/LCD.c: 380:   if(bSetToOn)
  9391   01175E  502F               	movf	bSetDisplayOn@bSetToOn^0,w,c
  9392   011760  B4D8               	btfsc	status,2,c
  9393   011762  EFB5  F08B         	goto	u4761
  9394   011766  EFB7  F08B         	goto	u4760
  9395   01176A                     u4761:
  9396   01176A  EFC1  F08B         	goto	l4539
  9397   01176E                     u4760:
  9398   01176E                     
  9399                           ;src/DRIVERS/LCD/Core/LCD.c: 381:   {;src/DRIVERS/LCD/Core/LCD.c: 382:     LCD_astrDispl
      +                          ayData[kenuDeviceId].u8DisplayControl |= 0x04;
  9400   01176E  5031               	movf	bSetDisplayOn@kenuDeviceId^0,w,c
  9401   011770  0D0A               	mullw	10
  9402   011772  50F3               	movf	243,w,c
  9403   011774  0F93               	addlw	low _LCD_astrDisplayData
  9404   011776  6ED9               	movwf	fsr2l,c
  9405   011778  6ADA               	clrf	fsr2h,c
  9406   01177A  0E00               	movlw	0
  9407   01177C  84DB               	bsf	plusw2,2,c
  9408                           
  9409                           ;src/DRIVERS/LCD/Core/LCD.c: 383:   }
  9410   01177E  EFC9  F08B         	goto	l4541
  9411   011782                     l4539:
  9412                           
  9413                           ;src/DRIVERS/LCD/Core/LCD.c: 385:   {;src/DRIVERS/LCD/Core/LCD.c: 386:     LCD_astrDispl
      +                          ayData[kenuDeviceId].u8DisplayControl &= ~0x04;
  9414   011782  5031               	movf	bSetDisplayOn@kenuDeviceId^0,w,c
  9415   011784  0D0A               	mullw	10
  9416   011786  50F3               	movf	243,w,c
  9417   011788  0F93               	addlw	low _LCD_astrDisplayData
  9418   01178A  6ED9               	movwf	fsr2l,c
  9419   01178C  6ADA               	clrf	fsr2h,c
  9420   01178E  0EFB               	movlw	251
  9421   011790  16DF               	andwf	indf2,f,c
  9422   011792                     l4541:
  9423                           
  9424                           ;src/DRIVERS/LCD/Core/LCD.c: 389:   bReturnCode = bSendCommand(kenuDeviceId, (0x08 | LCD
      +                          _astrDisplayData[kenuDeviceId].u8DisplayControl));
  9425   011792  5031               	movf	bSetDisplayOn@kenuDeviceId^0,w,c
  9426   011794  0D0A               	mullw	10
  9427   011796  50F3               	movf	243,w,c
  9428   011798  0F93               	addlw	low _LCD_astrDisplayData
  9429   01179A  6ED9               	movwf	fsr2l,c
  9430   01179C  6ADA               	clrf	fsr2h,c
  9431   01179E  50DF               	movf	indf2,w,c
  9432   0117A0  0908               	iorlw	8
  9433   0117A2  6E2D               	movwf	bSendCommand@ku8Data^0,c
  9434   0117A4  5031               	movf	bSetDisplayOn@kenuDeviceId^0,w,c
  9435   0117A6  EC78  F08D         	call	_bSendCommand
  9436   0117AA  6E30               	movwf	bSetDisplayOn@bReturnCode^0,c
  9437   0117AC                     
  9438                           ;src/DRIVERS/LCD/Core/LCD.c: 391:   return bReturnCode;
  9439   0117AC  5030               	movf	bSetDisplayOn@bReturnCode^0,w,c
  9440   0117AE  0012               	return		;funcret
  9441   0117B0                     __end_of_bSetDisplayOn:
  9442                           	callstack 0
  9443                           
  9444 ;; *************** function _bReturnHome *****************
  9445 ;; Defined at:
  9446 ;;		line 450 in file "src/DRIVERS/LCD/Core/LCD.c"
  9447 ;; Parameters:    Size  Location     Type
  9448 ;;  kenuDeviceId    1    wreg     const enum E13457
  9449 ;; Auto vars:     Size  Location     Type
  9450 ;;  kenuDeviceId    1   46[COMRAM] const enum E13457
  9451 ;; Return value:  Size  Location     Type
  9452 ;;                  1    wreg      _Bool 
  9453 ;; Registers used:
  9454 ;;		wreg, fsr2l, fsr2h, status,2, status,0, tblptrl, tblptrh, tblptru, prodl, prodh, cstack
  9455 ;; Tracked objects:
  9456 ;;		On entry : 0/0
  9457 ;;		On exit  : 0/0
  9458 ;;		Unchanged: 0/0
  9459 ;; Data sizes:     COMRAM   BANK0   BANK1   BANK2   BANK3   BANK4   BANK5   BANK6   BANK7   BANK8   BANK9  BANK10  BANK1
      +1  BANK12  BANK14
  9460 ;;      Params:         0       0       0       0       0       0       0       0       0       0       0       0       
      +0       0       0
  9461 ;;      Locals:         1       0       0       0       0       0       0       0       0       0       0       0       
      +0       0       0
  9462 ;;      Temps:          0       0       0       0       0       0       0       0       0       0       0       0       
      +0       0       0
  9463 ;;      Totals:         1       0       0       0       0       0       0       0       0       0       0       0       
      +0       0       0
  9464 ;;Total ram usage:        1 bytes
  9465 ;; Hardware stack levels used: 1
  9466 ;; Hardware stack levels required when called: 9
  9467 ;; This function calls:
  9468 ;;		_bSendCommand
  9469 ;; This function is called by:
  9470 ;;		_LCD_vidInitialize
  9471 ;; This function uses a non-reentrant model
  9472 ;;
  9473                           
  9474                           	psect	text9
  9475   011B02                     __ptext9:
  9476                           	callstack 0
  9477   011B02                     _bReturnHome:
  9478                           	callstack 20
  9479                           
  9480                           ;incstack = 0
  9481                           ;bReturnHome@kenuDeviceId stored from wreg
  9482   011B02  6E2F               	movwf	bReturnHome@kenuDeviceId^0,c
  9483   011B04                     
  9484                           ;src/DRIVERS/LCD/Core/LCD.c: 450: static _Bool bReturnHome(const LCD_tenuDeviceId kenuDe
      +                          viceId);src/DRIVERS/LCD/Core/LCD.c: 451: {;src/DRIVERS/LCD/Core/LCD.c: 452:   return bSe
      +                          ndCommand(kenuDeviceId, 0x02);
  9485   011B04  0E02               	movlw	2
  9486   011B06  6E2D               	movwf	bSendCommand@ku8Data^0,c
  9487   011B08  502F               	movf	bReturnHome@kenuDeviceId^0,w,c
  9488   011B0A  EC78  F08D         	call	_bSendCommand
  9489   011B0E  0012               	return		;funcret
  9490   011B10                     __end_of_bReturnHome:
  9491                           	callstack 0
  9492                           
  9493 ;; *************** function _bClearDisplay *****************
  9494 ;; Defined at:
  9495 ;;		line 434 in file "src/DRIVERS/LCD/Core/LCD.c"
  9496 ;; Parameters:    Size  Location     Type
  9497 ;;  kenuDeviceId    1    wreg     const enum E13457
  9498 ;; Auto vars:     Size  Location     Type
  9499 ;;  kenuDeviceId    1   58[COMRAM] const enum E13457
  9500 ;;  bReturnCode     1   57[COMRAM] _Bool 
  9501 ;; Return value:  Size  Location     Type
  9502 ;;                  1    wreg      _Bool 
  9503 ;; Registers used:
  9504 ;;		wreg, fsr2l, fsr2h, status,2, status,0, tblptrl, tblptrh, tblptru, prodl, prodh, cstack
  9505 ;; Tracked objects:
  9506 ;;		On entry : 0/0
  9507 ;;		On exit  : 0/0
  9508 ;;		Unchanged: 0/0
  9509 ;; Data sizes:     COMRAM   BANK0   BANK1   BANK2   BANK3   BANK4   BANK5   BANK6   BANK7   BANK8   BANK9  BANK10  BANK1
      +1  BANK12  BANK14
  9510 ;;      Params:         0       0       0       0       0       0       0       0       0       0       0       0       
      +0       0       0
  9511 ;;      Locals:         2       0       0       0       0       0       0       0       0       0       0       0       
      +0       0       0
  9512 ;;      Temps:          0       0       0       0       0       0       0       0       0       0       0       0       
      +0       0       0
  9513 ;;      Totals:         2       0       0       0       0       0       0       0       0       0       0       0       
      +0       0       0
  9514 ;;Total ram usage:        2 bytes
  9515 ;; Hardware stack levels used: 1
  9516 ;; Hardware stack levels required when called: 10
  9517 ;; This function calls:
  9518 ;;		_CMN_vidDelayMs
  9519 ;;		_bSendCommand
  9520 ;;		_bSetCursor
  9521 ;; This function is called by:
  9522 ;;		_LCD_vidInitialize
  9523 ;; This function uses a non-reentrant model
  9524 ;;
  9525                           
  9526                           	psect	text10
  9527   011896                     __ptext10:
  9528                           	callstack 0
  9529   011896                     _bClearDisplay:
  9530                           	callstack 19
  9531                           
  9532                           ;incstack = 0
  9533                           ;bClearDisplay@kenuDeviceId stored from wreg
  9534   011896  6E3B               	movwf	bClearDisplay@kenuDeviceId^0,c
  9535   011898                     
  9536                           ;src/DRIVERS/LCD/Core/LCD.c: 434: static _Bool bClearDisplay(const LCD_tenuDeviceId kenu
      +                          DeviceId);src/DRIVERS/LCD/Core/LCD.c: 435: {;src/DRIVERS/LCD/Core/LCD.c: 436:   _Bool bR
      +                          eturnCode = 0;
  9537   011898  6A3A               	clrf	bClearDisplay@bReturnCode^0,c
  9538   01189A                     
  9539                           ;src/DRIVERS/LCD/Core/LCD.c: 438:   if(bSendCommand(kenuDeviceId, 0x01))
  9540   01189A  0E01               	movlw	1
  9541   01189C  6E2D               	movwf	bSendCommand@ku8Data^0,c
  9542   01189E  503B               	movf	bClearDisplay@kenuDeviceId^0,w,c
  9543   0118A0  EC78  F08D         	call	_bSendCommand
  9544   0118A4  0900               	iorlw	0
  9545   0118A6  B4D8               	btfsc	status,2,c
  9546   0118A8  EF58  F08C         	goto	u4771
  9547   0118AC  EF5A  F08C         	goto	u4770
  9548   0118B0                     u4771:
  9549   0118B0  EF6C  F08C         	goto	l4555
  9550   0118B4                     u4770:
  9551   0118B4                     
  9552                           ;src/DRIVERS/LCD/Core/LCD.c: 439:   {;src/DRIVERS/LCD/Core/LCD.c: 440:     CMN_vidDelayM
      +                          s(2);
  9553   0118B4  0E02               	movlw	2
  9554   0118B6  6E17               	movwf	CMN_vidDelayMs@ku32DelayMs^0,c
  9555   0118B8  0E00               	movlw	0
  9556   0118BA  6E18               	movwf	(CMN_vidDelayMs@ku32DelayMs+1)^0,c
  9557   0118BC  0E00               	movlw	0
  9558   0118BE  6E19               	movwf	(CMN_vidDelayMs@ku32DelayMs+2)^0,c
  9559   0118C0  0E00               	movlw	0
  9560   0118C2  6E1A               	movwf	(CMN_vidDelayMs@ku32DelayMs+3)^0,c
  9561   0118C4  EC63  F08D         	call	_CMN_vidDelayMs	;wreg free
  9562   0118C8                     
  9563                           ;src/DRIVERS/LCD/Core/LCD.c: 442:     bReturnCode = bSetCursor(kenuDeviceId, 0, 0);
  9564   0118C8  0E00               	movlw	0
  9565   0118CA  6E2F               	movwf	bSetCursor@u8Column^0,c
  9566   0118CC  0E00               	movlw	0
  9567   0118CE  6E30               	movwf	bSetCursor@u8Row^0,c
  9568   0118D0  503B               	movf	bClearDisplay@kenuDeviceId^0,w,c
  9569   0118D2  EC6B  F086         	call	_bSetCursor
  9570   0118D6  6E3A               	movwf	bClearDisplay@bReturnCode^0,c
  9571   0118D8                     l4555:
  9572                           
  9573                           ;src/DRIVERS/LCD/Core/LCD.c: 445:   return bReturnCode;
  9574   0118D8  503A               	movf	bClearDisplay@bReturnCode^0,w,c
  9575   0118DA  0012               	return		;funcret
  9576   0118DC                     __end_of_bClearDisplay:
  9577                           	callstack 0
  9578                           
  9579 ;; *************** function _bSetCursor *****************
  9580 ;; Defined at:
  9581 ;;		line 396 in file "src/DRIVERS/LCD/Core/LCD.c"
  9582 ;; Parameters:    Size  Location     Type
  9583 ;;  kenuDeviceId    1    wreg     const enum E13457
  9584 ;;  u8Column        1   46[COMRAM] unsigned char 
  9585 ;;  u8Row           1   47[COMRAM] unsigned char 
  9586 ;; Auto vars:     Size  Location     Type
  9587 ;;  kenuDeviceId    1   54[COMRAM] const enum E13457
  9588 ;;  kau8RowOffse    4   50[COMRAM] const unsigned char [4]
  9589 ;;  pkstrThisCon    2   55[COMRAM] PTR const struct LCD_tst
  9590 ;;		 -> LCD_kastrLcdConfigList(8), NULL(0), 
  9591 ;; Return value:  Size  Location     Type
  9592 ;;                  1    wreg      _Bool 
  9593 ;; Registers used:
  9594 ;;		wreg, fsr2l, fsr2h, status,2, status,0, tblptrl, tblptrh, tblptru, prodl, prodh, cstack
  9595 ;; Tracked objects:
  9596 ;;		On entry : 0/0
  9597 ;;		On exit  : 0/0
  9598 ;;		Unchanged: 0/0
  9599 ;; Data sizes:     COMRAM   BANK0   BANK1   BANK2   BANK3   BANK4   BANK5   BANK6   BANK7   BANK8   BANK9  BANK10  BANK1
      +1  BANK12  BANK14
  9600 ;;      Params:         2       0       0       0       0       0       0       0       0       0       0       0       
      +0       0       0
  9601 ;;      Locals:         7       0       0       0       0       0       0       0       0       0       0       0       
      +0       0       0
  9602 ;;      Temps:          2       0       0       0       0       0       0       0       0       0       0       0       
      +0       0       0
  9603 ;;      Totals:        11       0       0       0       0       0       0       0       0       0       0       0       
      +0       0       0
  9604 ;;Total ram usage:       11 bytes
  9605 ;; Hardware stack levels used: 1
  9606 ;; Hardware stack levels required when called: 9
  9607 ;; This function calls:
  9608 ;;		_LCD_kpkstrGetLcdConfig
  9609 ;;		_bSendCommand
  9610 ;; This function is called by:
  9611 ;;		_bClearDisplay
  9612 ;;		_LCD_enuSetCursor
  9613 ;;		_LCD_enuClearAll
  9614 ;; This function uses a non-reentrant model
  9615 ;;
  9616                           
  9617                           	psect	text11
  9618   010CD6                     __ptext11:
  9619                           	callstack 0
  9620   010CD6                     _bSetCursor:
  9621                           	callstack 19
  9622                           
  9623                           ;incstack = 0
  9624                           ;bSetCursor@kenuDeviceId stored from wreg
  9625   010CD6  6E37               	movwf	bSetCursor@kenuDeviceId^0,c
  9626   010CD8                     
  9627                           ;src/DRIVERS/LCD/Core/LCD.c: 396: static _Bool bSetCursor(const LCD_tenuDeviceId kenuDev
      +                          iceId, uint8_t u8Column, uint8_t u8Row);src/DRIVERS/LCD/Core/LCD.c: 397: {;src/DRIVERS/L
      +                          CD/Core/LCD.c: 398:   LCD_tstrLcdConfig const *pkstrThisConfig = LCD_kpkstrGetLcdConfig(
      +                          kenuDeviceId);
  9628   010CD8  5037               	movf	bSetCursor@kenuDeviceId^0,w,c
  9629   010CDA  EC23  F08B         	call	_LCD_kpkstrGetLcdConfig
  9630   010CDE  C00E  F038         	movff	?_LCD_kpkstrGetLcdConfig,bSetCursor@pkstrThisConfig
  9631   010CE2  C00F  F039         	movff	?_LCD_kpkstrGetLcdConfig+1,bSetCursor@pkstrThisConfig+1
  9632   010CE6                     
  9633                           ;src/DRIVERS/LCD/Core/LCD.c: 399:   const uint8_t kau8RowOffset[] = { 0x00, 0x40, 0x14, 
      +                          0x54 };
  9634   010CE6  0E4D               	movlw	low bSetCursor@F13614
  9635   010CE8  6EF6               	movwf	tblptrl,c
  9636   010CEA                     	if	1	;There is more than 1 active tblptr byte
  9637   010CEA  0EFE               	movlw	high bSetCursor@F13614
  9638   010CEC  6EF7               	movwf	tblptrh,c
  9639   010CEE                     	endif
  9640   010CEE                     	if	1	;There are 3 active tblptr bytes
  9641   010CEE  0E00               	movlw	low (bSetCursor@F13614 shr (0+16))
  9642   010CF0  6EF8               	movwf	tblptru,c
  9643   010CF2                     	endif
  9644   010CF2  0009               	tblrd		*+
  9645   010CF4  CFF5 F033          	movff	tablat,bSetCursor@kau8RowOffset
  9646   010CF8  0009               	tblrd		*+
  9647   010CFA  CFF5 F034          	movff	tablat,bSetCursor@kau8RowOffset+1
  9648   010CFE  0009               	tblrd		*+
  9649   010D00  CFF5 F035          	movff	tablat,bSetCursor@kau8RowOffset+2
  9650   010D04  000A               	tblrd		*-
  9651   010D06  CFF5 F036          	movff	tablat,bSetCursor@kau8RowOffset+3
  9652   010D0A                     
  9653                           ;src/DRIVERS/LCD/Core/LCD.c: 401:   if(u8Column != 0)
  9654   010D0A  502F               	movf	bSetCursor@u8Column^0,w,c
  9655   010D0C  B4D8               	btfsc	status,2,c
  9656   010D0E  EF8B  F086         	goto	u4711
  9657   010D12  EF8D  F086         	goto	u4710
  9658   010D16                     u4711:
  9659   010D16  EF8E  F086         	goto	l4493
  9660   010D1A                     u4710:
  9661   010D1A                     
  9662                           ;src/DRIVERS/LCD/Core/LCD.c: 402:   {;src/DRIVERS/LCD/Core/LCD.c: 403:     u8Column--;
  9663   010D1A  062F               	decf	bSetCursor@u8Column^0,f,c
  9664   010D1C                     l4493:
  9665                           
  9666                           ;src/DRIVERS/LCD/Core/LCD.c: 406:   if(u8Row != 0)
  9667   010D1C  5030               	movf	bSetCursor@u8Row^0,w,c
  9668   010D1E  B4D8               	btfsc	status,2,c
  9669   010D20  EF94  F086         	goto	u4721
  9670   010D24  EF96  F086         	goto	u4720
  9671   010D28                     u4721:
  9672   010D28  EF97  F086         	goto	l4497
  9673   010D2C                     u4720:
  9674   010D2C                     
  9675                           ;src/DRIVERS/LCD/Core/LCD.c: 407:   {;src/DRIVERS/LCD/Core/LCD.c: 408:     u8Row--;
  9676   010D2C  0630               	decf	bSetCursor@u8Row^0,f,c
  9677   010D2E                     l4497:
  9678                           
  9679                           ;src/DRIVERS/LCD/Core/LCD.c: 411:   if(u8Column > pkstrThisConfig->u8NumberOfColums)
  9680   010D2E  0E03               	movlw	3
  9681   010D30  2438               	addwf	bSetCursor@pkstrThisConfig^0,w,c
  9682   010D32  6E31               	movwf	??_bSetCursor^0,c
  9683   010D34  0E00               	movlw	0
  9684   010D36  2039               	addwfc	(bSetCursor@pkstrThisConfig+1)^0,w,c
  9685   010D38  6E32               	movwf	(??_bSetCursor+1)^0,c
  9686   010D3A  C031  FFF6         	movff	??_bSetCursor,tblptrl
  9687   010D3E  C032  FFF7         	movff	??_bSetCursor+1,tblptrh
  9688   010D42                     	if	0	;tblptru may be non-zero
  9689   010D42                     	endif
  9690   010D42                     	if	1	;Program memory is > 0xFFFF, there are 3 active tblptr bytes
  9691   010D42  0E00               	movlw	low (__mediumconst shr (0+16))
  9692   010D44  6EF8               	movwf	tblptru,c
  9693   010D46                     	endif
  9694   010D46  502F               	movf	bSetCursor@u8Column^0,w,c
  9695   010D48  0009               	tblrd		*+
  9696   010D4A  5CF5               	subwf	tablat,w,c
  9697   010D4C  B0D8               	btfsc	status,0,c
  9698   010D4E  EFAB  F086         	goto	u4731
  9699   010D52  EFAD  F086         	goto	u4730
  9700   010D56                     u4731:
  9701   010D56  EFBC  F086         	goto	l99
  9702   010D5A                     u4730:
  9703   010D5A                     
  9704                           ;src/DRIVERS/LCD/Core/LCD.c: 412:   {;src/DRIVERS/LCD/Core/LCD.c: 413:     u8Column = pk
      +                          strThisConfig->u8NumberOfColums;
  9705   010D5A  0E03               	movlw	3
  9706   010D5C  2438               	addwf	bSetCursor@pkstrThisConfig^0,w,c
  9707   010D5E  6E31               	movwf	??_bSetCursor^0,c
  9708   010D60  0E00               	movlw	0
  9709   010D62  2039               	addwfc	(bSetCursor@pkstrThisConfig+1)^0,w,c
  9710   010D64  6E32               	movwf	(??_bSetCursor+1)^0,c
  9711   010D66  C031  FFF6         	movff	??_bSetCursor,tblptrl
  9712   010D6A  C032  FFF7         	movff	??_bSetCursor+1,tblptrh
  9713   010D6E                     	if	0	;tblptru may be non-zero
  9714   010D6E                     	endif
  9715   010D6E                     	if	1	;Program memory is > 0xFFFF, there are 3 active tblptr bytes
  9716   010D6E  0E00               	movlw	low (__mediumconst shr (0+16))
  9717   010D70  6EF8               	movwf	tblptru,c
  9718   010D72                     	endif
  9719   010D72  0008               	tblrd		*
  9720   010D74  CFF5 F02F          	movff	tablat,bSetCursor@u8Column
  9721   010D78                     l99:
  9722                           
  9723                           ;src/DRIVERS/LCD/Core/LCD.c: 416:   if(u8Row > pkstrThisConfig->u8NumberOfRows)
  9724   010D78  0E04               	movlw	4
  9725   010D7A  2438               	addwf	bSetCursor@pkstrThisConfig^0,w,c
  9726   010D7C  6E31               	movwf	??_bSetCursor^0,c
  9727   010D7E  0E00               	movlw	0
  9728   010D80  2039               	addwfc	(bSetCursor@pkstrThisConfig+1)^0,w,c
  9729   010D82  6E32               	movwf	(??_bSetCursor+1)^0,c
  9730   010D84  C031  FFF6         	movff	??_bSetCursor,tblptrl
  9731   010D88  C032  FFF7         	movff	??_bSetCursor+1,tblptrh
  9732   010D8C                     	if	0	;tblptru may be non-zero
  9733   010D8C                     	endif
  9734   010D8C                     	if	1	;Program memory is > 0xFFFF, there are 3 active tblptr bytes
  9735   010D8C  0E00               	movlw	low (__mediumconst shr (0+16))
  9736   010D8E  6EF8               	movwf	tblptru,c
  9737   010D90                     	endif
  9738   010D90  5030               	movf	bSetCursor@u8Row^0,w,c
  9739   010D92  0009               	tblrd		*+
  9740   010D94  5CF5               	subwf	tablat,w,c
  9741   010D96  B0D8               	btfsc	status,0,c
  9742   010D98  EFD0  F086         	goto	u4741
  9743   010D9C  EFD2  F086         	goto	u4740
  9744   010DA0                     u4741:
  9745   010DA0  EFE1  F086         	goto	l4503
  9746   010DA4                     u4740:
  9747   010DA4                     
  9748                           ;src/DRIVERS/LCD/Core/LCD.c: 417:   {;src/DRIVERS/LCD/Core/LCD.c: 418:     u8Row = pkstr
      +                          ThisConfig->u8NumberOfRows;
  9749   010DA4  0E04               	movlw	4
  9750   010DA6  2438               	addwf	bSetCursor@pkstrThisConfig^0,w,c
  9751   010DA8  6E31               	movwf	??_bSetCursor^0,c
  9752   010DAA  0E00               	movlw	0
  9753   010DAC  2039               	addwfc	(bSetCursor@pkstrThisConfig+1)^0,w,c
  9754   010DAE  6E32               	movwf	(??_bSetCursor+1)^0,c
  9755   010DB0  C031  FFF6         	movff	??_bSetCursor,tblptrl
  9756   010DB4  C032  FFF7         	movff	??_bSetCursor+1,tblptrh
  9757   010DB8                     	if	0	;tblptru may be non-zero
  9758   010DB8                     	endif
  9759   010DB8                     	if	1	;Program memory is > 0xFFFF, there are 3 active tblptr bytes
  9760   010DB8  0E00               	movlw	low (__mediumconst shr (0+16))
  9761   010DBA  6EF8               	movwf	tblptru,c
  9762   010DBC                     	endif
  9763   010DBC  0008               	tblrd		*
  9764   010DBE  CFF5 F030          	movff	tablat,bSetCursor@u8Row
  9765   010DC2                     l4503:
  9766                           
  9767                           ;src/DRIVERS/LCD/Core/LCD.c: 421:   if(u8Row >= sizeof(kau8RowOffset))
  9768   010DC2  0E03               	movlw	3
  9769   010DC4  6430               	cpfsgt	bSetCursor@u8Row^0,c
  9770   010DC6  EFE7  F086         	goto	u4751
  9771   010DCA  EFE9  F086         	goto	u4750
  9772   010DCE                     u4751:
  9773   010DCE  EFEB  F086         	goto	l4507
  9774   010DD2                     u4750:
  9775   010DD2                     
  9776                           ;src/DRIVERS/LCD/Core/LCD.c: 422:   {;src/DRIVERS/LCD/Core/LCD.c: 423:     u8Row = (size
      +                          of(kau8RowOffset) - 1);
  9777   010DD2  0E03               	movlw	3
  9778   010DD4  6E30               	movwf	bSetCursor@u8Row^0,c
  9779   010DD6                     l4507:
  9780                           
  9781                           ;src/DRIVERS/LCD/Core/LCD.c: 426:   LCD_astrDisplayData[kenuDeviceId].u8CurrentColumnPos
      +                           = u8Column;
  9782   010DD6  5037               	movf	bSetCursor@kenuDeviceId^0,w,c
  9783   010DD8  0D0A               	mullw	10
  9784   010DDA  50F3               	movf	243,w,c
  9785   010DDC  0F97               	addlw	low (_LCD_astrDisplayData+4)
  9786   010DDE  6ED9               	movwf	fsr2l,c
  9787   010DE0  6ADA               	clrf	fsr2h,c
  9788   010DE2  C02F  FFDF         	movff	bSetCursor@u8Column,indf2
  9789   010DE6                     
  9790                           ;src/DRIVERS/LCD/Core/LCD.c: 427:   LCD_astrDisplayData[kenuDeviceId].u8CurrentRowPos = 
      +                          u8Row;
  9791   010DE6  5037               	movf	bSetCursor@kenuDeviceId^0,w,c
  9792   010DE8  0D0A               	mullw	10
  9793   010DEA  50F3               	movf	243,w,c
  9794   010DEC  0F98               	addlw	low (_LCD_astrDisplayData+5)
  9795   010DEE  6ED9               	movwf	fsr2l,c
  9796   010DF0  6ADA               	clrf	fsr2h,c
  9797   010DF2  C030  FFDF         	movff	bSetCursor@u8Row,indf2
  9798   010DF6                     
  9799                           ;src/DRIVERS/LCD/Core/LCD.c: 429:   return bSendCommand(kenuDeviceId, (0x80 | (u8Column 
      +                          + kau8RowOffset[u8Row])));
  9800   010DF6  5030               	movf	bSetCursor@u8Row^0,w,c
  9801   010DF8  0F33               	addlw	low bSetCursor@kau8RowOffset
  9802   010DFA  6ED9               	movwf	fsr2l,c
  9803   010DFC  6ADA               	clrf	fsr2h,c
  9804   010DFE  50DF               	movf	indf2,w,c
  9805   010E00  242F               	addwf	bSetCursor@u8Column^0,w,c
  9806   010E02  0980               	iorlw	128
  9807   010E04  6E2D               	movwf	bSendCommand@ku8Data^0,c
  9808   010E06  5037               	movf	bSetCursor@kenuDeviceId^0,w,c
  9809   010E08  EC78  F08D         	call	_bSendCommand
  9810   010E0C  0012               	return		;funcret
  9811   010E0E                     __end_of_bSetCursor:
  9812                           	callstack 0
  9813                           
  9814 ;; *************** function _bSendCommand *****************
  9815 ;; Defined at:
  9816 ;;		line 339 in file "src/DRIVERS/LCD/Core/LCD.c"
  9817 ;; Parameters:    Size  Location     Type
  9818 ;;  kenuDeviceId    1    wreg     const enum E13457
  9819 ;;  ku8Data         1   44[COMRAM] const unsigned char 
  9820 ;; Auto vars:     Size  Location     Type
  9821 ;;  kenuDeviceId    1   45[COMRAM] const enum E13457
  9822 ;; Return value:  Size  Location     Type
  9823 ;;                  1    wreg      _Bool 
  9824 ;; Registers used:
  9825 ;;		wreg, fsr2l, fsr2h, status,2, status,0, tblptrl, tblptrh, tblptru, prodl, prodh, cstack
  9826 ;; Tracked objects:
  9827 ;;		On entry : 0/0
  9828 ;;		On exit  : 0/0
  9829 ;;		Unchanged: 0/0
  9830 ;; Data sizes:     COMRAM   BANK0   BANK1   BANK2   BANK3   BANK4   BANK5   BANK6   BANK7   BANK8   BANK9  BANK10  BANK1
      +1  BANK12  BANK14
  9831 ;;      Params:         1       0       0       0       0       0       0       0       0       0       0       0       
      +0       0       0
  9832 ;;      Locals:         1       0       0       0       0       0       0       0       0       0       0       0       
      +0       0       0
  9833 ;;      Temps:          0       0       0       0       0       0       0       0       0       0       0       0       
      +0       0       0
  9834 ;;      Totals:         2       0       0       0       0       0       0       0       0       0       0       0       
      +0       0       0
  9835 ;;Total ram usage:        2 bytes
  9836 ;; Hardware stack levels used: 1
  9837 ;; Hardware stack levels required when called: 8
  9838 ;; This function calls:
  9839 ;;		_bGenericSend
  9840 ;; This function is called by:
  9841 ;;		_bSetDisplayOn
  9842 ;;		_bSetCursor
  9843 ;;		_bClearDisplay
  9844 ;;		_bReturnHome
  9845 ;;		_LCD_vidInitialize
  9846 ;;		_LCD_enuBlinkOn
  9847 ;;		_LCD_enuBlinkOff
  9848 ;;		_LCD_enuCursorOn
  9849 ;;		_LCD_enuCursorOff
  9850 ;;		_LCD_enuDisplayOn
  9851 ;;		_LCD_enuDisplayOff
  9852 ;; This function uses a non-reentrant model
  9853 ;;
  9854                           
  9855                           	psect	text12
  9856   011AF0                     __ptext12:
  9857                           	callstack 0
  9858   011AF0                     _bSendCommand:
  9859                           	callstack 20
  9860                           
  9861                           ;incstack = 0
  9862                           ;bSendCommand@kenuDeviceId stored from wreg
  9863   011AF0  6E2E               	movwf	bSendCommand@kenuDeviceId^0,c
  9864   011AF2                     
  9865                           ;src/DRIVERS/LCD/Core/LCD.c: 339: static _Bool bSendCommand(const LCD_tenuDeviceId kenuD
      +                          eviceId, const uint8_t ku8Data);src/DRIVERS/LCD/Core/LCD.c: 340: {;src/DRIVERS/LCD/Core/
      +                          LCD.c: 341:   return bGenericSend(kenuDeviceId, ku8Data, 0);
  9866   011AF2  C02D  F029         	movff	bSendCommand@ku8Data,bGenericSend@ku8Data
  9867   011AF6  0E00               	movlw	0
  9868   011AF8  6E2A               	movwf	bGenericSend@ku8Mode^0,c
  9869   011AFA  502E               	movf	bSendCommand@kenuDeviceId^0,w,c
  9870   011AFC  ECAD  F08C         	call	_bGenericSend
  9871   011B00  0012               	return		;funcret
  9872   011B02                     __end_of_bSendCommand:
  9873                           	callstack 0
  9874                           
  9875 ;; *************** function _bGenericSend *****************
  9876 ;; Defined at:
  9877 ;;		line 325 in file "src/DRIVERS/LCD/Core/LCD.c"
  9878 ;; Parameters:    Size  Location     Type
  9879 ;;  kenuDeviceId    1    wreg     const enum E13457
  9880 ;;  ku8Data         1   40[COMRAM] const unsigned char 
  9881 ;;  ku8Mode         1   41[COMRAM] const unsigned char 
  9882 ;; Auto vars:     Size  Location     Type
  9883 ;;  kenuDeviceId    1   43[COMRAM] const enum E13457
  9884 ;;  bReturnCode     1   42[COMRAM] _Bool 
  9885 ;; Return value:  Size  Location     Type
  9886 ;;                  1    wreg      _Bool 
  9887 ;; Registers used:
  9888 ;;		wreg, fsr2l, fsr2h, status,2, status,0, tblptrl, tblptrh, tblptru, prodl, prodh, cstack
  9889 ;; Tracked objects:
  9890 ;;		On entry : 0/0
  9891 ;;		On exit  : 0/0
  9892 ;;		Unchanged: 0/0
  9893 ;; Data sizes:     COMRAM   BANK0   BANK1   BANK2   BANK3   BANK4   BANK5   BANK6   BANK7   BANK8   BANK9  BANK10  BANK1
      +1  BANK12  BANK14
  9894 ;;      Params:         2       0       0       0       0       0       0       0       0       0       0       0       
      +0       0       0
  9895 ;;      Locals:         2       0       0       0       0       0       0       0       0       0       0       0       
      +0       0       0
  9896 ;;      Temps:          0       0       0       0       0       0       0       0       0       0       0       0       
      +0       0       0
  9897 ;;      Totals:         4       0       0       0       0       0       0       0       0       0       0       0       
      +0       0       0
  9898 ;;Total ram usage:        4 bytes
  9899 ;; Hardware stack levels used: 1
  9900 ;; Hardware stack levels required when called: 7
  9901 ;; This function calls:
  9902 ;;		_bWrite4Bits
  9903 ;; This function is called by:
  9904 ;;		_bSendCommand
  9905 ;;		_bSendData
  9906 ;; This function uses a non-reentrant model
  9907 ;;
  9908                           
  9909                           	psect	text13
  9910   01195A                     __ptext13:
  9911                           	callstack 0
  9912   01195A                     _bGenericSend:
  9913                           	callstack 20
  9914                           
  9915                           ;incstack = 0
  9916                           ;bGenericSend@kenuDeviceId stored from wreg
  9917   01195A  6E2C               	movwf	bGenericSend@kenuDeviceId^0,c
  9918   01195C                     
  9919                           ;src/DRIVERS/LCD/Core/LCD.c: 325: static _Bool bGenericSend(const LCD_tenuDeviceId kenuD
      +                          eviceId, const uint8_t ku8Data, const uint8_t ku8Mode);src/DRIVERS/LCD/Core/LCD.c: 326: 
      +                          {;src/DRIVERS/LCD/Core/LCD.c: 327:   _Bool bReturnCode = 0;
  9920   01195C  6A2B               	clrf	bGenericSend@bReturnCode^0,c
  9921   01195E                     
  9922                           ;src/DRIVERS/LCD/Core/LCD.c: 329:   if(bWrite4Bits(kenuDeviceId, (((ku8Data << 0) & 0xf0
      +                          ) | ku8Mode)))
  9923   01195E  5029               	movf	bGenericSend@ku8Data^0,w,c
  9924   011960  0BF0               	andlw	240
  9925   011962  102A               	iorwf	bGenericSend@ku8Mode^0,w,c
  9926   011964  6E26               	movwf	bWrite4Bits@ku8Data^0,c
  9927   011966  502C               	movf	bGenericSend@kenuDeviceId^0,w,c
  9928   011968  ECFE  F08C         	call	_bWrite4Bits
  9929   01196C  0900               	iorlw	0
  9930   01196E  B4D8               	btfsc	status,2,c
  9931   011970  EFBC  F08C         	goto	u4511
  9932   011974  EFBE  F08C         	goto	u4510
  9933   011978                     u4511:
  9934   011978  EFC7  F08C         	goto	l4383
  9935   01197C                     u4510:
  9936   01197C                     
  9937                           ;src/DRIVERS/LCD/Core/LCD.c: 330:   {;src/DRIVERS/LCD/Core/LCD.c: 331:     bReturnCode =
      +                           bWrite4Bits(kenuDeviceId, (((ku8Data << 4) & 0xf0) | ku8Mode));
  9938   01197C  3829               	swapf	bGenericSend@ku8Data^0,w,c
  9939   01197E  0BF0               	andlw	240
  9940   011980  0BF0               	andlw	240
  9941   011982  102A               	iorwf	bGenericSend@ku8Mode^0,w,c
  9942   011984  6E26               	movwf	bWrite4Bits@ku8Data^0,c
  9943   011986  502C               	movf	bGenericSend@kenuDeviceId^0,w,c
  9944   011988  ECFE  F08C         	call	_bWrite4Bits
  9945   01198C  6E2B               	movwf	bGenericSend@bReturnCode^0,c
  9946   01198E                     l4383:
  9947                           
  9948                           ;src/DRIVERS/LCD/Core/LCD.c: 334:   return bReturnCode;
  9949   01198E  502B               	movf	bGenericSend@bReturnCode^0,w,c
  9950   011990  0012               	return		;funcret
  9951   011992                     __end_of_bGenericSend:
  9952                           	callstack 0
  9953                           
  9954 ;; *************** function _bWrite4Bits *****************
  9955 ;; Defined at:
  9956 ;;		line 311 in file "src/DRIVERS/LCD/Core/LCD.c"
  9957 ;; Parameters:    Size  Location     Type
  9958 ;;  kenuDeviceId    1    wreg     const enum E13457
  9959 ;;  ku8Data         1   37[COMRAM] const unsigned char 
  9960 ;; Auto vars:     Size  Location     Type
  9961 ;;  kenuDeviceId    1   39[COMRAM] const enum E13457
  9962 ;;  bReturnCode     1   38[COMRAM] _Bool 
  9963 ;; Return value:  Size  Location     Type
  9964 ;;                  1    wreg      _Bool 
  9965 ;; Registers used:
  9966 ;;		wreg, fsr2l, fsr2h, status,2, status,0, tblptrl, tblptrh, tblptru, prodl, prodh, cstack
  9967 ;; Tracked objects:
  9968 ;;		On entry : 0/0
  9969 ;;		On exit  : 0/0
  9970 ;;		Unchanged: 0/0
  9971 ;; Data sizes:     COMRAM   BANK0   BANK1   BANK2   BANK3   BANK4   BANK5   BANK6   BANK7   BANK8   BANK9  BANK10  BANK1
      +1  BANK12  BANK14
  9972 ;;      Params:         1       0       0       0       0       0       0       0       0       0       0       0       
      +0       0       0
  9973 ;;      Locals:         2       0       0       0       0       0       0       0       0       0       0       0       
      +0       0       0
  9974 ;;      Temps:          0       0       0       0       0       0       0       0       0       0       0       0       
      +0       0       0
  9975 ;;      Totals:         3       0       0       0       0       0       0       0       0       0       0       0       
      +0       0       0
  9976 ;;Total ram usage:        3 bytes
  9977 ;; Hardware stack levels used: 1
  9978 ;; Hardware stack levels required when called: 6
  9979 ;; This function calls:
  9980 ;;		_bPulseEnable
  9981 ;;		_bSendToI2c
  9982 ;; This function is called by:
  9983 ;;		_bGenericSend
  9984 ;;		_LCD_vidInitialize
  9985 ;; This function uses a non-reentrant model
  9986 ;;
  9987                           
  9988                           	psect	text14
  9989   0119FC                     __ptext14:
  9990                           	callstack 0
  9991   0119FC                     _bWrite4Bits:
  9992                           	callstack 23
  9993                           
  9994                           ;incstack = 0
  9995                           ;bWrite4Bits@kenuDeviceId stored from wreg
  9996   0119FC  6E28               	movwf	bWrite4Bits@kenuDeviceId^0,c
  9997   0119FE                     
  9998                           ;src/DRIVERS/LCD/Core/LCD.c: 311: static _Bool bWrite4Bits(const LCD_tenuDeviceId kenuDe
      +                          viceId, const uint8_t ku8Data);src/DRIVERS/LCD/Core/LCD.c: 312: {;src/DRIVERS/LCD/Core/L
      +                          CD.c: 313:   _Bool bReturnCode = 0;
  9999   0119FE  6A27               	clrf	bWrite4Bits@bReturnCode^0,c
 10000   011A00                     
 10001                           ;src/DRIVERS/LCD/Core/LCD.c: 315:   if(bSendToI2c(kenuDeviceId, ku8Data))
 10002   011A00  C026  F019         	movff	bWrite4Bits@ku8Data,bSendToI2c@ku8Data
 10003   011A04  5028               	movf	bWrite4Bits@kenuDeviceId^0,w,c
 10004   011A06  EC25  F08A         	call	_bSendToI2c
 10005   011A0A  0900               	iorlw	0
 10006   011A0C  B4D8               	btfsc	status,2,c
 10007   011A0E  EF0B  F08D         	goto	u4331
 10008   011A12  EF0D  F08D         	goto	u4330
 10009   011A16                     u4331:
 10010   011A16  EF13  F08D         	goto	l4275
 10011   011A1A                     u4330:
 10012   011A1A                     
 10013                           ;src/DRIVERS/LCD/Core/LCD.c: 316:   {;src/DRIVERS/LCD/Core/LCD.c: 317:     bReturnCode =
      +                           bPulseEnable(kenuDeviceId, ku8Data);
 10014   011A1A  C026  F023         	movff	bWrite4Bits@ku8Data,bPulseEnable@ku8Data
 10015   011A1E  5028               	movf	bWrite4Bits@kenuDeviceId^0,w,c
 10016   011A20  EC6E  F08C         	call	_bPulseEnable
 10017   011A24  6E27               	movwf	bWrite4Bits@bReturnCode^0,c
 10018   011A26                     l4275:
 10019                           
 10020                           ;src/DRIVERS/LCD/Core/LCD.c: 320:   return bReturnCode;
 10021   011A26  5027               	movf	bWrite4Bits@bReturnCode^0,w,c
 10022   011A28  0012               	return		;funcret
 10023   011A2A                     __end_of_bWrite4Bits:
 10024                           	callstack 0
 10025                           
 10026 ;; *************** function _bPulseEnable *****************
 10027 ;; Defined at:
 10028 ;;		line 296 in file "src/DRIVERS/LCD/Core/LCD.c"
 10029 ;; Parameters:    Size  Location     Type
 10030 ;;  kenuDeviceId    1    wreg     const enum E13457
 10031 ;;  ku8Data         1   34[COMRAM] const unsigned char 
 10032 ;; Auto vars:     Size  Location     Type
 10033 ;;  kenuDeviceId    1   36[COMRAM] const enum E13457
 10034 ;;  bReturnCode     1   35[COMRAM] _Bool 
 10035 ;; Return value:  Size  Location     Type
 10036 ;;                  1    wreg      _Bool 
 10037 ;; Registers used:
 10038 ;;		wreg, fsr2l, fsr2h, status,2, status,0, tblptrl, tblptrh, tblptru, prodl, prodh, cstack
 10039 ;; Tracked objects:
 10040 ;;		On entry : 0/0
 10041 ;;		On exit  : 0/0
 10042 ;;		Unchanged: 0/0
 10043 ;; Data sizes:     COMRAM   BANK0   BANK1   BANK2   BANK3   BANK4   BANK5   BANK6   BANK7   BANK8   BANK9  BANK10  BANK1
      +1  BANK12  BANK14
 10044 ;;      Params:         1       0       0       0       0       0       0       0       0       0       0       0       
      +0       0       0
 10045 ;;      Locals:         2       0       0       0       0       0       0       0       0       0       0       0       
      +0       0       0
 10046 ;;      Temps:          0       0       0       0       0       0       0       0       0       0       0       0       
      +0       0       0
 10047 ;;      Totals:         3       0       0       0       0       0       0       0       0       0       0       0       
      +0       0       0
 10048 ;;Total ram usage:        3 bytes
 10049 ;; Hardware stack levels used: 1
 10050 ;; Hardware stack levels required when called: 5
 10051 ;; This function calls:
 10052 ;;		_CMN_vidDelayMs
 10053 ;;		_bSendToI2c
 10054 ;; This function is called by:
 10055 ;;		_bWrite4Bits
 10056 ;; This function uses a non-reentrant model
 10057 ;;
 10058                           
 10059                           	psect	text15
 10060   0118DC                     __ptext15:
 10061                           	callstack 0
 10062   0118DC                     _bPulseEnable:
 10063                           	callstack 23
 10064                           
 10065                           ;incstack = 0
 10066                           ;bPulseEnable@kenuDeviceId stored from wreg
 10067   0118DC  6E25               	movwf	bPulseEnable@kenuDeviceId^0,c
 10068   0118DE                     
 10069                           ;src/DRIVERS/LCD/Core/LCD.c: 296: static _Bool bPulseEnable(const LCD_tenuDeviceId kenuD
      +                          eviceId, const uint8_t ku8Data);src/DRIVERS/LCD/Core/LCD.c: 297: {;src/DRIVERS/LCD/Core/
      +                          LCD.c: 298:   _Bool bReturnCode = 0;
 10070   0118DE  6A24               	clrf	bPulseEnable@bReturnCode^0,c
 10071   0118E0                     
 10072                           ;src/DRIVERS/LCD/Core/LCD.c: 300:   if(bSendToI2c(kenuDeviceId, (ku8Data | 0b00000100)))
 10073   0118E0  5023               	movf	bPulseEnable@ku8Data^0,w,c
 10074   0118E2  0904               	iorlw	4
 10075   0118E4  6E19               	movwf	bSendToI2c@ku8Data^0,c
 10076   0118E6  5025               	movf	bPulseEnable@kenuDeviceId^0,w,c
 10077   0118E8  EC25  F08A         	call	_bSendToI2c
 10078   0118EC  0900               	iorlw	0
 10079   0118EE  B4D8               	btfsc	status,2,c
 10080   0118F0  EF7C  F08C         	goto	u4321
 10081   0118F4  EF7E  F08C         	goto	u4320
 10082   0118F8                     u4321:
 10083   0118F8  EF8F  F08C         	goto	l4263
 10084   0118FC                     u4320:
 10085   0118FC                     
 10086                           ;src/DRIVERS/LCD/Core/LCD.c: 301:   {;src/DRIVERS/LCD/Core/LCD.c: 302:     bReturnCode =
      +                           bSendToI2c(kenuDeviceId, (ku8Data & ~0b00000100));
 10087   0118FC  5023               	movf	bPulseEnable@ku8Data^0,w,c
 10088   0118FE  0BFB               	andlw	251
 10089   011900  6E19               	movwf	bSendToI2c@ku8Data^0,c
 10090   011902  5025               	movf	bPulseEnable@kenuDeviceId^0,w,c
 10091   011904  EC25  F08A         	call	_bSendToI2c
 10092   011908  6E24               	movwf	bPulseEnable@bReturnCode^0,c
 10093   01190A                     
 10094                           ;src/DRIVERS/LCD/Core/LCD.c: 303:     CMN_vidDelayMs(1);
 10095   01190A  0E01               	movlw	1
 10096   01190C  6E17               	movwf	CMN_vidDelayMs@ku32DelayMs^0,c
 10097   01190E  0E00               	movlw	0
 10098   011910  6E18               	movwf	(CMN_vidDelayMs@ku32DelayMs+1)^0,c
 10099   011912  0E00               	movlw	0
 10100   011914  6E19               	movwf	(CMN_vidDelayMs@ku32DelayMs+2)^0,c
 10101   011916  0E00               	movlw	0
 10102   011918  6E1A               	movwf	(CMN_vidDelayMs@ku32DelayMs+3)^0,c
 10103   01191A  EC63  F08D         	call	_CMN_vidDelayMs	;wreg free
 10104   01191E                     l4263:
 10105                           
 10106                           ;src/DRIVERS/LCD/Core/LCD.c: 306:   return bReturnCode;
 10107   01191E  5024               	movf	bPulseEnable@bReturnCode^0,w,c
 10108   011920  0012               	return		;funcret
 10109   011922                     __end_of_bPulseEnable:
 10110                           	callstack 0
 10111                           
 10112 ;; *************** function _bSendToI2c *****************
 10113 ;; Defined at:
 10114 ;;		line 280 in file "src/DRIVERS/LCD/Core/LCD.c"
 10115 ;; Parameters:    Size  Location     Type
 10116 ;;  kenuDeviceId    1    wreg     const enum E13457
 10117 ;;  ku8Data         1   24[COMRAM] const unsigned char 
 10118 ;; Auto vars:     Size  Location     Type
 10119 ;;  kenuDeviceId    1   33[COMRAM] const enum E13457
 10120 ;;  pkstrThisCon    2   31[COMRAM] PTR const struct LCD_tst
 10121 ;;		 -> LCD_kastrLcdConfigList(8), NULL(0), 
 10122 ;;  u8Message       1   30[COMRAM] unsigned char 
 10123 ;;  bStatus         1   29[COMRAM] _Bool 
 10124 ;; Return value:  Size  Location     Type
 10125 ;;                  1    wreg      _Bool 
 10126 ;; Registers used:
 10127 ;;		wreg, fsr2l, fsr2h, status,2, status,0, tblptrl, tblptrh, tblptru, prodl, prodh, cstack
 10128 ;; Tracked objects:
 10129 ;;		On entry : 0/0
 10130 ;;		On exit  : 0/0
 10131 ;;		Unchanged: 0/0
 10132 ;; Data sizes:     COMRAM   BANK0   BANK1   BANK2   BANK3   BANK4   BANK5   BANK6   BANK7   BANK8   BANK9  BANK10  BANK1
      +1  BANK12  BANK14
 10133 ;;      Params:         1       0       0       0       0       0       0       0       0       0       0       0       
      +0       0       0
 10134 ;;      Locals:         5       0       0       0       0       0       0       0       0       0       0       0       
      +0       0       0
 10135 ;;      Temps:          4       0       0       0       0       0       0       0       0       0       0       0       
      +0       0       0
 10136 ;;      Totals:        10       0       0       0       0       0       0       0       0       0       0       0       
      +0       0       0
 10137 ;;Total ram usage:       10 bytes
 10138 ;; Hardware stack levels used: 1
 10139 ;; Hardware stack levels required when called: 4
 10140 ;; This function calls:
 10141 ;;		_I2CM_enuWriteBuffer
 10142 ;;		_LCD_kpkstrGetLcdConfig
 10143 ;; This function is called by:
 10144 ;;		_bPulseEnable
 10145 ;;		_bWrite4Bits
 10146 ;;		_LCD_vidInitialize
 10147 ;;		_bEnableBackLight
 10148 ;; This function uses a non-reentrant model
 10149 ;;
 10150                           
 10151                           	psect	text16
 10152   01144A                     __ptext16:
 10153                           	callstack 0
 10154   01144A                     _bSendToI2c:
 10155                           	callstack 24
 10156                           
 10157                           ;incstack = 0
 10158                           ;bSendToI2c@kenuDeviceId stored from wreg
 10159   01144A  6E22               	movwf	bSendToI2c@kenuDeviceId^0,c
 10160   01144C                     
 10161                           ;src/DRIVERS/LCD/Core/LCD.c: 280: static _Bool bSendToI2c(const LCD_tenuDeviceId kenuDev
      +                          iceId, const uint8_t ku8Data);src/DRIVERS/LCD/Core/LCD.c: 281: {;src/DRIVERS/LCD/Core/LC
      +                          D.c: 282:   _Bool bStatus = 0;
 10162   01144C  6A1E               	clrf	bSendToI2c@bStatus^0,c
 10163   01144E                     
 10164                           ;src/DRIVERS/LCD/Core/LCD.c: 283:   uint8_t u8Message = (ku8Data | LCD_astrDisplayData[k
      +                          enuDeviceId].u8BacklightLevel);
 10165   01144E  5022               	movf	bSendToI2c@kenuDeviceId^0,w,c
 10166   011450  0D0A               	mullw	10
 10167   011452  50F3               	movf	243,w,c
 10168   011454  0F95               	addlw	low (_LCD_astrDisplayData+2)
 10169   011456  6ED9               	movwf	fsr2l,c
 10170   011458  6ADA               	clrf	fsr2h,c
 10171   01145A  50DF               	movf	indf2,w,c
 10172   01145C  1019               	iorwf	bSendToI2c@ku8Data^0,w,c
 10173   01145E  6E1F               	movwf	bSendToI2c@u8Message^0,c
 10174   011460                     
 10175                           ;src/DRIVERS/LCD/Core/LCD.c: 284:   LCD_tstrLcdConfig const *pkstrThisConfig = LCD_kpkst
      +                          rGetLcdConfig(kenuDeviceId);
 10176   011460  5022               	movf	bSendToI2c@kenuDeviceId^0,w,c
 10177   011462  EC23  F08B         	call	_LCD_kpkstrGetLcdConfig
 10178   011466  C00E  F020         	movff	?_LCD_kpkstrGetLcdConfig,bSendToI2c@pkstrThisConfig
 10179   01146A  C00F  F021         	movff	?_LCD_kpkstrGetLcdConfig+1,bSendToI2c@pkstrThisConfig+1
 10180   01146E                     
 10181                           ;src/DRIVERS/LCD/Core/LCD.c: 286:   if(I2CM_enuWriteBuffer(pkstrThisConfig->enuI2cInstan
      +                          ce, pkstrThisConfig->u8I2cSlaveAddress, &u8Message, sizeof(u8Message)) == I2CM_eSTATUS_O
      +                          K)
 10182   01146E  0E02               	movlw	2
 10183   011470  2420               	addwf	bSendToI2c@pkstrThisConfig^0,w,c
 10184   011472  6E1A               	movwf	??_bSendToI2c^0,c
 10185   011474  0E00               	movlw	0
 10186   011476  2021               	addwfc	(bSendToI2c@pkstrThisConfig+1)^0,w,c
 10187   011478  6E1B               	movwf	(??_bSendToI2c+1)^0,c
 10188   01147A  C01A  FFF6         	movff	??_bSendToI2c,tblptrl
 10189   01147E  C01B  FFF7         	movff	??_bSendToI2c+1,tblptrh
 10190   011482                     	if	0	;tblptru may be non-zero
 10191   011482                     	endif
 10192   011482                     	if	1	;Program memory is > 0xFFFF, there are 3 active tblptr bytes
 10193   011482  0E00               	movlw	low (__mediumconst shr (0+16))
 10194   011484  6EF8               	movwf	tblptru,c
 10195   011486                     	endif
 10196   011486  0008               	tblrd		*
 10197   011488  CFF5 F011          	movff	tablat,I2CM_enuWriteBuffer@ku8I2cSlaveAddress
 10198   01148C  0E1F               	movlw	low bSendToI2c@u8Message
 10199   01148E  6E12               	movwf	I2CM_enuWriteBuffer@kpku8TxBuffer^0,c
 10200   011490  0E00               	movlw	0
 10201   011492  6E14               	movwf	(I2CM_enuWriteBuffer@ku16TxBufferSize+1)^0,c
 10202   011494  0E01               	movlw	1
 10203   011496  6E13               	movwf	I2CM_enuWriteBuffer@ku16TxBufferSize^0,c
 10204   011498  0E01               	movlw	1
 10205   01149A  2420               	addwf	bSendToI2c@pkstrThisConfig^0,w,c
 10206   01149C  6E1C               	movwf	(??_bSendToI2c+2)^0,c
 10207   01149E  0E00               	movlw	0
 10208   0114A0  2021               	addwfc	(bSendToI2c@pkstrThisConfig+1)^0,w,c
 10209   0114A2  6E1D               	movwf	(??_bSendToI2c+3)^0,c
 10210   0114A4  C01C  FFF6         	movff	??_bSendToI2c+2,tblptrl
 10211   0114A8  C01D  FFF7         	movff	??_bSendToI2c+3,tblptrh
 10212   0114AC                     	if	0	;tblptru may be non-zero
 10213   0114AC                     	endif
 10214   0114AC                     	if	1	;Program memory is > 0xFFFF, there are 3 active tblptr bytes
 10215   0114AC  0E00               	movlw	low (__mediumconst shr (0+16))
 10216   0114AE  6EF8               	movwf	tblptru,c
 10217   0114B0                     	endif
 10218   0114B0  0008               	tblrd		*
 10219   0114B2  50F5               	movf	tablat,w,c
 10220   0114B4  EC9A  F087         	call	_I2CM_enuWriteBuffer
 10221   0114B8  0900               	iorlw	0
 10222   0114BA  A4D8               	btfss	status,2,c
 10223   0114BC  EF62  F08A         	goto	u2311
 10224   0114C0  EF64  F08A         	goto	u2310
 10225   0114C4                     u2311:
 10226   0114C4  EF66  F08A         	goto	l59
 10227   0114C8                     u2310:
 10228   0114C8                     
 10229                           ;src/DRIVERS/LCD/Core/LCD.c: 287:   {;src/DRIVERS/LCD/Core/LCD.c: 288:     bStatus = 1;
 10230   0114C8  0E01               	movlw	1
 10231   0114CA  6E1E               	movwf	bSendToI2c@bStatus^0,c
 10232   0114CC                     l59:
 10233                           
 10234                           ;src/DRIVERS/LCD/Core/LCD.c: 291:   return bStatus;
 10235   0114CC  501E               	movf	bSendToI2c@bStatus^0,w,c
 10236   0114CE  0012               	return		;funcret
 10237   0114D0                     __end_of_bSendToI2c:
 10238                           	callstack 0
 10239                           
 10240 ;; *************** function _LCD_kpkstrGetLcdConfig *****************
 10241 ;; Defined at:
 10242 ;;		line 71 in file "src/DRIVERS/LCD/Conf/LCD_cfg.c"
 10243 ;; Parameters:    Size  Location     Type
 10244 ;;  kenuDeviceId    1    wreg     const enum E13287
 10245 ;; Auto vars:     Size  Location     Type
 10246 ;;  kenuDeviceId    1   22[COMRAM] const enum E13287
 10247 ;;  pkstrThisCon    2   20[COMRAM] PTR const struct LCD_tst
 10248 ;;		 -> LCD_kastrLcdConfigList(8), NULL(0), 
 10249 ;; Return value:  Size  Location     Type
 10250 ;;                  2   13[COMRAM] PTR const struct LCD_tst
 10251 ;; Registers used:
 10252 ;;		wreg, status,2, status,0, prodl, prodh
 10253 ;; Tracked objects:
 10254 ;;		On entry : 0/0
 10255 ;;		On exit  : 0/0
 10256 ;;		Unchanged: 0/0
 10257 ;; Data sizes:     COMRAM   BANK0   BANK1   BANK2   BANK3   BANK4   BANK5   BANK6   BANK7   BANK8   BANK9  BANK10  BANK1
      +1  BANK12  BANK14
 10258 ;;      Params:         3       0       0       0       0       0       0       0       0       0       0       0       
      +0       0       0
 10259 ;;      Locals:         3       0       0       0       0       0       0       0       0       0       0       0       
      +0       0       0
 10260 ;;      Temps:          4       0       0       0       0       0       0       0       0       0       0       0       
      +0       0       0
 10261 ;;      Totals:        10       0       0       0       0       0       0       0       0       0       0       0       
      +0       0       0
 10262 ;;Total ram usage:       10 bytes
 10263 ;; Hardware stack levels used: 1
 10264 ;; Hardware stack levels required when called: 2
 10265 ;; This function calls:
 10266 ;;		Nothing
 10267 ;; This function is called by:
 10268 ;;		_bSendToI2c
 10269 ;;		_bSetCursor
 10270 ;;		_LCD_vidInitialize
 10271 ;;		_LCD_enuSetBacklightOn
 10272 ;;		_LCD_enuSetBacklightOff
 10273 ;;		_LCD_enuSetCursor
 10274 ;;		_LCD_enuWriteText
 10275 ;;		_LCD_enuPrintf
 10276 ;;		_LCD_enuClearAll
 10277 ;; This function uses a non-reentrant model
 10278 ;;
 10279                           
 10280                           	psect	text17
 10281   011646                     __ptext17:
 10282                           	callstack 0
 10283   011646                     _LCD_kpkstrGetLcdConfig:
 10284                           	callstack 25
 10285                           
 10286                           ;incstack = 0
 10287                           ;LCD_kpkstrGetLcdConfig@kenuDeviceId stored from wreg
 10288   011646  6E17               	movwf	LCD_kpkstrGetLcdConfig@kenuDeviceId^0,c
 10289   011648                     
 10290                           ;src/DRIVERS/LCD/Conf/LCD_cfg.c: 71: LCD_tstrLcdConfig const * const LCD_kpkstrGetLcdCon
      +                          fig(const LCD_tenuDeviceId kenuDeviceId);src/DRIVERS/LCD/Conf/LCD_cfg.c: 72: {;src/DRIVE
      +                          RS/LCD/Conf/LCD_cfg.c: 73:   LCD_tstrLcdConfig const *pkstrThisConfig = ((void*)0);
 10291   011648  0E00               	movlw	0
 10292   01164A  6E15               	movwf	LCD_kpkstrGetLcdConfig@pkstrThisConfig^0,c
 10293   01164C  0E00               	movlw	0
 10294   01164E  6E16               	movwf	(LCD_kpkstrGetLcdConfig@pkstrThisConfig+1)^0,c
 10295   011650                     
 10296                           ;src/DRIVERS/LCD/Conf/LCD_cfg.c: 75:   if((LCD_eDEVICE_ID_BEGIN < kenuDeviceId) && (kenu
      +                          DeviceId < LCD_eDEVICE_ID_END))
 10297   011650  BE17               	btfsc	LCD_kpkstrGetLcdConfig@kenuDeviceId^0,7,c
 10298   011652  EF2D  F08B         	goto	u2191
 10299   011656  EF2F  F08B         	goto	u2190
 10300   01165A                     u2191:
 10301   01165A  EF4D  F08B         	goto	l2877
 10302   01165E                     u2190:
 10303   01165E  5017               	movf	LCD_kpkstrGetLcdConfig@kenuDeviceId^0,w,c
 10304   011660  0A80               	xorlw	128
 10305   011662  0F7F               	addlw	-129
 10306   011664  B0D8               	btfsc	status,0,c
 10307   011666  EF37  F08B         	goto	u2201
 10308   01166A  EF39  F08B         	goto	u2200
 10309   01166E                     u2201:
 10310   01166E  EF4D  F08B         	goto	l2877
 10311   011672                     u2200:
 10312   011672                     
 10313                           ;src/DRIVERS/LCD/Conf/LCD_cfg.c: 76:   {;src/DRIVERS/LCD/Conf/LCD_cfg.c: 77:     pkstrTh
      +                          isConfig = &LCD_kastrLcdConfigList[kenuDeviceId];
 10314   011672  C017  F011         	movff	LCD_kpkstrGetLcdConfig@kenuDeviceId,??_LCD_kpkstrGetLcdConfig
 10315   011676  6A12               	clrf	(??_LCD_kpkstrGetLcdConfig+1)^0,c
 10316   011678  BE11               	btfsc	??_LCD_kpkstrGetLcdConfig^0,7,c
 10317   01167A  0612               	decf	(??_LCD_kpkstrGetLcdConfig+1)^0,f,c
 10318   01167C  0E08               	movlw	8
 10319   01167E  0211               	mulwf	??_LCD_kpkstrGetLcdConfig^0,c
 10320   011680  CFF3 F013          	movff	prodl,??_LCD_kpkstrGetLcdConfig+2
 10321   011684  CFF4 F014          	movff	prodh,??_LCD_kpkstrGetLcdConfig+3
 10322   011688  0212               	mulwf	(??_LCD_kpkstrGetLcdConfig+1)^0,c
 10323   01168A  50F3               	movf	prodl,w,c
 10324   01168C  2614               	addwf	(??_LCD_kpkstrGetLcdConfig+3)^0,f,c
 10325   01168E  0E51               	movlw	low _LCD_kastrLcdConfigList
 10326   011690  2413               	addwf	(??_LCD_kpkstrGetLcdConfig+2)^0,w,c
 10327   011692  6E15               	movwf	LCD_kpkstrGetLcdConfig@pkstrThisConfig^0,c
 10328   011694  0EFE               	movlw	high _LCD_kastrLcdConfigList
 10329   011696  2014               	addwfc	(??_LCD_kpkstrGetLcdConfig+3)^0,w,c
 10330   011698  6E16               	movwf	(LCD_kpkstrGetLcdConfig@pkstrThisConfig+1)^0,c
 10331   01169A                     l2877:
 10332                           
 10333                           ;src/DRIVERS/LCD/Conf/LCD_cfg.c: 80:   return pkstrThisConfig;
 10334   01169A  C015  F00E         	movff	LCD_kpkstrGetLcdConfig@pkstrThisConfig,?_LCD_kpkstrGetLcdConfig
 10335   01169E  C016  F00F         	movff	LCD_kpkstrGetLcdConfig@pkstrThisConfig+1,?_LCD_kpkstrGetLcdConfig+1
 10336   0116A2  0012               	return		;funcret
 10337   0116A4                     __end_of_LCD_kpkstrGetLcdConfig:
 10338                           	callstack 0
 10339                           
 10340 ;; *************** function _I2CM_enuWriteBuffer *****************
 10341 ;; Defined at:
 10342 ;;		line 109 in file "src/HARDWARE/I2CM/I2CM.c"
 10343 ;; Parameters:    Size  Location     Type
 10344 ;;  kenuI2cId       1    wreg     const enum E13265
 10345 ;;  ku8I2cSlaveA    1   16[COMRAM] const unsigned char 
 10346 ;;  kpku8TxBuffe    1   17[COMRAM] const PTR const unsigned
 10347 ;;		 -> bSendToI2c@u8Message(1), 
 10348 ;;  ku16TxBuffer    2   18[COMRAM] const unsigned short 
 10349 ;; Auto vars:     Size  Location     Type
 10350 ;;  kenuI2cId       1   20[COMRAM] const enum E13265
 10351 ;;  u16Index        2   21[COMRAM] unsigned short 
 10352 ;;  enuStatus       1   23[COMRAM] enum E13255
 10353 ;; Return value:  Size  Location     Type
 10354 ;;                  1    wreg      enum E13424
 10355 ;; Registers used:
 10356 ;;		wreg, fsr2l, fsr2h, status,2, status,0, cstack
 10357 ;; Tracked objects:
 10358 ;;		On entry : 0/0
 10359 ;;		On exit  : 0/0
 10360 ;;		Unchanged: 0/0
 10361 ;; Data sizes:     COMRAM   BANK0   BANK1   BANK2   BANK3   BANK4   BANK5   BANK6   BANK7   BANK8   BANK9  BANK10  BANK1
      +1  BANK12  BANK14
 10362 ;;      Params:         4       0       0       0       0       0       0       0       0       0       0       0       
      +0       0       0
 10363 ;;      Locals:         4       0       0       0       0       0       0       0       0       0       0       0       
      +0       0       0
 10364 ;;      Temps:          0       0       0       0       0       0       0       0       0       0       0       0       
      +0       0       0
 10365 ;;      Totals:         8       0       0       0       0       0       0       0       0       0       0       0       
      +0       0       0
 10366 ;;Total ram usage:        8 bytes
 10367 ;; Hardware stack levels used: 1
 10368 ;; Hardware stack levels required when called: 3
 10369 ;; This function calls:
 10370 ;;		_bI2cReservedAddress
 10371 ;;		_vidI2c1IsrFlagPolling
 10372 ;; This function is called by:
 10373 ;;		_bSendToI2c
 10374 ;; This function uses a non-reentrant model
 10375 ;;
 10376                           
 10377                           	psect	text18
 10378   010F34                     __ptext18:
 10379                           	callstack 0
 10380   010F34                     _I2CM_enuWriteBuffer:
 10381                           	callstack 24
 10382                           
 10383                           ;incstack = 0
 10384                           ;I2CM_enuWriteBuffer@kenuI2cId stored from wreg
 10385   010F34  6E15               	movwf	I2CM_enuWriteBuffer@kenuI2cId^0,c
 10386   010F36                     
 10387                           ;src/HARDWARE/I2CM/I2CM.c: 117:   if(kenuI2cId >= I2CM_I2C_ID_COUNT)
 10388   010F36  5015               	movf	I2CM_enuWriteBuffer@kenuI2cId^0,w,c
 10389   010F38  B4D8               	btfsc	status,2,c
 10390   010F3A  EFA1  F087         	goto	u2211
 10391   010F3E  EFA3  F087         	goto	u2210
 10392   010F42                     u2211:
 10393   010F42  EFA7  F087         	goto	l2889
 10394   010F46                     u2210:
 10395   010F46                     
 10396                           ;src/HARDWARE/I2CM/I2CM.c: 118:   {;src/HARDWARE/I2CM/I2CM.c: 119:     enuStatus = I2CM_
      +                          eSTATUS_INVALID_I2C_ID;
 10397   010F46  0E02               	movlw	2
 10398   010F48  6E18               	movwf	I2CM_enuWriteBuffer@enuStatus^0,c
 10399                           
 10400                           ;src/HARDWARE/I2CM/I2CM.c: 120:   }
 10401   010F4A  EF19  F088         	goto	l2937
 10402   010F4E                     l2889:
 10403   010F4E  5011               	movf	I2CM_enuWriteBuffer@ku8I2cSlaveAddress^0,w,c
 10404   010F50  ECC9  F08C         	call	_bI2cReservedAddress
 10405   010F54  0900               	iorlw	0
 10406   010F56  B4D8               	btfsc	status,2,c
 10407   010F58  EFB0  F087         	goto	u2221
 10408   010F5C  EFB2  F087         	goto	u2220
 10409   010F60                     u2221:
 10410   010F60  EFB6  F087         	goto	l2893
 10411   010F64                     u2220:
 10412   010F64                     
 10413                           ;src/HARDWARE/I2CM/I2CM.c: 122:   {;src/HARDWARE/I2CM/I2CM.c: 123:     enuStatus = I2CM_
      +                          eSTATUS_INVALID_SLAVE_ADDRESS;
 10414   010F64  0E03               	movlw	3
 10415   010F66  6E18               	movwf	I2CM_enuWriteBuffer@enuStatus^0,c
 10416                           
 10417                           ;src/HARDWARE/I2CM/I2CM.c: 124:   }
 10418   010F68  EF19  F088         	goto	l2937
 10419   010F6C                     l2893:
 10420   010F6C  5012               	movf	I2CM_enuWriteBuffer@kpku8TxBuffer^0,w,c
 10421   010F6E  A4D8               	btfss	status,2,c
 10422   010F70  EFBC  F087         	goto	u2231
 10423   010F74  EFBE  F087         	goto	u2230
 10424   010F78                     u2231:
 10425   010F78  EFC2  F087         	goto	l2897
 10426   010F7C                     u2230:
 10427   010F7C                     
 10428                           ;src/HARDWARE/I2CM/I2CM.c: 126:   {;src/HARDWARE/I2CM/I2CM.c: 127:     enuStatus = I2CM_
      +                          eSTATUS_NULL_POINTER;
 10429   010F7C  0E04               	movlw	4
 10430   010F7E  6E18               	movwf	I2CM_enuWriteBuffer@enuStatus^0,c
 10431                           
 10432                           ;src/HARDWARE/I2CM/I2CM.c: 128:   }
 10433   010F80  EF19  F088         	goto	l2937
 10434   010F84                     l2897:
 10435   010F84  5013               	movf	I2CM_enuWriteBuffer@ku16TxBufferSize^0,w,c
 10436   010F86  1014               	iorwf	(I2CM_enuWriteBuffer@ku16TxBufferSize+1)^0,w,c
 10437   010F88  A4D8               	btfss	status,2,c
 10438   010F8A  EFC9  F087         	goto	u2241
 10439   010F8E  EFCB  F087         	goto	u2240
 10440   010F92                     u2241:
 10441   010F92  EFCF  F087         	goto	l402
 10442   010F96                     u2240:
 10443   010F96                     
 10444                           ;src/HARDWARE/I2CM/I2CM.c: 130:   {;src/HARDWARE/I2CM/I2CM.c: 131:     enuStatus = I2CM_
      +                          eSTATUS_EMPTY_BUFFER;
 10445   010F96  0E05               	movlw	5
 10446   010F98  6E18               	movwf	I2CM_enuWriteBuffer@enuStatus^0,c
 10447                           
 10448                           ;src/HARDWARE/I2CM/I2CM.c: 132:   }
 10449   010F9A  EF19  F088         	goto	l2937
 10450   010F9E                     l402:
 10451                           
 10452                           ;src/HARDWARE/I2CM/I2CM.c: 134:   {;src/HARDWARE/I2CM/I2CM.c: 136:     PIR3bits.SSP1IF =
      +                           0;
 10453   010F9E  010E               	movlb	14	; () banked
 10454   010FA0  91C8               	bcf	200,0,b	;volatile
 10455                           
 10456                           ;src/HARDWARE/I2CM/I2CM.c: 139:     SSP1CON1bits.SSPEN = 1;
 10457   010FA2  8A95               	bsf	149,5,c	;volatile
 10458                           
 10459                           ;src/HARDWARE/I2CM/I2CM.c: 142:     SSP1CON2bits.SEN = 1;
 10460   010FA4  8096               	bsf	150,0,c	;volatile
 10461   010FA6                     
 10462                           ; BSR set to: 14
 10463                           ;src/HARDWARE/I2CM/I2CM.c: 144:     vidI2c1IsrFlagPolling();
 10464   010FA6  EC6E  F08D         	call	_vidI2c1IsrFlagPolling	;wreg free
 10465   010FAA                     
 10466                           ;src/HARDWARE/I2CM/I2CM.c: 146:     SSP1BUF = (uint8_t)((ku8I2cSlaveAddress << 1) & ~0x0
      +                          1);
 10467   010FAA  5011               	movf	I2CM_enuWriteBuffer@ku8I2cSlaveAddress^0,w,c
 10468   010FAC  2411               	addwf	I2CM_enuWriteBuffer@ku8I2cSlaveAddress^0,w,c
 10469   010FAE  0BFE               	andlw	254
 10470   010FB0  6E91               	movwf	145,c	;volatile
 10471   010FB2                     
 10472                           ;src/HARDWARE/I2CM/I2CM.c: 148:     vidI2c1IsrFlagPolling();
 10473   010FB2  EC6E  F08D         	call	_vidI2c1IsrFlagPolling	;wreg free
 10474   010FB6                     
 10475                           ;src/HARDWARE/I2CM/I2CM.c: 150:     if(SSP1CON2bits.ACKSTAT)
 10476   010FB6  AC96               	btfss	150,6,c	;volatile
 10477   010FB8  EFE0  F087         	goto	u2251
 10478   010FBC  EFE2  F087         	goto	u2250
 10479   010FC0                     u2251:
 10480   010FC0  EFE7  F087         	goto	l2913
 10481   010FC4                     u2250:
 10482   010FC4                     
 10483                           ;src/HARDWARE/I2CM/I2CM.c: 151:     {;src/HARDWARE/I2CM/I2CM.c: 152:         enuStatus =
      +                           I2CM_eSTATUS_NO_ACKED;
 10484   010FC4  0E06               	movlw	6
 10485   010FC6  6E18               	movwf	I2CM_enuWriteBuffer@enuStatus^0,c
 10486   010FC8                     
 10487                           ;src/HARDWARE/I2CM/I2CM.c: 155:         SSP1CON1bits.SSPEN = 0;
 10488   010FC8  9A95               	bcf	149,5,c	;volatile
 10489                           
 10490                           ;src/HARDWARE/I2CM/I2CM.c: 156:     }
 10491   010FCA  EF19  F088         	goto	l2937
 10492   010FCE                     l2913:
 10493                           
 10494                           ;src/HARDWARE/I2CM/I2CM.c: 158:     {;src/HARDWARE/I2CM/I2CM.c: 159:       for(u16Index 
      +                          = 0, enuStatus = I2CM_eSTATUS_OK; ((u16Index < ku16TxBufferSize) && (enuStatus == I2CM_e
      +                          STATUS_OK)); u16Index++)
 10495   010FCE  0E00               	movlw	0
 10496   010FD0  6E17               	movwf	(I2CM_enuWriteBuffer@u16Index+1)^0,c
 10497   010FD2  0E00               	movlw	0
 10498   010FD4  6E16               	movwf	I2CM_enuWriteBuffer@u16Index^0,c
 10499   010FD6  6A18               	clrf	I2CM_enuWriteBuffer@enuStatus^0,c
 10500   010FD8  EF02  F088         	goto	l2929
 10501   010FDC                     l2917:
 10502                           
 10503                           ;src/HARDWARE/I2CM/I2CM.c: 160:       {;src/HARDWARE/I2CM/I2CM.c: 161:         SSP1BUF =
      +                           kpku8TxBuffer[u16Index];
 10504   010FDC  5012               	movf	I2CM_enuWriteBuffer@kpku8TxBuffer^0,w,c
 10505   010FDE  2416               	addwf	I2CM_enuWriteBuffer@u16Index^0,w,c
 10506   010FE0  6ED9               	movwf	fsr2l,c
 10507   010FE2  6ADA               	clrf	fsr2h,c
 10508   010FE4  50DF               	movf	indf2,w,c
 10509   010FE6  6E91               	movwf	145,c	;volatile
 10510   010FE8                     
 10511                           ;src/HARDWARE/I2CM/I2CM.c: 163:         vidI2c1IsrFlagPolling();
 10512   010FE8  EC6E  F08D         	call	_vidI2c1IsrFlagPolling	;wreg free
 10513   010FEC                     
 10514                           ;src/HARDWARE/I2CM/I2CM.c: 165:         if(SSP1CON2bits.ACKSTAT)
 10515   010FEC  AC96               	btfss	150,6,c	;volatile
 10516   010FEE  EFFB  F087         	goto	u2261
 10517   010FF2  EFFD  F087         	goto	u2260
 10518   010FF6                     u2261:
 10519   010FF6  EF00  F088         	goto	l2927
 10520   010FFA                     u2260:
 10521   010FFA                     
 10522                           ;src/HARDWARE/I2CM/I2CM.c: 166:         {;src/HARDWARE/I2CM/I2CM.c: 167:           enuSt
      +                          atus = I2CM_eSTATUS_NO_OK;
 10523   010FFA  0E01               	movlw	1
 10524   010FFC  6E18               	movwf	I2CM_enuWriteBuffer@enuStatus^0,c
 10525   010FFE                     
 10526                           ;src/HARDWARE/I2CM/I2CM.c: 170:           SSP1CON1bits.SSPEN = 0;
 10527   010FFE  9A95               	bcf	149,5,c	;volatile
 10528   011000                     l2927:
 10529                           
 10530                           ;src/HARDWARE/I2CM/I2CM.c: 172:       }
 10531   011000  4A16               	infsnz	I2CM_enuWriteBuffer@u16Index^0,f,c
 10532   011002  2A17               	incf	(I2CM_enuWriteBuffer@u16Index+1)^0,f,c
 10533   011004                     l2929:
 10534   011004  5013               	movf	I2CM_enuWriteBuffer@ku16TxBufferSize^0,w,c
 10535   011006  5C16               	subwf	I2CM_enuWriteBuffer@u16Index^0,w,c
 10536   011008  5014               	movf	(I2CM_enuWriteBuffer@ku16TxBufferSize+1)^0,w,c
 10537   01100A  5817               	subwfb	(I2CM_enuWriteBuffer@u16Index+1)^0,w,c
 10538   01100C  B0D8               	btfsc	status,0,c
 10539   01100E  EF0B  F088         	goto	u2271
 10540   011012  EF0D  F088         	goto	u2270
 10541   011016                     u2271:
 10542   011016  EF15  F088         	goto	l411
 10543   01101A                     u2270:
 10544   01101A  5018               	movf	I2CM_enuWriteBuffer@enuStatus^0,w,c
 10545   01101C  B4D8               	btfsc	status,2,c
 10546   01101E  EF13  F088         	goto	u2281
 10547   011022  EF15  F088         	goto	u2280
 10548   011026                     u2281:
 10549   011026  EFEE  F087         	goto	l2917
 10550   01102A                     u2280:
 10551   01102A                     l411:
 10552                           
 10553                           ;src/HARDWARE/I2CM/I2CM.c: 175:       SSP1CON2bits.PEN = 1;
 10554   01102A  8496               	bsf	150,2,c	;volatile
 10555   01102C                     
 10556                           ;src/HARDWARE/I2CM/I2CM.c: 177:       vidI2c1IsrFlagPolling();
 10557   01102C  EC6E  F08D         	call	_vidI2c1IsrFlagPolling	;wreg free
 10558   011030                     
 10559                           ;src/HARDWARE/I2CM/I2CM.c: 180:       SSP1CON1bits.SSPEN = 0;
 10560   011030  9A95               	bcf	149,5,c	;volatile
 10561   011032                     l2937:
 10562                           
 10563                           ;src/HARDWARE/I2CM/I2CM.c: 184:   return enuStatus;
 10564   011032  5018               	movf	I2CM_enuWriteBuffer@enuStatus^0,w,c
 10565   011034  0012               	return		;funcret
 10566   011036                     __end_of_I2CM_enuWriteBuffer:
 10567                           	callstack 0
 10568                           
 10569 ;; *************** function _vidI2c1IsrFlagPolling *****************
 10570 ;; Defined at:
 10571 ;;		line 69 in file "src/HARDWARE/I2CM/I2CM.c"
 10572 ;; Parameters:    Size  Location     Type
 10573 ;;		None
 10574 ;; Auto vars:     Size  Location     Type
 10575 ;;		None
 10576 ;; Return value:  Size  Location     Type
 10577 ;;                  1    wreg      void 
 10578 ;; Registers used:
 10579 ;;		None
 10580 ;; Tracked objects:
 10581 ;;		On entry : 0/0
 10582 ;;		On exit  : 0/0
 10583 ;;		Unchanged: 0/0
 10584 ;; Data sizes:     COMRAM   BANK0   BANK1   BANK2   BANK3   BANK4   BANK5   BANK6   BANK7   BANK8   BANK9  BANK10  BANK1
      +1  BANK12  BANK14
 10585 ;;      Params:         0       0       0       0       0       0       0       0       0       0       0       0       
      +0       0       0
 10586 ;;      Locals:         0       0       0       0       0       0       0       0       0       0       0       0       
      +0       0       0
 10587 ;;      Temps:          0       0       0       0       0       0       0       0       0       0       0       0       
      +0       0       0
 10588 ;;      Totals:         0       0       0       0       0       0       0       0       0       0       0       0       
      +0       0       0
 10589 ;;Total ram usage:        0 bytes
 10590 ;; Hardware stack levels used: 1
 10591 ;; Hardware stack levels required when called: 2
 10592 ;; This function calls:
 10593 ;;		Nothing
 10594 ;; This function is called by:
 10595 ;;		_I2CM_enuWriteBuffer
 10596 ;;		_I2CM_enuReadBuffer
 10597 ;; This function uses a non-reentrant model
 10598 ;;
 10599                           
 10600                           	psect	text19
 10601   011ADC                     __ptext19:
 10602                           	callstack 0
 10603   011ADC                     _vidI2c1IsrFlagPolling:
 10604                           	callstack 24
 10605   011ADC                     l387:
 10606   011ADC  010E               	movlb	14	; () banked
 10607   011ADE  A1C8               	btfss	200,0,b	;volatile
 10608   011AE0  EF74  F08D         	goto	u2181
 10609   011AE4  EF76  F08D         	goto	u2180
 10610   011AE8                     u2181:
 10611   011AE8  EF6E  F08D         	goto	l387
 10612   011AEC                     u2180:
 10613   011AEC                     
 10614                           ; BSR set to: 14
 10615                           ;src/HARDWARE/I2CM/I2CM.c: 75:   PIR3bits.SSP1IF = 0;
 10616   011AEC  91C8               	bcf	200,0,b	;volatile
 10617   011AEE                     
 10618                           ; BSR set to: 14
 10619   011AEE  0012               	return		;funcret
 10620   011AF0                     __end_of_vidI2c1IsrFlagPolling:
 10621                           	callstack 0
 10622                           
 10623 ;; *************** function _bI2cReservedAddress *****************
 10624 ;; Defined at:
 10625 ;;		line 62 in file "src/HARDWARE/I2CM/I2CM.c"
 10626 ;; Parameters:    Size  Location     Type
 10627 ;;  ku8I2cAddres    1    wreg     const unsigned char 
 10628 ;; Auto vars:     Size  Location     Type
 10629 ;;  ku8I2cAddres    1   15[COMRAM] const unsigned char 
 10630 ;; Return value:  Size  Location     Type
 10631 ;;                  1    wreg      _Bool 
 10632 ;; Registers used:
 10633 ;;		wreg, status,2, status,0
 10634 ;; Tracked objects:
 10635 ;;		On entry : 0/0
 10636 ;;		On exit  : 0/0
 10637 ;;		Unchanged: 0/0
 10638 ;; Data sizes:     COMRAM   BANK0   BANK1   BANK2   BANK3   BANK4   BANK5   BANK6   BANK7   BANK8   BANK9  BANK10  BANK1
      +1  BANK12  BANK14
 10639 ;;      Params:         0       0       0       0       0       0       0       0       0       0       0       0       
      +0       0       0
 10640 ;;      Locals:         2       0       0       0       0       0       0       0       0       0       0       0       
      +0       0       0
 10641 ;;      Temps:          1       0       0       0       0       0       0       0       0       0       0       0       
      +0       0       0
 10642 ;;      Totals:         3       0       0       0       0       0       0       0       0       0       0       0       
      +0       0       0
 10643 ;;Total ram usage:        3 bytes
 10644 ;; Hardware stack levels used: 1
 10645 ;; Hardware stack levels required when called: 2
 10646 ;; This function calls:
 10647 ;;		Nothing
 10648 ;; This function is called by:
 10649 ;;		_I2CM_enuWriteBuffer
 10650 ;;		_I2CM_enuReadBuffer
 10651 ;; This function uses a non-reentrant model
 10652 ;;
 10653                           
 10654                           	psect	text20
 10655   011992                     __ptext20:
 10656                           	callstack 0
 10657   011992                     _bI2cReservedAddress:
 10658                           	callstack 24
 10659                           
 10660                           ; BSR set to: 14
 10661                           ;incstack = 0
 10662                           ;bI2cReservedAddress@ku8I2cAddress stored from wreg
 10663   011992  6E10               	movwf	bI2cReservedAddress@ku8I2cAddress^0,c
 10664   011994                     
 10665                           ;src/HARDWARE/I2CM/I2CM.c: 62: static _Bool bI2cReservedAddress(const uint8_t ku8I2cAddr
      +                          ess);src/HARDWARE/I2CM/I2CM.c: 63: {;src/HARDWARE/I2CM/I2CM.c: 64:   return ((ku8I2cAddr
      +                          ess & 0x78) == 0) || ((ku8I2cAddress & 0x78) == 0x78);
 10666   011994  0E01               	movlw	1
 10667   011996  6E0F               	movwf	_bI2cReservedAddress$1152^0,c
 10668   011998  C010  F00E         	movff	bI2cReservedAddress@ku8I2cAddress,??_bI2cReservedAddress
 10669   01199C  0E78               	movlw	120
 10670   01199E  160E               	andwf	??_bI2cReservedAddress^0,f,c
 10671   0119A0  B4D8               	btfsc	status,2,c
 10672   0119A2  EFD5  F08C         	goto	u2161
 10673   0119A6  EFD7  F08C         	goto	u2160
 10674   0119AA                     u2161:
 10675   0119AA  EFE2  F08C         	goto	l2863
 10676   0119AE                     u2160:
 10677   0119AE  5010               	movf	bI2cReservedAddress@ku8I2cAddress^0,w,c
 10678   0119B0  0B78               	andlw	120
 10679   0119B2  0A78               	xorlw	120
 10680   0119B4  B4D8               	btfsc	status,2,c
 10681   0119B6  EFDF  F08C         	goto	u2171
 10682   0119BA  EFE1  F08C         	goto	u2170
 10683   0119BE                     u2171:
 10684   0119BE  EFE2  F08C         	goto	l2863
 10685   0119C2                     u2170:
 10686   0119C2  6A0F               	clrf	_bI2cReservedAddress$1152^0,c
 10687   0119C4                     l2863:
 10688   0119C4  500F               	movf	_bI2cReservedAddress$1152^0,w,c
 10689   0119C6  0012               	return		;funcret
 10690   0119C8                     __end_of_bI2cReservedAddress:
 10691                           	callstack 0
 10692                           
 10693 ;; *************** function _CMN_vidDelayMs *****************
 10694 ;; Defined at:
 10695 ;;		line 200 in file "src/TOOLS/Common/Core/Common.c"
 10696 ;; Parameters:    Size  Location     Type
 10697 ;;  ku32DelayMs     4   22[COMRAM] const unsigned long 
 10698 ;; Auto vars:     Size  Location     Type
 10699 ;;		None
 10700 ;; Return value:  Size  Location     Type
 10701 ;;                  1    wreg      void 
 10702 ;; Registers used:
 10703 ;;		wreg, status,2, status,0, cstack
 10704 ;; Tracked objects:
 10705 ;;		On entry : 0/0
 10706 ;;		On exit  : 0/0
 10707 ;;		Unchanged: 0/0
 10708 ;; Data sizes:     COMRAM   BANK0   BANK1   BANK2   BANK3   BANK4   BANK5   BANK6   BANK7   BANK8   BANK9  BANK10  BANK1
      +1  BANK12  BANK14
 10709 ;;      Params:         4       0       0       0       0       0       0       0       0       0       0       0       
      +0       0       0
 10710 ;;      Locals:         0       0       0       0       0       0       0       0       0       0       0       0       
      +0       0       0
 10711 ;;      Temps:          0       0       0       0       0       0       0       0       0       0       0       0       
      +0       0       0
 10712 ;;      Totals:         4       0       0       0       0       0       0       0       0       0       0       0       
      +0       0       0
 10713 ;;Total ram usage:        4 bytes
 10714 ;; Hardware stack levels used: 1
 10715 ;; Hardware stack levels required when called: 3
 10716 ;; This function calls:
 10717 ;;		_CMN_vidPortDelayMs
 10718 ;; This function is called by:
 10719 ;;		_bPulseEnable
 10720 ;;		_bClearDisplay
 10721 ;;		_LCD_vidInitialize
 10722 ;;		_bWriteText
 10723 ;; This function uses a non-reentrant model
 10724 ;;
 10725                           
 10726                           	psect	text21
 10727   011AC6                     __ptext21:
 10728                           	callstack 0
 10729   011AC6                     _CMN_vidDelayMs:
 10730                           	callstack 24
 10731   011AC6                     
 10732                           ;src/TOOLS/Common/Core/Common.c: 200: void CMN_vidDelayMs(const uint32_t ku32DelayMs);sr
      +                          c/TOOLS/Common/Core/Common.c: 201: {;src/TOOLS/Common/Core/Common.c: 205:   CMN_vidPortD
      +                          elayMs(ku32DelayMs);
 10733   011AC6  C017  F00E         	movff	CMN_vidDelayMs@ku32DelayMs,CMN_vidPortDelayMs@ku32DelayMs
 10734   011ACA  C018  F00F         	movff	CMN_vidDelayMs@ku32DelayMs+1,CMN_vidPortDelayMs@ku32DelayMs+1
 10735   011ACE  C019  F010         	movff	CMN_vidDelayMs@ku32DelayMs+2,CMN_vidPortDelayMs@ku32DelayMs+2
 10736   011AD2  C01A  F011         	movff	CMN_vidDelayMs@ku32DelayMs+3,CMN_vidPortDelayMs@ku32DelayMs+3
 10737   011AD6  ECE8  F08A         	call	_CMN_vidPortDelayMs	;wreg free
 10738   011ADA  0012               	return		;funcret
 10739   011ADC                     __end_of_CMN_vidDelayMs:
 10740                           	callstack 0
 10741                           
 10742 ;; *************** function _I2CM_vidInitalize *****************
 10743 ;; Defined at:
 10744 ;;		line 82 in file "src/HARDWARE/I2CM/I2CM.c"
 10745 ;; Parameters:    Size  Location     Type
 10746 ;;		None
 10747 ;; Auto vars:     Size  Location     Type
 10748 ;;		None
 10749 ;; Return value:  Size  Location     Type
 10750 ;;                  1    wreg      void 
 10751 ;; Registers used:
 10752 ;;		wreg, status,2
 10753 ;; Tracked objects:
 10754 ;;		On entry : 0/0
 10755 ;;		On exit  : 0/0
 10756 ;;		Unchanged: 0/0
 10757 ;; Data sizes:     COMRAM   BANK0   BANK1   BANK2   BANK3   BANK4   BANK5   BANK6   BANK7   BANK8   BANK9  BANK10  BANK1
      +1  BANK12  BANK14
 10758 ;;      Params:         0       0       0       0       0       0       0       0       0       0       0       0       
      +0       0       0
 10759 ;;      Locals:         0       0       0       0       0       0       0       0       0       0       0       0       
      +0       0       0
 10760 ;;      Temps:          0       0       0       0       0       0       0       0       0       0       0       0       
      +0       0       0
 10761 ;;      Totals:         0       0       0       0       0       0       0       0       0       0       0       0       
      +0       0       0
 10762 ;;Total ram usage:        0 bytes
 10763 ;; Hardware stack levels used: 1
 10764 ;; Hardware stack levels required when called: 2
 10765 ;; This function calls:
 10766 ;;		Nothing
 10767 ;; This function is called by:
 10768 ;;		_main
 10769 ;; This function uses a non-reentrant model
 10770 ;;
 10771                           
 10772                           	psect	text22
 10773   011A2A                     __ptext22:
 10774                           	callstack 0
 10775   011A2A                     _I2CM_vidInitalize:
 10776                           	callstack 28
 10777   011A2A                     
 10778                           ;src/HARDWARE/I2CM/I2CM.c: 85:   SSP1CLKPPS = 0x09;
 10779   011A2A  0E09               	movlw	9
 10780   011A2C  010E               	movlb	14	; () banked
 10781   011A2E  6FB2               	movwf	178,b	;volatile
 10782                           
 10783                           ;src/HARDWARE/I2CM/I2CM.c: 86:   RB1PPS = 0x0F;
 10784   011A30  0E0F               	movlw	15
 10785   011A32  6FEB               	movwf	235,b	;volatile
 10786                           
 10787                           ;src/HARDWARE/I2CM/I2CM.c: 89:   SSP1DATPPS = 0x0A;
 10788   011A34  0E0A               	movlw	10
 10789   011A36  6FB3               	movwf	179,b	;volatile
 10790                           
 10791                           ;src/HARDWARE/I2CM/I2CM.c: 90:   RB2PPS = 0x10;
 10792   011A38  0E10               	movlw	16
 10793   011A3A  6FEC               	movwf	236,b	;volatile
 10794   011A3C                     
 10795                           ; BSR set to: 14
 10796                           ;src/HARDWARE/I2CM/I2CM.c: 93:   ANSELBbits.ANSELB1 = 0;
 10797   011A3C  010F               	movlb	15	; () banked
 10798   011A3E  9314               	bcf	20,1,b	;volatile
 10799   011A40                     
 10800                           ; BSR set to: 15
 10801                           ;src/HARDWARE/I2CM/I2CM.c: 94:   ANSELBbits.ANSELB2 = 0;
 10802   011A40  9514               	bcf	20,2,b	;volatile
 10803   011A42                     
 10804                           ; BSR set to: 15
 10805                           ;src/HARDWARE/I2CM/I2CM.c: 97:   WPUBbits.WPUB1 = 1;
 10806   011A42  8313               	bsf	19,1,b	;volatile
 10807   011A44                     
 10808                           ; BSR set to: 15
 10809                           ;src/HARDWARE/I2CM/I2CM.c: 98:   WPUBbits.WPUB2 = 1;
 10810   011A44  8513               	bsf	19,2,b	;volatile
 10811   011A46                     
 10812                           ; BSR set to: 15
 10813                           ;src/HARDWARE/I2CM/I2CM.c: 101:   SSP1CON1bits.SSPM3 = 1;
 10814   011A46  8695               	bsf	149,3,c	;volatile
 10815                           
 10816                           ;src/HARDWARE/I2CM/I2CM.c: 104:   SSP1ADD = 39;
 10817   011A48  0E27               	movlw	39
 10818   011A4A  6E92               	movwf	146,c	;volatile
 10819   011A4C                     
 10820                           ; BSR set to: 15
 10821   011A4C  0012               	return		;funcret
 10822   011A4E                     __end_of_I2CM_vidInitalize:
 10823                           	callstack 0
 10824                           
 10825 ;; *************** function _EUSART_vidInitialize *****************
 10826 ;; Defined at:
 10827 ;;		line 192 in file "src/HARDWARE/EUSART/EUSART.c"
 10828 ;; Parameters:    Size  Location     Type
 10829 ;;		None
 10830 ;; Auto vars:     Size  Location     Type
 10831 ;;  enuCLockId      1    9[BANK0 ] enum E13305
 10832 ;; Return value:  Size  Location     Type
 10833 ;;                  1    wreg      void 
 10834 ;; Registers used:
 10835 ;;		wreg, fsr0l, fsr0h, fsr1l, fsr1h, fsr2l, fsr2h, status,2, status,0, tblptrl, tblptrh, tblptru, prodl, prodh, cstack
 10836 ;; Tracked objects:
 10837 ;;		On entry : 0/0
 10838 ;;		On exit  : 0/0
 10839 ;;		Unchanged: 0/0
 10840 ;; Data sizes:     COMRAM   BANK0   BANK1   BANK2   BANK3   BANK4   BANK5   BANK6   BANK7   BANK8   BANK9  BANK10  BANK1
      +1  BANK12  BANK14
 10841 ;;      Params:         0       0       0       0       0       0       0       0       0       0       0       0       
      +0       0       0
 10842 ;;      Locals:         0       2       0       0       0       0       0       0       0       0       0       0       
      +0       0       0
 10843 ;;      Temps:          0       2       0       0       0       0       0       0       0       0       0       0       
      +0       0       0
 10844 ;;      Totals:         0       4       0       0       0       0       0       0       0       0       0       0       
      +0       0       0
 10845 ;;Total ram usage:        4 bytes
 10846 ;; Hardware stack levels used: 1
 10847 ;; Hardware stack levels required when called: 9
 10848 ;; This function calls:
 10849 ;;		_CMN_vidManageAbort
 10850 ;;		_CMN_vidManageAssert
 10851 ;; This function is called by:
 10852 ;;		_main
 10853 ;; This function uses a non-reentrant model
 10854 ;;
 10855                           
 10856                           	psect	text23
 10857   010E0E                     __ptext23:
 10858                           	callstack 0
 10859   010E0E                     _EUSART_vidInitialize:
 10860                           	callstack 21
 10861   010E0E                     
 10862                           ;src/HARDWARE/EUSART/EUSART.c: 194:   tenuClockFreqId enuCLockId = eFOSC_COUNT;
 10863   010E0E  0E04               	movlw	4
 10864   010E10  0100               	movlb	0	; () banked
 10865   010E12  6FA6               	movwf	EUSART_vidInitialize@enuCLockId& (0+255),b
 10866   010E14                     
 10867                           ; BSR set to: 0
 10868                           ;src/HARDWARE/EUSART/EUSART.c: 197:   CMN_vidManageAssert((_Bool)((0 <= eBAUDRATE_115200
      +                          ) && (eBAUDRATE_115200 < eBAUDRATE_COUNT)), (uint16_t)(197), (char const * const)("src/H
      +                          ARDWARE/EUSART/EUSART.c"), (char const * const)(__FUNCTION__));
 10869   010E14  6BA5               	clrf	_EUSART_vidInitialize$880& (0+255),b
 10870   010E16  0E01               	movlw	1
 10871   010E18  6FA5               	movwf	_EUSART_vidInitialize$880& (0+255),b
 10872   010E1A                     
 10873                           ; BSR set to: 0
 10874   010E1A  0E00               	movlw	0
 10875   010E1C  6F9E               	movwf	(CMN_vidManageAssert@ku16FileLine+1)& (0+255),b
 10876   010E1E  0EC5               	movlw	197
 10877   010E20  6F9D               	movwf	CMN_vidManageAssert@ku16FileLine& (0+255),b
 10878   010E22  0E23               	movlw	low STR_36
 10879   010E24  6F9F               	movwf	CMN_vidManageAssert@kpkpau8FileName& (0+255),b
 10880   010E26  0EFF               	movlw	high STR_36
 10881   010E28  6FA0               	movwf	(CMN_vidManageAssert@kpkpau8FileName+1)& (0+255),b
 10882   010E2A  0E92               	movlw	low STR_37
 10883   010E2C  6FA1               	movwf	CMN_vidManageAssert@kpkpau8FunctionName& (0+255),b
 10884   010E2E  0EFF               	movlw	high STR_37
 10885   010E30  6FA2               	movwf	(CMN_vidManageAssert@kpkpau8FunctionName+1)& (0+255),b
 10886   010E32  0E01               	movlw	1
 10887   010E34  ECD9  F088         	call	_CMN_vidManageAssert
 10888                           
 10889                           ;src/HARDWARE/EUSART/EUSART.c: 200:   switch(32)
 10890   010E38  EF3D  F087         	goto	l4619
 10891   010E3C                     l330:
 10892                           
 10893                           ; BSR set to: 0
 10894                           ;src/HARDWARE/EUSART/EUSART.c: 203:       enuCLockId = eFOSC1MHZ;
 10895   010E3C  6BA6               	clrf	EUSART_vidInitialize@enuCLockId& (0+255),b
 10896                           
 10897                           ;src/HARDWARE/EUSART/EUSART.c: 204:       break;
 10898   010E3E  EF5C  F087         	goto	l4621
 10899   010E42                     l4609:
 10900                           
 10901                           ; BSR set to: 0
 10902                           ;src/HARDWARE/EUSART/EUSART.c: 206:       enuCLockId = eFOSC4MHZ;
 10903   010E42  0E01               	movlw	1
 10904   010E44  6FA6               	movwf	EUSART_vidInitialize@enuCLockId& (0+255),b
 10905                           
 10906                           ;src/HARDWARE/EUSART/EUSART.c: 207:       break;
 10907   010E46  EF5C  F087         	goto	l4621
 10908   010E4A                     l4611:
 10909                           
 10910                           ; BSR set to: 0
 10911                           ;src/HARDWARE/EUSART/EUSART.c: 209:       enuCLockId = eFOSC8MHZ;
 10912   010E4A  0E02               	movlw	2
 10913   010E4C  6FA6               	movwf	EUSART_vidInitialize@enuCLockId& (0+255),b
 10914                           
 10915                           ;src/HARDWARE/EUSART/EUSART.c: 210:       break;
 10916   010E4E  EF5C  F087         	goto	l4621
 10917   010E52                     l4613:
 10918                           
 10919                           ; BSR set to: 0
 10920                           ;src/HARDWARE/EUSART/EUSART.c: 212:       enuCLockId = eFOSC32MHZ;
 10921   010E52  0E03               	movlw	3
 10922   010E54  6FA6               	movwf	EUSART_vidInitialize@enuCLockId& (0+255),b
 10923                           
 10924                           ;src/HARDWARE/EUSART/EUSART.c: 213:       break;
 10925   010E56  EF5C  F087         	goto	l4621
 10926   010E5A                     l4615:
 10927                           
 10928                           ; BSR set to: 0
 10929                           ;src/HARDWARE/EUSART/EUSART.c: 215:       CMN_vidManageAbort((uint16_t)(215), (char cons
      +                          t * const)("src/HARDWARE/EUSART/EUSART.c"), (char const * const)(__FUNCTION__));
 10930   010E5A  0E00               	movlw	0
 10931   010E5C  6F9E               	movwf	(CMN_vidManageAbort@ku16FileLine+1)& (0+255),b
 10932   010E5E  0ED7               	movlw	215
 10933   010E60  6F9D               	movwf	CMN_vidManageAbort@ku16FileLine& (0+255),b
 10934   010E62  0E23               	movlw	low STR_36
 10935   010E64  6F9F               	movwf	CMN_vidManageAbort@kpkpau8FileName& (0+255),b
 10936   010E66  0EFF               	movlw	high STR_36
 10937   010E68  6FA0               	movwf	(CMN_vidManageAbort@kpkpau8FileName+1)& (0+255),b
 10938   010E6A  0E92               	movlw	low STR_37
 10939   010E6C  6FA1               	movwf	CMN_vidManageAbort@kpkpau8FunctionName& (0+255),b
 10940   010E6E  0EFF               	movlw	high STR_37
 10941   010E70  6FA2               	movwf	(CMN_vidManageAbort@kpkpau8FunctionName+1)& (0+255),b
 10942   010E72  EC52  F08B         	call	_CMN_vidManageAbort	;wreg free
 10943                           
 10944                           ;src/HARDWARE/EUSART/EUSART.c: 216:       break;
 10945   010E76  EF5C  F087         	goto	l4621
 10946   010E7A                     l4619:
 10947   010E7A  0E20               	movlw	32
 10948   010E7C  0100               	movlb	0	; () banked
 10949   010E7E  6FA3               	movwf	??_EUSART_vidInitialize& (0+255),b
 10950   010E80  0E00               	movlw	0
 10951   010E82  6FA4               	movwf	(??_EUSART_vidInitialize+1)& (0+255),b
 10952                           
 10953                           ; Switch on 2 bytes has been partitioned into a top level switch of size 1, and 1 sub-sw
      +                          itches
 10954                           ; Switch size 1, requested type "simple"
 10955                           ; Number of cases is 1, Range of values is 0 to 0
 10956                           ; switch strategies available:
 10957                           ; Name         Instructions Cycles
 10958                           ; simple_byte            4     3 (average)
 10959                           ;	Chosen strategy is simple_byte
 10960   010E84  51A4               	movf	(??_EUSART_vidInitialize+1)& (0+255),w,b
 10961   010E86  0A00               	xorlw	0	; case 0
 10962   010E88  B4D8               	btfsc	status,2,c
 10963   010E8A  EF49  F087         	goto	l5097
 10964   010E8E  EF2D  F087         	goto	l4615
 10965   010E92                     l5097:
 10966                           
 10967                           ; BSR set to: 0
 10968                           ; Switch size 1, requested type "simple"
 10969                           ; Number of cases is 4, Range of values is 1 to 32
 10970                           ; switch strategies available:
 10971                           ; Name         Instructions Cycles
 10972                           ; simple_byte           13     7 (average)
 10973                           ;	Chosen strategy is simple_byte
 10974   010E92  51A3               	movf	??_EUSART_vidInitialize& (0+255),w,b
 10975   010E94  0A01               	xorlw	1	; case 1
 10976   010E96  B4D8               	btfsc	status,2,c
 10977   010E98  EF1E  F087         	goto	l330
 10978   010E9C  0A05               	xorlw	5	; case 4
 10979   010E9E  B4D8               	btfsc	status,2,c
 10980   010EA0  EF21  F087         	goto	l4609
 10981   010EA4  0A0C               	xorlw	12	; case 8
 10982   010EA6  B4D8               	btfsc	status,2,c
 10983   010EA8  EF25  F087         	goto	l4611
 10984   010EAC  0A28               	xorlw	40	; case 32
 10985   010EAE  B4D8               	btfsc	status,2,c
 10986   010EB0  EF29  F087         	goto	l4613
 10987   010EB4  EF2D  F087         	goto	l4615
 10988   010EB8                     l4621:
 10989                           
 10990                           ;src/HARDWARE/EUSART/EUSART.c: 222:   SP2BRGL = ((EUSART_kau16BaudRateCoef[enuCLockId][e
      +                          BAUDRATE_115200] & 0x00ff));
 10991   010EB8  0100               	movlb	0	; () banked
 10992   010EBA  51A6               	movf	EUSART_vidInitialize@enuCLockId& (0+255),w,b
 10993   010EBC  0D10               	mullw	16
 10994   010EBE  0E0E               	movlw	14
 10995   010EC0  26F3               	addwf	243,f,c
 10996   010EC2  0E00               	movlw	0
 10997   010EC4  22F4               	addwfc	244,f,c
 10998   010EC6  0E0D               	movlw	low _EUSART_kau16BaudRateCoef
 10999   010EC8  24F3               	addwf	243,w,c
 11000   010ECA  6EF6               	movwf	tblptrl,c
 11001   010ECC  0EFE               	movlw	high _EUSART_kau16BaudRateCoef
 11002   010ECE  20F4               	addwfc	244,w,c
 11003   010ED0  6EF7               	movwf	tblptrh,c
 11004   010ED2                     	if	1	;There are 3 active tblptr bytes
 11005   010ED2  6AF8               	clrf	tblptru,c
 11006   010ED4  0E00               	movlw	low (__mediumconst shr (0+16))
 11007   010ED6  22F8               	addwfc	tblptru,f,c
 11008   010ED8                     	endif
 11009   010ED8  0008               	tblrd		*
 11010   010EDA  CFF5 FE96          	movff	tablat,3734	;volatile
 11011                           
 11012                           ;src/HARDWARE/EUSART/EUSART.c: 223:   SP2BRGH = ((EUSART_kau16BaudRateCoef[enuCLockId][e
      +                          BAUDRATE_115200] & 0xff00) >> 8);
 11013   010EDE  51A6               	movf	EUSART_vidInitialize@enuCLockId& (0+255),w,b
 11014   010EE0  0D10               	mullw	16
 11015   010EE2  0E0E               	movlw	14
 11016   010EE4  26F3               	addwf	243,f,c
 11017   010EE6  0E00               	movlw	0
 11018   010EE8  22F4               	addwfc	244,f,c
 11019   010EEA  0E0D               	movlw	low _EUSART_kau16BaudRateCoef
 11020   010EEC  24F3               	addwf	243,w,c
 11021   010EEE  6EF6               	movwf	tblptrl,c
 11022   010EF0  0EFE               	movlw	high _EUSART_kau16BaudRateCoef
 11023   010EF2  20F4               	addwfc	244,w,c
 11024   010EF4  6EF7               	movwf	tblptrh,c
 11025   010EF6                     	if	1	;There are 3 active tblptr bytes
 11026   010EF6  6AF8               	clrf	tblptru,c
 11027   010EF8  0E00               	movlw	low (__mediumconst shr (0+16))
 11028   010EFA  22F8               	addwfc	tblptru,f,c
 11029   010EFC                     	endif
 11030   010EFC  0009               	tblrd		*+
 11031   010EFE  CFF5 F0A3          	movff	tablat,??_EUSART_vidInitialize
 11032   010F02  0009               	tblrd		*+
 11033   010F04  CFF5 F0A4          	movff	tablat,??_EUSART_vidInitialize+1
 11034   010F08  C0A4  F0A3         	movff	??_EUSART_vidInitialize+1,??_EUSART_vidInitialize
 11035   010F0C  6BA4               	clrf	(??_EUSART_vidInitialize+1)& (0+255),b
 11036   010F0E  51A3               	movf	??_EUSART_vidInitialize& (0+255),w,b
 11037   010F10  010E               	movlb	14	; () banked
 11038   010F12  6F97               	movwf	151,b	;volatile
 11039   010F14                     
 11040                           ; BSR set to: 14
 11041                           ;src/HARDWARE/EUSART/EUSART.c: 224:   TX2STAbits.BRGH = 1;
 11042   010F14  8599               	bsf	153,2,b	;volatile
 11043   010F16                     
 11044                           ; BSR set to: 14
 11045                           ;src/HARDWARE/EUSART/EUSART.c: 225:   BAUD2CONbits.BRG16 = 1;
 11046   010F16  879A               	bsf	154,3,b	;volatile
 11047   010F18                     
 11048                           ; BSR set to: 14
 11049                           ;src/HARDWARE/EUSART/EUSART.c: 228:   RD0PPS = 0x0B;
 11050   010F18  0E0B               	movlw	11
 11051   010F1A  6FFA               	movwf	250,b	;volatile
 11052   010F1C                     
 11053                           ; BSR set to: 14
 11054                           ;src/HARDWARE/EUSART/EUSART.c: 229:   RX2PPS = 0b00011001;
 11055   010F1C  0E19               	movlw	25
 11056   010F1E  6F88               	movwf	136,b	;volatile
 11057   010F20                     
 11058                           ; BSR set to: 14
 11059                           ;src/HARDWARE/EUSART/EUSART.c: 230:   TRISDbits.TRISD0 = 0;
 11060   010F20  908A               	bcf	138,0,c	;volatile
 11061   010F22                     
 11062                           ; BSR set to: 14
 11063                           ;src/HARDWARE/EUSART/EUSART.c: 231:   TRISDbits.TRISD1 = 1;
 11064   010F22  828A               	bsf	138,1,c	;volatile
 11065   010F24                     
 11066                           ; BSR set to: 14
 11067                           ;src/HARDWARE/EUSART/EUSART.c: 232:   ANSELDbits.ANSELD1 = 0;
 11068   010F24  010F               	movlb	15	; () banked
 11069   010F26  9321               	bcf	33,1,b	;volatile
 11070   010F28                     
 11071                           ; BSR set to: 15
 11072                           ;src/HARDWARE/EUSART/EUSART.c: 235:   RC2STAbits.SPEN = 1;
 11073   010F28  010E               	movlb	14	; () banked
 11074   010F2A  8F98               	bsf	152,7,b	;volatile
 11075   010F2C                     
 11076                           ; BSR set to: 14
 11077                           ;src/HARDWARE/EUSART/EUSART.c: 236:   TXSTA2bits.SYNC = 0;
 11078   010F2C  9999               	bcf	153,4,b	;volatile
 11079   010F2E                     
 11080                           ; BSR set to: 14
 11081                           ;src/HARDWARE/EUSART/EUSART.c: 239:   TX2STAbits.TXEN = 1;
 11082   010F2E  8B99               	bsf	153,5,b	;volatile
 11083   010F30                     
 11084                           ; BSR set to: 14
 11085                           ;src/HARDWARE/EUSART/EUSART.c: 242:   RC2STAbits.CREN = 1;
 11086   010F30  8998               	bsf	152,4,b	;volatile
 11087   010F32                     
 11088                           ; BSR set to: 14
 11089   010F32  0012               	return		;funcret
 11090   010F34                     __end_of_EUSART_vidInitialize:
 11091                           	callstack 0
 11092                           
 11093 ;; *************** function _CMN_vidManageAbort *****************
 11094 ;; Defined at:
 11095 ;;		line 177 in file "src/TOOLS/Common/Core/Common.c"
 11096 ;; Parameters:    Size  Location     Type
 11097 ;;  ku16FileLine    2    0[BANK0 ] const unsigned short 
 11098 ;;  kpkpau8FileN    2    2[BANK0 ] const PTR const unsigned
 11099 ;;		 -> STR_38(29), STR_2(11), 
 11100 ;;  kpkpau8Funct    2    4[BANK0 ] const PTR const unsigned
 11101 ;;		 -> STR_39(21), STR_3(5), 
 11102 ;; Auto vars:     Size  Location     Type
 11103 ;;		None
 11104 ;; Return value:  Size  Location     Type
 11105 ;;                  1    wreg      void 
 11106 ;; Registers used:
 11107 ;;		wreg, fsr0l, fsr0h, fsr1l, fsr1h, fsr2l, fsr2h, status,2, status,0, tblptrl, tblptrh, tblptru, cstack
 11108 ;; Tracked objects:
 11109 ;;		On entry : 0/0
 11110 ;;		On exit  : 0/0
 11111 ;;		Unchanged: 0/0
 11112 ;; Data sizes:     COMRAM   BANK0   BANK1   BANK2   BANK3   BANK4   BANK5   BANK6   BANK7   BANK8   BANK9  BANK10  BANK1
      +1  BANK12  BANK14
 11113 ;;      Params:         0       6       0       0       0       0       0       0       0       0       0       0       
      +0       0       0
 11114 ;;      Locals:         0       0       0       0       0       0       0       0       0       0       0       0       
      +0       0       0
 11115 ;;      Temps:          0       0       0       0       0       0       0       0       0       0       0       0       
      +0       0       0
 11116 ;;      Totals:         0       6       0       0       0       0       0       0       0       0       0       0       
      +0       0       0
 11117 ;;Total ram usage:        6 bytes
 11118 ;; Hardware stack levels used: 1
 11119 ;; Hardware stack levels required when called: 8
 11120 ;; This function calls:
 11121 ;;		_CMN_vidErrorLedSet
 11122 ;;		_CMN_vidErrorLedUnset
 11123 ;;		_CMN_vidPortDelayMs
 11124 ;;		_CMN_vidPortDisableIsr
 11125 ;;		_printf
 11126 ;; This function is called by:
 11127 ;;		_main
 11128 ;;		_EUSART_vidInitialize
 11129 ;; This function uses a non-reentrant model
 11130 ;;
 11131                           
 11132                           	psect	text24
 11133   0116A4                     __ptext24:
 11134                           	callstack 0
 11135   0116A4                     _CMN_vidManageAbort:
 11136                           	callstack 21
 11137   0116A4                     
 11138                           ;src/TOOLS/Common/Core/Common.c: 177: void CMN_vidManageAbort(const uint16_t ku16FileLin
      +                          e,;src/TOOLS/Common/Core/Common.c: 178:                         char const * const kpkpa
      +                          u8FileName,;src/TOOLS/Common/Core/Common.c: 179:                         char const * co
      +                          nst kpkpau8FunctionName);src/TOOLS/Common/Core/Common.c: 180: {;src/TOOLS/Common/Core/Co
      +                          mmon.c: 181:   printf("[CMN ] Error: Abort triggered at \"%s\", line %d (function: \"%s\
      +                          ")\r\n", kpkpau8FileName, ku16FileLine, kpkpau8FunctionName);
 11139   0116A4  0EE1               	movlw	low STR_44
 11140   0116A6  6E37               	movwf	printf@fmt^0,c
 11141   0116A8  0EFE               	movlw	high STR_44
 11142   0116AA  6E38               	movwf	(printf@fmt+1)^0,c
 11143   0116AC  C09F  F039         	movff	CMN_vidManageAbort@kpkpau8FileName,?_printf+2
 11144   0116B0  C0A0  F03A         	movff	CMN_vidManageAbort@kpkpau8FileName+1,?_printf+3
 11145   0116B4  C09D  F03B         	movff	CMN_vidManageAbort@ku16FileLine,?_printf+4
 11146   0116B8  C09E  F03C         	movff	CMN_vidManageAbort@ku16FileLine+1,?_printf+5
 11147   0116BC  C0A1  F03D         	movff	CMN_vidManageAbort@kpkpau8FunctionName,?_printf+6
 11148   0116C0  C0A2  F03E         	movff	CMN_vidManageAbort@kpkpau8FunctionName+1,?_printf+7
 11149   0116C4  EC49  F08D         	call	_printf	;wreg free
 11150   0116C8                     
 11151                           ;src/TOOLS/Common/Core/Common.c: 183:   CMN_vidPortDisableIsr();
 11152   0116C8  EC96  F08D         	call	_CMN_vidPortDisableIsr	;wreg free
 11153   0116CC                     l4525:
 11154                           
 11155                           ;src/TOOLS/Common/Core/Common.c: 186:   {;src/TOOLS/Common/Core/Common.c: 190:     CMN_v
      +                          idErrorLedSet();
 11156   0116CC  EC9D  F08D         	call	_CMN_vidErrorLedSet	;wreg free
 11157   0116D0                     
 11158                           ;src/TOOLS/Common/Core/Common.c: 191:     CMN_vidPortDelayMs(50);
 11159   0116D0  0E32               	movlw	50
 11160   0116D2  6E0E               	movwf	CMN_vidPortDelayMs@ku32DelayMs^0,c
 11161   0116D4  0E00               	movlw	0
 11162   0116D6  6E0F               	movwf	(CMN_vidPortDelayMs@ku32DelayMs+1)^0,c
 11163   0116D8  0E00               	movlw	0
 11164   0116DA  6E10               	movwf	(CMN_vidPortDelayMs@ku32DelayMs+2)^0,c
 11165   0116DC  0E00               	movlw	0
 11166   0116DE  6E11               	movwf	(CMN_vidPortDelayMs@ku32DelayMs+3)^0,c
 11167   0116E0  ECE8  F08A         	call	_CMN_vidPortDelayMs	;wreg free
 11168   0116E4                     
 11169                           ;src/TOOLS/Common/Core/Common.c: 192:     CMN_vidErrorLedUnset();
 11170   0116E4  EC9B  F08D         	call	_CMN_vidErrorLedUnset	;wreg free
 11171   0116E8                     
 11172                           ;src/TOOLS/Common/Core/Common.c: 193:     CMN_vidPortDelayMs(50);
 11173   0116E8  0E32               	movlw	50
 11174   0116EA  6E0E               	movwf	CMN_vidPortDelayMs@ku32DelayMs^0,c
 11175   0116EC  0E00               	movlw	0
 11176   0116EE  6E0F               	movwf	(CMN_vidPortDelayMs@ku32DelayMs+1)^0,c
 11177   0116F0  0E00               	movlw	0
 11178   0116F2  6E10               	movwf	(CMN_vidPortDelayMs@ku32DelayMs+2)^0,c
 11179   0116F4  0E00               	movlw	0
 11180   0116F6  6E11               	movwf	(CMN_vidPortDelayMs@ku32DelayMs+3)^0,c
 11181   0116F8  ECE8  F08A         	call	_CMN_vidPortDelayMs	;wreg free
 11182   0116FC  EF66  F08B         	goto	l4525
 11183   011700  0012               	return		;funcret
 11184   011702                     __end_of_CMN_vidManageAbort:
 11185                           	callstack 0
 11186                           
 11187 ;; *************** function _CMN_vidInitialize *****************
 11188 ;; Defined at:
 11189 ;;		line 114 in file "src/TOOLS/Common/Core/Common.c"
 11190 ;; Parameters:    Size  Location     Type
 11191 ;;		None
 11192 ;; Auto vars:     Size  Location     Type
 11193 ;;		None
 11194 ;; Return value:  Size  Location     Type
 11195 ;;                  1    wreg      void 
 11196 ;; Registers used:
 11197 ;;		cstack
 11198 ;; Tracked objects:
 11199 ;;		On entry : 0/0
 11200 ;;		On exit  : 0/0
 11201 ;;		Unchanged: 0/0
 11202 ;; Data sizes:     COMRAM   BANK0   BANK1   BANK2   BANK3   BANK4   BANK5   BANK6   BANK7   BANK8   BANK9  BANK10  BANK1
      +1  BANK12  BANK14
 11203 ;;      Params:         0       0       0       0       0       0       0       0       0       0       0       0       
      +0       0       0
 11204 ;;      Locals:         0       0       0       0       0       0       0       0       0       0       0       0       
      +0       0       0
 11205 ;;      Temps:          0       0       0       0       0       0       0       0       0       0       0       0       
      +0       0       0
 11206 ;;      Totals:         0       0       0       0       0       0       0       0       0       0       0       0       
      +0       0       0
 11207 ;;Total ram usage:        0 bytes
 11208 ;; Hardware stack levels used: 1
 11209 ;; Hardware stack levels required when called: 3
 11210 ;; This function calls:
 11211 ;;		_CMN_vidErrorLedInit
 11212 ;;		_CMN_vidErrorLedUnset
 11213 ;; This function is called by:
 11214 ;;		_main
 11215 ;; This function uses a non-reentrant model
 11216 ;;
 11217                           
 11218                           	psect	text25
 11219   011B1C                     __ptext25:
 11220                           	callstack 0
 11221   011B1C                     _CMN_vidInitialize:
 11222                           	callstack 27
 11223   011B1C                     
 11224                           ;src/TOOLS/Common/Core/Common.c: 117:   CMN_vidErrorLedInit();
 11225   011B1C  EC99  F08D         	call	_CMN_vidErrorLedInit	;wreg free
 11226                           
 11227                           ;src/TOOLS/Common/Core/Common.c: 118:   CMN_vidErrorLedUnset();
 11228   011B20  EC9B  F08D         	call	_CMN_vidErrorLedUnset	;wreg free
 11229   011B24  0012               	return		;funcret
 11230   011B26                     __end_of_CMN_vidInitialize:
 11231                           	callstack 0
 11232                           
 11233 ;; *************** function _CMN_vidErrorLedInit *****************
 11234 ;; Defined at:
 11235 ;;		line 77 in file "src/TOOLS/Common/Port/Common_pt.c"
 11236 ;; Parameters:    Size  Location     Type
 11237 ;;		None
 11238 ;; Auto vars:     Size  Location     Type
 11239 ;;		None
 11240 ;; Return value:  Size  Location     Type
 11241 ;;                  1    wreg      void 
 11242 ;; Registers used:
 11243 ;;		None
 11244 ;; Tracked objects:
 11245 ;;		On entry : 0/0
 11246 ;;		On exit  : 0/0
 11247 ;;		Unchanged: 0/0
 11248 ;; Data sizes:     COMRAM   BANK0   BANK1   BANK2   BANK3   BANK4   BANK5   BANK6   BANK7   BANK8   BANK9  BANK10  BANK1
      +1  BANK12  BANK14
 11249 ;;      Params:         0       0       0       0       0       0       0       0       0       0       0       0       
      +0       0       0
 11250 ;;      Locals:         0       0       0       0       0       0       0       0       0       0       0       0       
      +0       0       0
 11251 ;;      Temps:          0       0       0       0       0       0       0       0       0       0       0       0       
      +0       0       0
 11252 ;;      Totals:         0       0       0       0       0       0       0       0       0       0       0       0       
      +0       0       0
 11253 ;;Total ram usage:        0 bytes
 11254 ;; Hardware stack levels used: 1
 11255 ;; Hardware stack levels required when called: 2
 11256 ;; This function calls:
 11257 ;;		Nothing
 11258 ;; This function is called by:
 11259 ;;		_CMN_vidInitialize
 11260 ;; This function uses a non-reentrant model
 11261 ;;
 11262                           
 11263                           	psect	text26
 11264   011B32                     __ptext26:
 11265                           	callstack 0
 11266   011B32                     _CMN_vidErrorLedInit:
 11267                           	callstack 27
 11268   011B32                     
 11269                           ;src/TOOLS/Common/Port/Common_pt.c: 80:   TRISAbits.TRISA7 = 0;
 11270   011B32  9E87               	bcf	135,7,c	;volatile
 11271   011B34  0012               	return		;funcret
 11272   011B36                     __end_of_CMN_vidErrorLedInit:
 11273                           	callstack 0
 11274                           
 11275 ;; *************** function _CMN_vidEndInit *****************
 11276 ;; Defined at:
 11277 ;;		line 125 in file "src/TOOLS/Common/Core/Common.c"
 11278 ;; Parameters:    Size  Location     Type
 11279 ;;		None
 11280 ;; Auto vars:     Size  Location     Type
 11281 ;;		None
 11282 ;; Return value:  Size  Location     Type
 11283 ;;                  1    wreg      void 
 11284 ;; Registers used:
 11285 ;;		wreg, status,2
 11286 ;; Tracked objects:
 11287 ;;		On entry : 0/0
 11288 ;;		On exit  : 0/0
 11289 ;;		Unchanged: 0/0
 11290 ;; Data sizes:     COMRAM   BANK0   BANK1   BANK2   BANK3   BANK4   BANK5   BANK6   BANK7   BANK8   BANK9  BANK10  BANK1
      +1  BANK12  BANK14
 11291 ;;      Params:         0       0       0       0       0       0       0       0       0       0       0       0       
      +0       0       0
 11292 ;;      Locals:         0       0       0       0       0       0       0       0       0       0       0       0       
      +0       0       0
 11293 ;;      Temps:          0       0       0       0       0       0       0       0       0       0       0       0       
      +0       0       0
 11294 ;;      Totals:         0       0       0       0       0       0       0       0       0       0       0       0       
      +0       0       0
 11295 ;;Total ram usage:        0 bytes
 11296 ;; Hardware stack levels used: 1
 11297 ;; Hardware stack levels required when called: 2
 11298 ;; This function calls:
 11299 ;;		Nothing
 11300 ;; This function is called by:
 11301 ;;		_main
 11302 ;; This function uses a non-reentrant model
 11303 ;;
 11304                           
 11305                           	psect	text27
 11306   011B26                     __ptext27:
 11307                           	callstack 0
 11308   011B26                     _CMN_vidEndInit:
 11309                           	callstack 28
 11310   011B26                     
 11311                           ;src/TOOLS/Common/Core/Common.c: 127:   CMN_bSystemStarted = 1;
 11312   011B26  0E01               	movlw	1
 11313   011B28  6E51               	movwf	_CMN_bSystemStarted^0,c
 11314   011B2A  0012               	return		;funcret
 11315   011B2C                     __end_of_CMN_vidEndInit:
 11316                           	callstack 0
 11317                           
 11318 ;; *************** function _CLOCK_vidInitialize *****************
 11319 ;; Defined at:
 11320 ;;		line 67 in file "src/HARDWARE/CLOCK/Core/CLOCK.c"
 11321 ;; Parameters:    Size  Location     Type
 11322 ;;		None
 11323 ;; Auto vars:     Size  Location     Type
 11324 ;;		None
 11325 ;; Return value:  Size  Location     Type
 11326 ;;                  1    wreg      void 
 11327 ;; Registers used:
 11328 ;;		wreg, status,2
 11329 ;; Tracked objects:
 11330 ;;		On entry : 0/0
 11331 ;;		On exit  : 0/0
 11332 ;;		Unchanged: 0/0
 11333 ;; Data sizes:     COMRAM   BANK0   BANK1   BANK2   BANK3   BANK4   BANK5   BANK6   BANK7   BANK8   BANK9  BANK10  BANK1
      +1  BANK12  BANK14
 11334 ;;      Params:         0       0       0       0       0       0       0       0       0       0       0       0       
      +0       0       0
 11335 ;;      Locals:         0       0       0       0       0       0       0       0       0       0       0       0       
      +0       0       0
 11336 ;;      Temps:          0       0       0       0       0       0       0       0       0       0       0       0       
      +0       0       0
 11337 ;;      Totals:         0       0       0       0       0       0       0       0       0       0       0       0       
      +0       0       0
 11338 ;;Total ram usage:        0 bytes
 11339 ;; Hardware stack levels used: 1
 11340 ;; Hardware stack levels required when called: 2
 11341 ;; This function calls:
 11342 ;;		Nothing
 11343 ;; This function is called by:
 11344 ;;		_main
 11345 ;; This function uses a non-reentrant model
 11346 ;;
 11347                           
 11348                           	psect	text28
 11349   011B10                     __ptext28:
 11350                           	callstack 0
 11351   011B10                     _CLOCK_vidInitialize:
 11352                           	callstack 28
 11353   011B10                     
 11354                           ;src/HARDWARE/CLOCK/Core/CLOCK.c: 90:  OSCCON1bits.NDIV = 0b0001;
 11355   011B10  010E               	movlb	14	; () banked
 11356   011B12  51D3               	movf	211,w,b	;volatile
 11357   011B14  0BF0               	andlw	-16
 11358   011B16  0901               	iorlw	1
 11359   011B18  6FD3               	movwf	211,b	;volatile
 11360   011B1A                     
 11361                           ; BSR set to: 14
 11362   011B1A  0012               	return		;funcret
 11363   011B1C                     __end_of_CLOCK_vidInitialize:
 11364                           	callstack 0
 11365                           
 11366 ;; *************** function _ADC_vidInitialize *****************
 11367 ;; Defined at:
 11368 ;;		line 73 in file "src/HARDWARE/ADC/Core/ADC.c"
 11369 ;; Parameters:    Size  Location     Type
 11370 ;;		None
 11371 ;; Auto vars:     Size  Location     Type
 11372 ;;		None
 11373 ;; Return value:  Size  Location     Type
 11374 ;;                  1    wreg      void 
 11375 ;; Registers used:
 11376 ;;		wreg, fsr0l, fsr0h, fsr1l, fsr1h, fsr2l, fsr2h, status,2, status,0, tblptrl, tblptrh, tblptru, cstack
 11377 ;; Tracked objects:
 11378 ;;		On entry : 0/0
 11379 ;;		On exit  : 0/0
 11380 ;;		Unchanged: 0/0
 11381 ;; Data sizes:     COMRAM   BANK0   BANK1   BANK2   BANK3   BANK4   BANK5   BANK6   BANK7   BANK8   BANK9  BANK10  BANK1
      +1  BANK12  BANK14
 11382 ;;      Params:         0       0       0       0       0       0       0       0       0       0       0       0       
      +0       0       0
 11383 ;;      Locals:         0       0       0       0       0       0       0       0       0       0       0       0       
      +0       0       0
 11384 ;;      Temps:          0       0       0       0       0       0       0       0       0       0       0       0       
      +0       0       0
 11385 ;;      Totals:         0       0       0       0       0       0       0       0       0       0       0       0       
      +0       0       0
 11386 ;;Total ram usage:        0 bytes
 11387 ;; Hardware stack levels used: 1
 11388 ;; Hardware stack levels required when called: 9
 11389 ;; This function calls:
 11390 ;;		_CMN_vidManageAssert
 11391 ;; This function is called by:
 11392 ;;		_main
 11393 ;; This function uses a non-reentrant model
 11394 ;;
 11395                           
 11396                           	psect	text29
 11397   011556                     __ptext29:
 11398                           	callstack 0
 11399   011556                     _ADC_vidInitialize:
 11400                           	callstack 21
 11401   011556                     
 11402                           ;src/HARDWARE/ADC/Core/ADC.c: 75:   CMN_vidManageAssert((_Bool)(0x0F87 != 0), (uint16_t)
      +                          (75), (char const * const)("src/HARDWARE/ADC/Core/ADC.c"), (char const * const)(__FUNCTI
      +                          ON__));
 11403   011556  0E00               	movlw	0
 11404   011558  0100               	movlb	0	; () banked
 11405   01155A  6F9E               	movwf	(CMN_vidManageAssert@ku16FileLine+1)& (0+255),b
 11406   01155C  0E4B               	movlw	75
 11407   01155E  6F9D               	movwf	CMN_vidManageAssert@ku16FileLine& (0+255),b
 11408   011560  0E40               	movlw	low STR_30
 11409   011562  6F9F               	movwf	CMN_vidManageAssert@kpkpau8FileName& (0+255),b
 11410   011564  0EFF               	movlw	high STR_30
 11411   011566  6FA0               	movwf	(CMN_vidManageAssert@kpkpau8FileName+1)& (0+255),b
 11412   011568  0EBA               	movlw	low STR_31
 11413   01156A  6FA1               	movwf	CMN_vidManageAssert@kpkpau8FunctionName& (0+255),b
 11414   01156C  0EFF               	movlw	high STR_31
 11415   01156E  6FA2               	movwf	(CMN_vidManageAssert@kpkpau8FunctionName+1)& (0+255),b
 11416   011570  0E01               	movlw	1
 11417   011572  ECD9  F088         	call	_CMN_vidManageAssert
 11418                           
 11419                           ;src/HARDWARE/ADC/Core/ADC.c: 76:   CMN_vidManageAssert((_Bool)(0x0F0C != 0), (uint16_t)
      +                          (76), (char const * const)("src/HARDWARE/ADC/Core/ADC.c"), (char const * const)(__FUNCTI
      +                          ON__));
 11420   011576  0E00               	movlw	0
 11421   011578  0100               	movlb	0	; () banked
 11422   01157A  6F9E               	movwf	(CMN_vidManageAssert@ku16FileLine+1)& (0+255),b
 11423   01157C  0E4C               	movlw	76
 11424   01157E  6F9D               	movwf	CMN_vidManageAssert@ku16FileLine& (0+255),b
 11425   011580  0E40               	movlw	low STR_30
 11426   011582  6F9F               	movwf	CMN_vidManageAssert@kpkpau8FileName& (0+255),b
 11427   011584  0EFF               	movlw	high STR_30
 11428   011586  6FA0               	movwf	(CMN_vidManageAssert@kpkpau8FileName+1)& (0+255),b
 11429   011588  0EBA               	movlw	low STR_31
 11430   01158A  6FA1               	movwf	CMN_vidManageAssert@kpkpau8FunctionName& (0+255),b
 11431   01158C  0EFF               	movlw	high STR_31
 11432   01158E  6FA2               	movwf	(CMN_vidManageAssert@kpkpau8FunctionName+1)& (0+255),b
 11433   011590  0E01               	movlw	1
 11434   011592  ECD9  F088         	call	_CMN_vidManageAssert
 11435                           
 11436                           ;src/HARDWARE/ADC/Core/ADC.c: 77:   CMN_vidManageAssert((_Bool)(0x0 < 8), (uint16_t)(77)
      +                          , (char const * const)("src/HARDWARE/ADC/Core/ADC.c"), (char const * const)(__FUNCTION__
      +                          ));
 11437   011596  0E00               	movlw	0
 11438   011598  0100               	movlb	0	; () banked
 11439   01159A  6F9E               	movwf	(CMN_vidManageAssert@ku16FileLine+1)& (0+255),b
 11440   01159C  0E4D               	movlw	77
 11441   01159E  6F9D               	movwf	CMN_vidManageAssert@ku16FileLine& (0+255),b
 11442   0115A0  0E40               	movlw	low STR_30
 11443   0115A2  6F9F               	movwf	CMN_vidManageAssert@kpkpau8FileName& (0+255),b
 11444   0115A4  0EFF               	movlw	high STR_30
 11445   0115A6  6FA0               	movwf	(CMN_vidManageAssert@kpkpau8FileName+1)& (0+255),b
 11446   0115A8  0EBA               	movlw	low STR_31
 11447   0115AA  6FA1               	movwf	CMN_vidManageAssert@kpkpau8FunctionName& (0+255),b
 11448   0115AC  0EFF               	movlw	high STR_31
 11449   0115AE  6FA2               	movwf	(CMN_vidManageAssert@kpkpau8FunctionName+1)& (0+255),b
 11450   0115B0  0E01               	movlw	1
 11451   0115B2  ECD9  F088         	call	_CMN_vidManageAssert
 11452   0115B6                     
 11453                           ;src/HARDWARE/ADC/Core/ADC.c: 79:   ((*(volatile uint16_t *)0x0F87) |= ((1 << 0x0)));
 11454   0115B6  8087               	bsf	135,0,c	;volatile
 11455   0115B8                     
 11456                           ;src/HARDWARE/ADC/Core/ADC.c: 80:   ((*(volatile uint16_t *)0x0F0C) |= ((1 << 0x0)));
 11457   0115B8  010F               	movlb	15	; () banked
 11458   0115BA  810C               	bsf	12,0,b	;volatile
 11459   0115BC                     
 11460                           ; BSR set to: 15
 11461                           ;src/HARDWARE/ADC/Core/ADC.c: 82:   ADREFbits.ADNREF = 0;
 11462   0115BC  9953               	bcf	83,4,b	;volatile
 11463   0115BE                     
 11464                           ; BSR set to: 15
 11465                           ;src/HARDWARE/ADC/Core/ADC.c: 83:   ADREFbits.ADPREF = 0;
 11466   0115BE  0EFC               	movlw	-4
 11467   0115C0  1753               	andwf	83,f,b	;volatile
 11468   0115C2                     
 11469                           ; BSR set to: 15
 11470                           ;src/HARDWARE/ADC/Core/ADC.c: 85:   ADCON0 = 0x80;
 11471   0115C2  0E80               	movlw	128
 11472   0115C4  6F5B               	movwf	91,b	;volatile
 11473   0115C6                     
 11474                           ; BSR set to: 15
 11475                           ;src/HARDWARE/ADC/Core/ADC.c: 86:   ADCON0 |= 0x10;
 11476   0115C6  895B               	bsf	91,4,b	;volatile
 11477   0115C8                     
 11478                           ; BSR set to: 15
 11479                           ;src/HARDWARE/ADC/Core/ADC.c: 87:   ADCON0 |= 0x4;
 11480   0115C8  855B               	bsf	91,2,b	;volatile
 11481   0115CA                     
 11482                           ; BSR set to: 15
 11483                           ;src/HARDWARE/ADC/Core/ADC.c: 90:   ADPCH = 0b00111100;
 11484   0115CA  0E3C               	movlw	60
 11485   0115CC  6F5A               	movwf	90,b	;volatile
 11486   0115CE                     
 11487                           ; BSR set to: 15
 11488   0115CE  0012               	return		;funcret
 11489   0115D0                     __end_of_ADC_vidInitialize:
 11490                           	callstack 0
 11491                           
 11492 ;; *************** function _CMN_vidManageAssert *****************
 11493 ;; Defined at:
 11494 ;;		line 133 in file "src/TOOLS/Common/Core/Common.c"
 11495 ;; Parameters:    Size  Location     Type
 11496 ;;  kbCondition     1    wreg     const _Bool 
 11497 ;;  ku16FileLine    2    0[BANK0 ] const unsigned short 
 11498 ;;  kpkpau8FileN    2    2[BANK0 ] const PTR const unsigned
 11499 ;;		 -> STR_40(27), STR_36(29), STR_34(28), STR_32(28), 
 11500 ;;		 -> STR_30(28), STR_28(27), STR_26(27), STR_24(27), 
 11501 ;;		 -> STR_22(27), STR_20(27), STR_18(27), STR_16(27), 
 11502 ;;		 -> STR_14(27), STR_12(27), STR_10(27), STR_8(27), 
 11503 ;;		 -> STR_6(27), STR_4(27), 
 11504 ;;  kpkpau8Funct    2    4[BANK0 ] const PTR const unsigned
 11505 ;;		 -> STR_41(19), STR_37(21), STR_35(18), STR_33(18), 
 11506 ;;		 -> STR_31(18), STR_29(18), STR_27(18), STR_25(18), 
 11507 ;;		 -> STR_23(18), STR_21(18), STR_19(18), STR_17(18), 
 11508 ;;		 -> STR_15(18), STR_13(18), STR_11(18), STR_9(18), 
 11509 ;;		 -> STR_7(18), STR_5(18), 
 11510 ;; Auto vars:     Size  Location     Type
 11511 ;;  kbCondition     1   63[COMRAM] const _Bool 
 11512 ;;  bDontBlock      1   64[COMRAM] _Bool 
 11513 ;; Return value:  Size  Location     Type
 11514 ;;                  1    wreg      void 
 11515 ;; Registers used:
 11516 ;;		wreg, fsr0l, fsr0h, fsr1l, fsr1h, fsr2l, fsr2h, status,2, status,0, tblptrl, tblptrh, tblptru, cstack
 11517 ;; Tracked objects:
 11518 ;;		On entry : 0/0
 11519 ;;		On exit  : 0/0
 11520 ;;		Unchanged: 0/0
 11521 ;; Data sizes:     COMRAM   BANK0   BANK1   BANK2   BANK3   BANK4   BANK5   BANK6   BANK7   BANK8   BANK9  BANK10  BANK1
      +1  BANK12  BANK14
 11522 ;;      Params:         0       6       0       0       0       0       0       0       0       0       0       0       
      +0       0       0
 11523 ;;      Locals:         2       0       0       0       0       0       0       0       0       0       0       0       
      +0       0       0
 11524 ;;      Temps:          0       0       0       0       0       0       0       0       0       0       0       0       
      +0       0       0
 11525 ;;      Totals:         2       6       0       0       0       0       0       0       0       0       0       0       
      +0       0       0
 11526 ;;Total ram usage:        8 bytes
 11527 ;; Hardware stack levels used: 1
 11528 ;; Hardware stack levels required when called: 8
 11529 ;; This function calls:
 11530 ;;		_CMN_vidErrorLedSet
 11531 ;;		_CMN_vidErrorLedUnset
 11532 ;;		_CMN_vidPortDelayMs
 11533 ;;		_CMN_vidPortDisableIsr
 11534 ;;		_printf
 11535 ;; This function is called by:
 11536 ;;		_LCD_vidInitialize
 11537 ;;		_ADC_vidInitialize
 11538 ;;		_EUSART_vidInitialize
 11539 ;;		_TIM0_vidInitialize
 11540 ;; This function uses a non-reentrant model
 11541 ;;
 11542                           
 11543                           	psect	text30
 11544   0111B2                     __ptext30:
 11545                           	callstack 0
 11546   0111B2                     _CMN_vidManageAssert:
 11547                           	callstack 21
 11548                           
 11549                           ; BSR set to: 15
 11550                           ;incstack = 0
 11551                           ;CMN_vidManageAssert@kbCondition stored from wreg
 11552   0111B2  6E40               	movwf	CMN_vidManageAssert@kbCondition^0,c
 11553   0111B4                     
 11554                           ;src/TOOLS/Common/Core/Common.c: 133: void CMN_vidManageAssert(const _Bool kbCondition,;
      +                          src/TOOLS/Common/Core/Common.c: 134:                          const uint16_t ku16FileLin
      +                          e,;src/TOOLS/Common/Core/Common.c: 135:                          char const * const kpkp
      +                          au8FileName,;src/TOOLS/Common/Core/Common.c: 136:                          char const * 
      +                          const kpkpau8FunctionName);src/TOOLS/Common/Core/Common.c: 137: {;src/TOOLS/Common/Core/
      +                          Common.c: 141:   _Bool bDontBlock = CMN_bSystemStarted;
 11555   0111B4  C051  F041         	movff	_CMN_bSystemStarted,CMN_vidManageAssert@bDontBlock
 11556   0111B8                     
 11557                           ;src/TOOLS/Common/Core/Common.c: 144:   if(!(kbCondition))
 11558   0111B8  5040               	movf	CMN_vidManageAssert@kbCondition^0,w,c
 11559   0111BA  A4D8               	btfss	status,2,c
 11560   0111BC  EFE2  F088         	goto	u4781
 11561   0111C0  EFE4  F088         	goto	u4780
 11562   0111C4                     u4781:
 11563   0111C4  EF30  F089         	goto	l531
 11564   0111C8                     u4780:
 11565   0111C8                     
 11566                           ;src/TOOLS/Common/Core/Common.c: 145:   {;src/TOOLS/Common/Core/Common.c: 146:     if(bD
      +                          ontBlock)
 11567   0111C8  5041               	movf	CMN_vidManageAssert@bDontBlock^0,w,c
 11568   0111CA  B4D8               	btfsc	status,2,c
 11569   0111CC  EFEA  F088         	goto	u4791
 11570   0111D0  EFEC  F088         	goto	u4790
 11571   0111D4                     u4791:
 11572   0111D4  EF02  F089         	goto	l4573
 11573   0111D8                     u4790:
 11574   0111D8                     
 11575                           ;src/TOOLS/Common/Core/Common.c: 147:     {;src/TOOLS/Common/Core/Common.c: 148:       p
      +                          rintf("[CMN ] Warning: Assert triggered at \"%s\", line %d (function: \"%s\")\r\n", kpkp
      +                          au8FileName, ku16FileLine, kpkpau8FunctionName);
 11576   0111D8  0E59               	movlw	low STR_42
 11577   0111DA  6E37               	movwf	printf@fmt^0,c
 11578   0111DC  0EFE               	movlw	high STR_42
 11579   0111DE  6E38               	movwf	(printf@fmt+1)^0,c
 11580   0111E0  C09F  F039         	movff	CMN_vidManageAssert@kpkpau8FileName,?_printf+2
 11581   0111E4  C0A0  F03A         	movff	CMN_vidManageAssert@kpkpau8FileName+1,?_printf+3
 11582   0111E8  C09D  F03B         	movff	CMN_vidManageAssert@ku16FileLine,?_printf+4
 11583   0111EC  C09E  F03C         	movff	CMN_vidManageAssert@ku16FileLine+1,?_printf+5
 11584   0111F0  C0A1  F03D         	movff	CMN_vidManageAssert@kpkpau8FunctionName,?_printf+6
 11585   0111F4  C0A2  F03E         	movff	CMN_vidManageAssert@kpkpau8FunctionName+1,?_printf+7
 11586   0111F8  EC49  F08D         	call	_printf	;wreg free
 11587   0111FC                     
 11588                           ;src/TOOLS/Common/Core/Common.c: 151:       CMN_vidErrorLedSet();
 11589   0111FC  EC9D  F08D         	call	_CMN_vidErrorLedSet	;wreg free
 11590                           
 11591                           ;src/TOOLS/Common/Core/Common.c: 153:     }
 11592   011200  EF30  F089         	goto	l531
 11593   011204                     l4573:
 11594                           
 11595                           ;src/TOOLS/Common/Core/Common.c: 155:     {;src/TOOLS/Common/Core/Common.c: 156:       p
      +                          rintf("[CMN ] Error: Assert triggered at \"%s\", line %d (function: \"%s\")\r\n", kpkpau
      +                          8FileName, ku16FileLine, kpkpau8FunctionName);
 11596   011204  0E9E               	movlw	low STR_43
 11597   011206  6E37               	movwf	printf@fmt^0,c
 11598   011208  0EFE               	movlw	high STR_43
 11599   01120A  6E38               	movwf	(printf@fmt+1)^0,c
 11600   01120C  C09F  F039         	movff	CMN_vidManageAssert@kpkpau8FileName,?_printf+2
 11601   011210  C0A0  F03A         	movff	CMN_vidManageAssert@kpkpau8FileName+1,?_printf+3
 11602   011214  C09D  F03B         	movff	CMN_vidManageAssert@ku16FileLine,?_printf+4
 11603   011218  C09E  F03C         	movff	CMN_vidManageAssert@ku16FileLine+1,?_printf+5
 11604   01121C  C0A1  F03D         	movff	CMN_vidManageAssert@kpkpau8FunctionName,?_printf+6
 11605   011220  C0A2  F03E         	movff	CMN_vidManageAssert@kpkpau8FunctionName+1,?_printf+7
 11606   011224  EC49  F08D         	call	_printf	;wreg free
 11607   011228                     
 11608                           ;src/TOOLS/Common/Core/Common.c: 158:       CMN_vidPortDisableIsr();
 11609   011228  EC96  F08D         	call	_CMN_vidPortDisableIsr	;wreg free
 11610   01122C                     l4577:
 11611                           
 11612                           ;src/TOOLS/Common/Core/Common.c: 161:       {;src/TOOLS/Common/Core/Common.c: 165:      
      +                             CMN_vidErrorLedSet();
 11613   01122C  EC9D  F08D         	call	_CMN_vidErrorLedSet	;wreg free
 11614   011230                     
 11615                           ;src/TOOLS/Common/Core/Common.c: 166:         CMN_vidPortDelayMs(50);
 11616   011230  0E32               	movlw	50
 11617   011232  6E0E               	movwf	CMN_vidPortDelayMs@ku32DelayMs^0,c
 11618   011234  0E00               	movlw	0
 11619   011236  6E0F               	movwf	(CMN_vidPortDelayMs@ku32DelayMs+1)^0,c
 11620   011238  0E00               	movlw	0
 11621   01123A  6E10               	movwf	(CMN_vidPortDelayMs@ku32DelayMs+2)^0,c
 11622   01123C  0E00               	movlw	0
 11623   01123E  6E11               	movwf	(CMN_vidPortDelayMs@ku32DelayMs+3)^0,c
 11624   011240  ECE8  F08A         	call	_CMN_vidPortDelayMs	;wreg free
 11625   011244                     
 11626                           ;src/TOOLS/Common/Core/Common.c: 167:         CMN_vidErrorLedUnset();
 11627   011244  EC9B  F08D         	call	_CMN_vidErrorLedUnset	;wreg free
 11628   011248                     
 11629                           ;src/TOOLS/Common/Core/Common.c: 168:         CMN_vidPortDelayMs(50);
 11630   011248  0E32               	movlw	50
 11631   01124A  6E0E               	movwf	CMN_vidPortDelayMs@ku32DelayMs^0,c
 11632   01124C  0E00               	movlw	0
 11633   01124E  6E0F               	movwf	(CMN_vidPortDelayMs@ku32DelayMs+1)^0,c
 11634   011250  0E00               	movlw	0
 11635   011252  6E10               	movwf	(CMN_vidPortDelayMs@ku32DelayMs+2)^0,c
 11636   011254  0E00               	movlw	0
 11637   011256  6E11               	movwf	(CMN_vidPortDelayMs@ku32DelayMs+3)^0,c
 11638   011258  ECE8  F08A         	call	_CMN_vidPortDelayMs	;wreg free
 11639   01125C  EF16  F089         	goto	l4577
 11640   011260                     l531:
 11641   011260  0012               	return		;funcret
 11642   011262                     __end_of_CMN_vidManageAssert:
 11643                           	callstack 0
 11644                           
 11645 ;; *************** function _printf *****************
 11646 ;; Defined at:
 11647 ;;		line 5 in file "C:\Program Files\Microchip\xc8\v2.50\pic\sources\c99\common\printf.c"
 11648 ;; Parameters:    Size  Location     Type
 11649 ;;  fmt             2   54[COMRAM] PTR const unsigned char 
 11650 ;;		 -> STR_44(66), STR_43(67), STR_42(69), STR_1(17), 
 11651 ;; Auto vars:     Size  Location     Type
 11652 ;;  ret             2    0        int 
 11653 ;;  ap              1   62[COMRAM] PTR void [1]
 11654 ;;		 -> ?_printf(2), ?_LCD_enuPrintf(1), 
 11655 ;; Return value:  Size  Location     Type
 11656 ;;                  2   54[COMRAM] int 
 11657 ;; Registers used:
 11658 ;;		wreg, fsr0l, fsr0h, fsr1l, fsr1h, fsr2l, fsr2h, status,2, status,0, tblptrl, tblptrh, tblptru, cstack
 11659 ;; Tracked objects:
 11660 ;;		On entry : 0/0
 11661 ;;		On exit  : 0/0
 11662 ;;		Unchanged: 0/0
 11663 ;; Data sizes:     COMRAM   BANK0   BANK1   BANK2   BANK3   BANK4   BANK5   BANK6   BANK7   BANK8   BANK9  BANK10  BANK1
      +1  BANK12  BANK14
 11664 ;;      Params:         8       0       0       0       0       0       0       0       0       0       0       0       
      +0       0       0
 11665 ;;      Locals:         1       0       0       0       0       0       0       0       0       0       0       0       
      +0       0       0
 11666 ;;      Temps:          0       0       0       0       0       0       0       0       0       0       0       0       
      +0       0       0
 11667 ;;      Totals:         9       0       0       0       0       0       0       0       0       0       0       0       
      +0       0       0
 11668 ;;Total ram usage:        9 bytes
 11669 ;; Hardware stack levels used: 1
 11670 ;; Hardware stack levels required when called: 7
 11671 ;; This function calls:
 11672 ;;		_vfprintf
 11673 ;; This function is called by:
 11674 ;;		_main
 11675 ;;		_CMN_vidManageAssert
 11676 ;;		_CMN_vidManageAbort
 11677 ;; This function uses a non-reentrant model
 11678 ;;
 11679                           
 11680                           	psect	text31
 11681   011A92                     __ptext31:
 11682                           	callstack 0
 11683   011A92                     _printf:
 11684                           	callstack 23
 11685   011A92  0E39               	movlw	low (?_printf+2)
 11686   011A94  6E3F               	movwf	printf@ap^0,c
 11687   011A96  0E00               	movlw	0
 11688   011A98  6E31               	movwf	vfprintf@fp^0,c
 11689   011A9A  C037  F032         	movff	printf@fmt,vfprintf@fmt
 11690   011A9E  C038  F033         	movff	printf@fmt+1,vfprintf@fmt+1
 11691   011AA2  0E3F               	movlw	low printf@ap
 11692   011AA4  6E34               	movwf	vfprintf@ap^0,c
 11693   011AA6  EC27  F08C         	call	_vfprintf	;wreg free
 11694   011AAA  0012               	return		;funcret
 11695   011AAC                     __end_of_printf:
 11696                           	callstack 0
 11697                           
 11698 ;; *************** function _vfprintf *****************
 11699 ;; Defined at:
 11700 ;;		line 1817 in file "C:\Program Files\Microchip\xc8\v2.50\pic\sources\c99\common\doprnt.c"
 11701 ;; Parameters:    Size  Location     Type
 11702 ;;  fp              1   48[COMRAM] PTR struct _IO_FILE
 11703 ;;		 -> vsnprintf@f(11), NULL(0), 
 11704 ;;  fmt             2   49[COMRAM] PTR const unsigned char 
 11705 ;;		 -> STR_44(66), STR_43(67), STR_42(69), STR_1(17), 
 11706 ;;  ap              1   51[COMRAM] PTR PTR void 
 11707 ;;		 -> printf@ap(1), LCD_enuPrintf@args(1), 
 11708 ;; Auto vars:     Size  Location     Type
 11709 ;;  cfmt            2   52[COMRAM] PTR unsigned char 
 11710 ;;		 -> STR_44(66), STR_43(67), STR_42(69), STR_1(17), 
 11711 ;; Return value:  Size  Location     Type
 11712 ;;                  2   48[COMRAM] int 
 11713 ;; Registers used:
 11714 ;;		wreg, fsr0l, fsr0h, fsr1l, fsr1h, fsr2l, fsr2h, status,2, status,0, tblptrl, tblptrh, tblptru, cstack
 11715 ;; Tracked objects:
 11716 ;;		On entry : 0/0
 11717 ;;		On exit  : 0/0
 11718 ;;		Unchanged: 0/0
 11719 ;; Data sizes:     COMRAM   BANK0   BANK1   BANK2   BANK3   BANK4   BANK5   BANK6   BANK7   BANK8   BANK9  BANK10  BANK1
      +1  BANK12  BANK14
 11720 ;;      Params:         4       0       0       0       0       0       0       0       0       0       0       0       
      +0       0       0
 11721 ;;      Locals:         2       0       0       0       0       0       0       0       0       0       0       0       
      +0       0       0
 11722 ;;      Temps:          0       0       0       0       0       0       0       0       0       0       0       0       
      +0       0       0
 11723 ;;      Totals:         6       0       0       0       0       0       0       0       0       0       0       0       
      +0       0       0
 11724 ;;Total ram usage:        6 bytes
 11725 ;; Hardware stack levels used: 1
 11726 ;; Hardware stack levels required when called: 6
 11727 ;; This function calls:
 11728 ;;		_vfpfcnvrt
 11729 ;; This function is called by:
 11730 ;;		_printf
 11731 ;;		_vsnprintf
 11732 ;; This function uses a non-reentrant model
 11733 ;;
 11734                           
 11735                           	psect	text32
 11736   01184E                     __ptext32:
 11737                           	callstack 0
 11738   01184E                     _vfprintf:
 11739                           	callstack 23
 11740   01184E                     
 11741                           ;C:\Program Files\Microchip\xc8\v2.50\pic\sources\c99\common\doprnt.c: 1817: int vfprint
      +                          f(FILE *fp, const char *fmt, va_list ap);C:\Program Files\Microchip\xc8\v2.50\pic\source
      +                          s\c99\common\doprnt.c: 1818: {;C:\Program Files\Microchip\xc8\v2.50\pic\sources\c99\comm
      +                          on\doprnt.c: 1820:     char *cfmt;;C:\Program Files\Microchip\xc8\v2.50\pic\sources\c99\
      +                          common\doprnt.c: 1822:     cfmt = (char *)fmt;
 11742   01184E  C032  F035         	movff	vfprintf@fmt,vfprintf@cfmt
 11743   011852  C033  F036         	movff	vfprintf@fmt+1,vfprintf@cfmt+1
 11744                           
 11745                           ;C:\Program Files\Microchip\xc8\v2.50\pic\sources\c99\common\doprnt.c: 1826:     while (
      +                          *cfmt) {
 11746   011856  EF36  F08C         	goto	l4473
 11747   01185A                     l4471:
 11748                           
 11749                           ;C:\Program Files\Microchip\xc8\v2.50\pic\sources\c99\common\doprnt.c: 1830:    vfpfcnvr
      +                          t(fp, &cfmt, ap);
 11750   01185A  C031  F021         	movff	vfprintf@fp,vfpfcnvrt@fp
 11751   01185E  0E35               	movlw	low vfprintf@cfmt
 11752   011860  6E22               	movwf	vfpfcnvrt@fmt^0,c
 11753   011862  C034  F023         	movff	vfprintf@ap,vfpfcnvrt@ap
 11754   011866  6A24               	clrf	(vfpfcnvrt@ap+1)^0,c
 11755   011868  ECCF  F082         	call	_vfpfcnvrt	;wreg free
 11756   01186C                     l4473:
 11757                           
 11758                           ;C:\Program Files\Microchip\xc8\v2.50\pic\sources\c99\common\doprnt.c: 1826:     while (
      +                          *cfmt) {
 11759   01186C  C035  FFF6         	movff	vfprintf@cfmt,tblptrl
 11760   011870  C036  FFF7         	movff	vfprintf@cfmt+1,tblptrh
 11761   011874                     	if	0	;tblptru may be non-zero
 11762   011874                     	endif
 11763   011874                     	if	1	;Program memory is > 0xFFFF, there are 3 active tblptr bytes
 11764   011874  0E00               	movlw	low (__mediumconst shr (0+16))
 11765   011876  6EF8               	movwf	tblptru,c
 11766   011878                     	endif
 11767   011878  0008               	tblrd		*
 11768   01187A  50F5               	movf	tablat,w,c
 11769   01187C  0900               	iorlw	0
 11770   01187E  A4D8               	btfss	status,2,c
 11771   011880  EF44  F08C         	goto	u4701
 11772   011884  EF46  F08C         	goto	u4700
 11773   011888                     u4701:
 11774   011888  EF2D  F08C         	goto	l4471
 11775   01188C                     u4700:
 11776   01188C                     
 11777                           ;C:\Program Files\Microchip\xc8\v2.50\pic\sources\c99\common\doprnt.c: 1835:  return 0;
 11778   01188C  0E00               	movlw	0
 11779   01188E  6E32               	movwf	(?_vfprintf+1)^0,c
 11780   011890  0E00               	movlw	0
 11781   011892  6E31               	movwf	?_vfprintf^0,c
 11782   011894  0012               	return		;funcret
 11783   011896                     __end_of_vfprintf:
 11784                           	callstack 0
 11785                           
 11786 ;; *************** function _vfpfcnvrt *****************
 11787 ;; Defined at:
 11788 ;;		line 1177 in file "C:\Program Files\Microchip\xc8\v2.50\pic\sources\c99\common\doprnt.c"
 11789 ;; Parameters:    Size  Location     Type
 11790 ;;  fp              1   32[COMRAM] PTR struct _IO_FILE
 11791 ;;		 -> vsnprintf@f(11), NULL(0), 
 11792 ;;  fmt             1   33[COMRAM] PTR PTR unsigned char 
 11793 ;;		 -> vfprintf@cfmt(2), 
 11794 ;;  ap              2   34[COMRAM] PTR PTR void 
 11795 ;;		 -> printf@ap(1), LCD_enuPrintf@args(1), 
 11796 ;; Auto vars:     Size  Location     Type
 11797 ;;  cp              2   38[COMRAM] PTR unsigned char 
 11798 ;;		 -> ?_printf(2), STR_41(19), STR_40(27), STR_39(21), 
 11799 ;;		 -> STR_38(29), STR_37(21), STR_36(29), STR_35(18), 
 11800 ;;		 -> STR_34(28), STR_33(18), STR_32(28), STR_31(18), 
 11801 ;;		 -> STR_30(28), ?_LCD_enuPrintf(1), STR_29(18), STR_28(27), 
 11802 ;;		 -> STR_27(18), STR_26(27), STR_25(18), STR_24(27), 
 11803 ;;		 -> STR_23(18), STR_22(27), STR_21(18), STR_20(27), 
 11804 ;;		 -> STR_19(18), STR_18(27), STR_17(18), STR_16(27), 
 11805 ;;		 -> STR_15(18), STR_14(27), STR_13(18), STR_12(27), 
 11806 ;;		 -> STR_11(18), STR_10(27), STR_9(18), STR_8(27), 
 11807 ;;		 -> STR_7(18), STR_6(27), STR_5(18), STR_4(27), 
 11808 ;;		 -> STR_3(5), STR_2(11), 
 11809 ;;  convarg         4   43[COMRAM] struct .
 11810 ;;  cp              2   40[COMRAM] PTR unsigned char 
 11811 ;;		 -> STR_44(66), STR_43(67), STR_42(69), STR_1(17), 
 11812 ;;  c               1   47[COMRAM] unsigned char 
 11813 ;;  done            1   42[COMRAM] _Bool 
 11814 ;; Return value:  Size  Location     Type
 11815 ;;                  1    wreg      void 
 11816 ;; Registers used:
 11817 ;;		wreg, fsr0l, fsr0h, fsr1l, fsr1h, fsr2l, fsr2h, status,2, status,0, tblptrl, tblptrh, tblptru, cstack
 11818 ;; Tracked objects:
 11819 ;;		On entry : 0/0
 11820 ;;		On exit  : 0/0
 11821 ;;		Unchanged: 0/0
 11822 ;; Data sizes:     COMRAM   BANK0   BANK1   BANK2   BANK3   BANK4   BANK5   BANK6   BANK7   BANK8   BANK9  BANK10  BANK1
      +1  BANK12  BANK14
 11823 ;;      Params:         4       0       0       0       0       0       0       0       0       0       0       0       
      +0       0       0
 11824 ;;      Locals:        10       0       0       0       0       0       0       0       0       0       0       0       
      +0       0       0
 11825 ;;      Temps:          2       0       0       0       0       0       0       0       0       0       0       0       
      +0       0       0
 11826 ;;      Totals:        16       0       0       0       0       0       0       0       0       0       0       0       
      +0       0       0
 11827 ;;Total ram usage:       16 bytes
 11828 ;; Hardware stack levels used: 1
 11829 ;; Hardware stack levels required when called: 5
 11830 ;; This function calls:
 11831 ;;		___awdiv
 11832 ;;		___awmod
 11833 ;;		_abs
 11834 ;;		_fputc
 11835 ;; This function is called by:
 11836 ;;		_vfprintf
 11837 ;; This function uses a non-reentrant model
 11838 ;;
 11839                           
 11840                           	psect	text33
 11841   01059E                     __ptext33:
 11842                           	callstack 0
 11843   01059E                     _vfpfcnvrt:
 11844                           	callstack 23
 11845   01059E                     
 11846                           ;C:\Program Files\Microchip\xc8\v2.50\pic\sources\c99\common\doprnt.c: 1177: vfpfcnvrt(F
      +                          ILE *fp, char *fmt[], va_list ap);C:\Program Files\Microchip\xc8\v2.50\pic\sources\c99\c
      +                          ommon\doprnt.c: 1178: {;C:\Program Files\Microchip\xc8\v2.50\pic\sources\c99\common\dopr
      +                          nt.c: 1179:     char c, *cp;;C:\Program Files\Microchip\xc8\v2.50\pic\sources\c99\common
      +                          \doprnt.c: 1180:     _Bool done;;C:\Program Files\Microchip\xc8\v2.50\pic\sources\c99\co
      +                          mmon\doprnt.c: 1188:  } convarg;;C:\Program Files\Microchip\xc8\v2.50\pic\sources\c99\co
      +                          mmon\doprnt.c: 1201:     if ((*fmt)[0] == '%') {
 11847   01059E  5022               	movf	vfpfcnvrt@fmt^0,w,c
 11848   0105A0  6ED9               	movwf	fsr2l,c
 11849   0105A2  6ADA               	clrf	fsr2h,c
 11850   0105A4  CFDE FFF6          	movff	postinc2,tblptrl
 11851   0105A8  CFDD FFF7          	movff	postdec2,tblptrh
 11852   0105AC                     	if	0	;tblptru may be non-zero
 11853   0105AC                     	endif
 11854   0105AC                     	if	1	;Program memory is > 0xFFFF, there are 3 active tblptr bytes
 11855   0105AC  0E00               	movlw	low (__mediumconst shr (0+16))
 11856   0105AE  6EF8               	movwf	tblptru,c
 11857   0105B0                     	endif
 11858   0105B0  0008               	tblrd		*
 11859   0105B2  50F5               	movf	tablat,w,c
 11860   0105B4  0A25               	xorlw	37
 11861   0105B6  A4D8               	btfss	status,2,c
 11862   0105B8  EFE0  F082         	goto	u4521
 11863   0105BC  EFE2  F082         	goto	u4520
 11864   0105C0                     u4521:
 11865   0105C0  EF6C  F084         	goto	l4459
 11866   0105C4                     u4520:
 11867   0105C4                     
 11868                           ;C:\Program Files\Microchip\xc8\v2.50\pic\sources\c99\common\doprnt.c: 1202:         ++*
      +                          fmt;
 11869   0105C4  5022               	movf	vfpfcnvrt@fmt^0,w,c
 11870   0105C6  6ED9               	movwf	fsr2l,c
 11871   0105C8  6ADA               	clrf	fsr2h,c
 11872   0105CA  2ADE               	incf	postinc2,f,c
 11873   0105CC  0E00               	movlw	0
 11874   0105CE  22DD               	addwfc	postdec2,f,c
 11875   0105D0                     
 11876                           ;C:\Program Files\Microchip\xc8\v2.50\pic\sources\c99\common\doprnt.c: 1204:         fla
      +                          gs = width = 0;
 11877   0105D0  0E00               	movlw	0
 11878   0105D2  0100               	movlb	0	; () banked
 11879   0105D4  6F8E               	movwf	(_width+1)& (0+255),b
 11880   0105D6  0E00               	movlw	0
 11881   0105D8  6F8D               	movwf	_width& (0+255),b
 11882   0105DA  C08D  F050         	movff	_width,_flags
 11883   0105DE                     
 11884                           ; BSR set to: 0
 11885                           ;C:\Program Files\Microchip\xc8\v2.50\pic\sources\c99\common\doprnt.c: 1205:         pre
      +                          c = -1;
 11886   0105DE  698F               	setf	_prec& (0+255),b
 11887   0105E0  6990               	setf	(_prec+1)& (0+255),b
 11888   0105E2                     
 11889                           ; BSR set to: 0
 11890                           ;C:\Program Files\Microchip\xc8\v2.50\pic\sources\c99\common\doprnt.c: 1291:   cp = *fmt
      +                          ;
 11891   0105E2  5022               	movf	vfpfcnvrt@fmt^0,w,c
 11892   0105E4  6ED9               	movwf	fsr2l,c
 11893   0105E6  6ADA               	clrf	fsr2h,c
 11894   0105E8  CFDE F029          	movff	postinc2,vfpfcnvrt@cp
 11895   0105EC  CFDD F02A          	movff	postdec2,vfpfcnvrt@cp+1
 11896   0105F0                     
 11897                           ; BSR set to: 0
 11898                           ;C:\Program Files\Microchip\xc8\v2.50\pic\sources\c99\common\doprnt.c: 1361:   if (*cp =
      +                          = 'd' || *cp == 'i') {
 11899   0105F0  C029  FFF6         	movff	vfpfcnvrt@cp,tblptrl
 11900   0105F4  C02A  FFF7         	movff	vfpfcnvrt@cp+1,tblptrh
 11901   0105F8                     	if	0	;tblptru may be non-zero
 11902   0105F8                     	endif
 11903   0105F8                     	if	1	;Program memory is > 0xFFFF, there are 3 active tblptr bytes
 11904   0105F8  0E00               	movlw	low (__mediumconst shr (0+16))
 11905   0105FA  6EF8               	movwf	tblptru,c
 11906   0105FC                     	endif
 11907   0105FC  0008               	tblrd		*
 11908   0105FE  50F5               	movf	tablat,w,c
 11909   010600  0A64               	xorlw	100
 11910   010602  B4D8               	btfsc	status,2,c
 11911   010604  EF06  F083         	goto	u4531
 11912   010608  EF08  F083         	goto	u4530
 11913   01060C                     u4531:
 11914   01060C  EF18  F083         	goto	l4401
 11915   010610                     u4530:
 11916   010610                     
 11917                           ; BSR set to: 0
 11918   010610  C029  FFF6         	movff	vfpfcnvrt@cp,tblptrl
 11919   010614  C02A  FFF7         	movff	vfpfcnvrt@cp+1,tblptrh
 11920   010618                     	if	0	;tblptru may be non-zero
 11921   010618                     	endif
 11922   010618                     	if	1	;Program memory is > 0xFFFF, there are 3 active tblptr bytes
 11923   010618  0E00               	movlw	low (__mediumconst shr (0+16))
 11924   01061A  6EF8               	movwf	tblptru,c
 11925   01061C                     	endif
 11926   01061C  0008               	tblrd		*
 11927   01061E  50F5               	movf	tablat,w,c
 11928   010620  0A69               	xorlw	105
 11929   010622  A4D8               	btfss	status,2,c
 11930   010624  EF16  F083         	goto	u4541
 11931   010628  EF18  F083         	goto	u4540
 11932   01062C                     u4541:
 11933   01062C  EFA7  F083         	goto	l1371
 11934   010630                     u4540:
 11935   010630                     l4401:
 11936                           
 11937                           ; BSR set to: 0
 11938                           ;C:\Program Files\Microchip\xc8\v2.50\pic\sources\c99\common\doprnt.c: 1404:    convarg.
      +                          sint = (vfpf_sint_t)(int)(*(int *)__va_arg(*(int **)ap, (int)0));
 11939   010630  C023  FFD9         	movff	vfpfcnvrt@ap,fsr2l
 11940   010634  C024  FFDA         	movff	vfpfcnvrt@ap+1,fsr2h
 11941   010638  0E02               	movlw	2
 11942   01063A  26DF               	addwf	indf2,f,c
 11943   01063C  5CDF               	subwf	indf2,w,c
 11944   01063E  6ED9               	movwf	fsr2l,c
 11945   010640  6ADA               	clrf	fsr2h,c
 11946   010642  CFDE F02C          	movff	postinc2,vfpfcnvrt@convarg
 11947   010646  CFDE F02D          	movff	postinc2,vfpfcnvrt@convarg+1
 11948   01064A                     
 11949                           ; BSR set to: 0
 11950                           ;C:\Program Files\Microchip\xc8\v2.50\pic\sources\c99\common\doprnt.c: 1406:    *fmt = c
      +                          p+1;
 11951   01064A  0E01               	movlw	1
 11952   01064C  2429               	addwf	vfpfcnvrt@cp^0,w,c
 11953   01064E  6E25               	movwf	??_vfpfcnvrt^0,c
 11954   010650  0E00               	movlw	0
 11955   010652  202A               	addwfc	(vfpfcnvrt@cp+1)^0,w,c
 11956   010654  6E26               	movwf	(??_vfpfcnvrt+1)^0,c
 11957   010656  5022               	movf	vfpfcnvrt@fmt^0,w,c
 11958   010658  6ED9               	movwf	fsr2l,c
 11959   01065A  6ADA               	clrf	fsr2h,c
 11960   01065C  C025  FFDE         	movff	??_vfpfcnvrt,postinc2
 11961   010660  C026  FFDD         	movff	??_vfpfcnvrt+1,postdec2
 11962   010664                     
 11963                           ; BSR set to: 0
 11964                           ;C:\Program Files\Microchip\xc8\v2.50\pic\sources\c99\common\doprnt.c: 1408:    c = size
      +                          of(dbuf);
 11965   010664  0E20               	movlw	32
 11966   010666  6E30               	movwf	vfpfcnvrt@c^0,c
 11967   010668                     
 11968                           ; BSR set to: 0
 11969                           ;C:\Program Files\Microchip\xc8\v2.50\pic\sources\c99\common\doprnt.c: 1409:    done = c
      +                          onvarg.sint < 0;
 11970   010668  BE2D               	btfsc	(vfpfcnvrt@convarg+1)^0,7,c
 11971   01066A  EF39  F083         	goto	u4551
 11972   01066E  EF3C  F083         	goto	u4550
 11973   010672                     u4551:
 11974   010672  0E01               	movlw	1
 11975   010674  EF3D  F083         	goto	u4560
 11976   010678                     u4550:
 11977   010678  0E00               	movlw	0
 11978   01067A                     u4560:
 11979   01067A  6E2B               	movwf	vfpfcnvrt@done^0,c
 11980   01067C                     l4409:
 11981                           
 11982                           ;C:\Program Files\Microchip\xc8\v2.50\pic\sources\c99\common\doprnt.c: 1411:     dbuf[--
      +                          c] = abs(convarg.sint % 10) + '0';
 11983   01067C  0630               	decf	vfpfcnvrt@c^0,f,c
 11984   01067E  5030               	movf	vfpfcnvrt@c^0,w,c
 11985   010680  0F60               	addlw	low _dbuf
 11986   010682  6ED9               	movwf	fsr2l,c
 11987   010684  6ADA               	clrf	fsr2h,c
 11988   010686  C02C  F00E         	movff	vfpfcnvrt@convarg,___awmod@dividend
 11989   01068A  C02D  F00F         	movff	vfpfcnvrt@convarg+1,___awmod@dividend+1
 11990   01068E  0E00               	movlw	0
 11991   010690  6E11               	movwf	(___awmod@divisor+1)^0,c
 11992   010692  0E0A               	movlw	10
 11993   010694  6E10               	movwf	___awmod@divisor^0,c
 11994   010696  EC88  F089         	call	___awmod	;wreg free
 11995   01069A  C00E  F014         	movff	?___awmod,abs@a
 11996   01069E  C00F  F015         	movff	?___awmod+1,abs@a+1
 11997   0106A2  ECE4  F08C         	call	_abs	;wreg free
 11998   0106A6  5014               	movf	?_abs^0,w,c
 11999   0106A8  0F30               	addlw	48
 12000   0106AA  6EDF               	movwf	indf2,c
 12001   0106AC                     
 12002                           ;C:\Program Files\Microchip\xc8\v2.50\pic\sources\c99\common\doprnt.c: 1412:     convarg
      +                          .sint /= 10;
 12003   0106AC  C02C  F00E         	movff	vfpfcnvrt@convarg,___awdiv@dividend
 12004   0106B0  C02D  F00F         	movff	vfpfcnvrt@convarg+1,___awdiv@dividend+1
 12005   0106B4  0E00               	movlw	0
 12006   0106B6  6E11               	movwf	(___awdiv@divisor+1)^0,c
 12007   0106B8  0E0A               	movlw	10
 12008   0106BA  6E10               	movwf	___awdiv@divisor^0,c
 12009   0106BC  EC1B  F088         	call	___awdiv	;wreg free
 12010   0106C0  C00E  F02C         	movff	?___awdiv,vfpfcnvrt@convarg
 12011   0106C4  C00F  F02D         	movff	?___awdiv+1,vfpfcnvrt@convarg+1
 12012   0106C8                     
 12013                           ;C:\Program Files\Microchip\xc8\v2.50\pic\sources\c99\common\doprnt.c: 1416:    } while 
      +                          (convarg.sint != 0 && c != 0);
 12014   0106C8  502C               	movf	vfpfcnvrt@convarg^0,w,c
 12015   0106CA  102D               	iorwf	(vfpfcnvrt@convarg+1)^0,w,c
 12016   0106CC  B4D8               	btfsc	status,2,c
 12017   0106CE  EF6B  F083         	goto	u4571
 12018   0106D2  EF6D  F083         	goto	u4570
 12019   0106D6                     u4571:
 12020   0106D6  EF75  F083         	goto	l4417
 12021   0106DA                     u4570:
 12022   0106DA  5030               	movf	vfpfcnvrt@c^0,w,c
 12023   0106DC  A4D8               	btfss	status,2,c
 12024   0106DE  EF73  F083         	goto	u4581
 12025   0106E2  EF75  F083         	goto	u4580
 12026   0106E6                     u4581:
 12027   0106E6  EF3E  F083         	goto	l4409
 12028   0106EA                     u4580:
 12029   0106EA                     l4417:
 12030                           
 12031                           ;C:\Program Files\Microchip\xc8\v2.50\pic\sources\c99\common\doprnt.c: 1417:    if (c !=
      +                           0 && done) {
 12032   0106EA  5030               	movf	vfpfcnvrt@c^0,w,c
 12033   0106EC  B4D8               	btfsc	status,2,c
 12034   0106EE  EF7B  F083         	goto	u4591
 12035   0106F2  EF7D  F083         	goto	u4590
 12036   0106F6                     u4591:
 12037   0106F6  EF9C  F083         	goto	l4427
 12038   0106FA                     u4590:
 12039   0106FA  502B               	movf	vfpfcnvrt@done^0,w,c
 12040   0106FC  B4D8               	btfsc	status,2,c
 12041   0106FE  EF83  F083         	goto	u4601
 12042   010702  EF85  F083         	goto	u4600
 12043   010706                     u4601:
 12044   010706  EF9C  F083         	goto	l4427
 12045   01070A                     u4600:
 12046   01070A                     
 12047                           ;C:\Program Files\Microchip\xc8\v2.50\pic\sources\c99\common\doprnt.c: 1418:     dbuf[--
      +                          c] = '-';
 12048   01070A  0630               	decf	vfpfcnvrt@c^0,f,c
 12049   01070C  5030               	movf	vfpfcnvrt@c^0,w,c
 12050   01070E  0F60               	addlw	low _dbuf
 12051   010710  6ED9               	movwf	fsr2l,c
 12052   010712  6ADA               	clrf	fsr2h,c
 12053   010714  0E2D               	movlw	45
 12054   010716  6EDF               	movwf	indf2,c
 12055   010718  EF9C  F083         	goto	l4427
 12056   01071C                     l4423:
 12057                           
 12058                           ;C:\Program Files\Microchip\xc8\v2.50\pic\sources\c99\common\doprnt.c: 1424:     fputc(d
      +                          buf[c++], fp);
 12059   01071C  5030               	movf	vfpfcnvrt@c^0,w,c
 12060   01071E  0F60               	addlw	low _dbuf
 12061   010720  6ED9               	movwf	fsr2l,c
 12062   010722  6ADA               	clrf	fsr2h,c
 12063   010724  50DF               	movf	indf2,w,c
 12064   010726  6E25               	movwf	??_vfpfcnvrt^0,c
 12065   010728  5025               	movf	??_vfpfcnvrt^0,w,c
 12066   01072A  6E19               	movwf	fputc@c^0,c
 12067   01072C  6A1A               	clrf	(fputc@c+1)^0,c
 12068   01072E  C021  F01B         	movff	vfpfcnvrt@fp,fputc@fp
 12069   010732  EC7C  F088         	call	_fputc	;wreg free
 12070   010736  2A30               	incf	vfpfcnvrt@c^0,f,c
 12071   010738                     l4427:
 12072                           
 12073                           ;C:\Program Files\Microchip\xc8\v2.50\pic\sources\c99\common\doprnt.c: 1423:    while (c
      +                           != sizeof(dbuf)) {
 12074   010738  0E20               	movlw	32
 12075   01073A  1830               	xorwf	vfpfcnvrt@c^0,w,c
 12076   01073C  A4D8               	btfss	status,2,c
 12077   01073E  EFA3  F083         	goto	u4611
 12078   010742  EFA5  F083         	goto	u4610
 12079   010746                     u4611:
 12080   010746  EF8E  F083         	goto	l4423
 12081   01074A                     u4610:
 12082   01074A  EF7F  F084         	goto	l1382
 12083   01074E                     l1371:
 12084                           
 12085                           ; BSR set to: 0
 12086                           ;C:\Program Files\Microchip\xc8\v2.50\pic\sources\c99\common\doprnt.c: 1656:   done = 0;
 12087   01074E  6A2B               	clrf	vfpfcnvrt@done^0,c
 12088   010750                     
 12089                           ; BSR set to: 0
 12090                           ;C:\Program Files\Microchip\xc8\v2.50\pic\sources\c99\common\doprnt.c: 1657:   if ((*fmt
      +                          )[0] == 's') {
 12091   010750  5022               	movf	vfpfcnvrt@fmt^0,w,c
 12092   010752  6ED9               	movwf	fsr2l,c
 12093   010754  6ADA               	clrf	fsr2h,c
 12094   010756  CFDE FFF6          	movff	postinc2,tblptrl
 12095   01075A  CFDD FFF7          	movff	postdec2,tblptrh
 12096   01075E                     	if	0	;tblptru may be non-zero
 12097   01075E                     	endif
 12098   01075E                     	if	1	;Program memory is > 0xFFFF, there are 3 active tblptr bytes
 12099   01075E  0E00               	movlw	low (__mediumconst shr (0+16))
 12100   010760  6EF8               	movwf	tblptru,c
 12101   010762                     	endif
 12102   010762  0008               	tblrd		*
 12103   010764  50F5               	movf	tablat,w,c
 12104   010766  0A73               	xorlw	115
 12105   010768  A4D8               	btfss	status,2,c
 12106   01076A  EFB9  F083         	goto	u4621
 12107   01076E  EFBB  F083         	goto	u4620
 12108   010772                     u4621:
 12109   010772  EFC5  F083         	goto	l4435
 12110   010776                     u4620:
 12111   010776                     
 12112                           ; BSR set to: 0
 12113                           ;C:\Program Files\Microchip\xc8\v2.50\pic\sources\c99\common\doprnt.c: 1658:    ++*fmt;
 12114   010776  5022               	movf	vfpfcnvrt@fmt^0,w,c
 12115   010778  6ED9               	movwf	fsr2l,c
 12116   01077A  6ADA               	clrf	fsr2h,c
 12117   01077C  2ADE               	incf	postinc2,f,c
 12118   01077E  0E00               	movlw	0
 12119   010780  22DD               	addwfc	postdec2,f,c
 12120   010782                     l4433:
 12121                           
 12122                           ; BSR set to: 0
 12123                           ;C:\Program Files\Microchip\xc8\v2.50\pic\sources\c99\common\doprnt.c: 1659:    done = 1
      +                          ;
 12124   010782  0E01               	movlw	1
 12125   010784  6E2B               	movwf	vfpfcnvrt@done^0,c
 12126                           
 12127                           ;C:\Program Files\Microchip\xc8\v2.50\pic\sources\c99\common\doprnt.c: 1660:   }
 12128   010786  EF17  F084         	goto	l4445
 12129   01078A                     l4435:
 12130                           
 12131                           ; BSR set to: 0
 12132   01078A  5022               	movf	vfpfcnvrt@fmt^0,w,c
 12133   01078C  6ED9               	movwf	fsr2l,c
 12134   01078E  6ADA               	clrf	fsr2h,c
 12135   010790  CFDE FFF6          	movff	postinc2,tblptrl
 12136   010794  CFDD FFF7          	movff	postdec2,tblptrh
 12137   010798                     	if	0	;tblptru may be non-zero
 12138   010798                     	endif
 12139   010798                     	if	1	;Program memory is > 0xFFFF, there are 3 active tblptr bytes
 12140   010798  0E00               	movlw	low (__mediumconst shr (0+16))
 12141   01079A  6EF8               	movwf	tblptru,c
 12142   01079C                     	endif
 12143   01079C  0008               	tblrd		*
 12144   01079E  50F5               	movf	tablat,w,c
 12145   0107A0  0A6C               	xorlw	108
 12146   0107A2  A4D8               	btfss	status,2,c
 12147   0107A4  EFD6  F083         	goto	u4631
 12148   0107A8  EFD8  F083         	goto	u4630
 12149   0107AC                     u4631:
 12150   0107AC  EF17  F084         	goto	l4445
 12151   0107B0                     u4630:
 12152   0107B0                     
 12153                           ; BSR set to: 0
 12154   0107B0  5022               	movf	vfpfcnvrt@fmt^0,w,c
 12155   0107B2  6ED9               	movwf	fsr2l,c
 12156   0107B4  6ADA               	clrf	fsr2h,c
 12157   0107B6  CFDE F025          	movff	postinc2,??_vfpfcnvrt
 12158   0107BA  CFDD F026          	movff	postdec2,??_vfpfcnvrt+1
 12159   0107BE  0E01               	movlw	1
 12160   0107C0  2625               	addwf	??_vfpfcnvrt^0,f,c
 12161   0107C2  0E00               	movlw	0
 12162   0107C4  2226               	addwfc	(??_vfpfcnvrt+1)^0,f,c
 12163   0107C6  C025  FFF6         	movff	??_vfpfcnvrt,tblptrl
 12164   0107CA  C026  FFF7         	movff	??_vfpfcnvrt+1,tblptrh
 12165   0107CE                     	if	0	;tblptru may be non-zero
 12166   0107CE                     	endif
 12167   0107CE                     	if	1	;Program memory is > 0xFFFF, there are 3 active tblptr bytes
 12168   0107CE  0E00               	movlw	low (__mediumconst shr (0+16))
 12169   0107D0  6EF8               	movwf	tblptru,c
 12170   0107D2                     	endif
 12171   0107D2  0008               	tblrd		*
 12172   0107D4  50F5               	movf	tablat,w,c
 12173   0107D6  0A6C               	xorlw	108
 12174   0107D8  A4D8               	btfss	status,2,c
 12175   0107DA  EFF1  F083         	goto	u4641
 12176   0107DE  EFF3  F083         	goto	u4640
 12177   0107E2                     u4641:
 12178   0107E2  EF17  F084         	goto	l4445
 12179   0107E6                     u4640:
 12180   0107E6                     
 12181                           ; BSR set to: 0
 12182   0107E6  5022               	movf	vfpfcnvrt@fmt^0,w,c
 12183   0107E8  6ED9               	movwf	fsr2l,c
 12184   0107EA  6ADA               	clrf	fsr2h,c
 12185   0107EC  CFDE F025          	movff	postinc2,??_vfpfcnvrt
 12186   0107F0  CFDD F026          	movff	postdec2,??_vfpfcnvrt+1
 12187   0107F4  0E02               	movlw	2
 12188   0107F6  2625               	addwf	??_vfpfcnvrt^0,f,c
 12189   0107F8  0E00               	movlw	0
 12190   0107FA  2226               	addwfc	(??_vfpfcnvrt+1)^0,f,c
 12191   0107FC  C025  FFF6         	movff	??_vfpfcnvrt,tblptrl
 12192   010800  C026  FFF7         	movff	??_vfpfcnvrt+1,tblptrh
 12193   010804                     	if	0	;tblptru may be non-zero
 12194   010804                     	endif
 12195   010804                     	if	1	;Program memory is > 0xFFFF, there are 3 active tblptr bytes
 12196   010804  0E00               	movlw	low (__mediumconst shr (0+16))
 12197   010806  6EF8               	movwf	tblptru,c
 12198   010808                     	endif
 12199   010808  0008               	tblrd		*
 12200   01080A  50F5               	movf	tablat,w,c
 12201   01080C  0A73               	xorlw	115
 12202   01080E  A4D8               	btfss	status,2,c
 12203   010810  EF0C  F084         	goto	u4651
 12204   010814  EF0E  F084         	goto	u4650
 12205   010818                     u4651:
 12206   010818  EF17  F084         	goto	l4445
 12207   01081C                     u4650:
 12208   01081C                     
 12209                           ; BSR set to: 0
 12210                           ;C:\Program Files\Microchip\xc8\v2.50\pic\sources\c99\common\doprnt.c: 1662:    *fmt += 
      +                          3;
 12211   01081C  5022               	movf	vfpfcnvrt@fmt^0,w,c
 12212   01081E  6ED9               	movwf	fsr2l,c
 12213   010820  6ADA               	clrf	fsr2h,c
 12214   010822  0E03               	movlw	3
 12215   010824  26DE               	addwf	postinc2,f,c
 12216   010826  0E00               	movlw	0
 12217   010828  22DD               	addwfc	postdec2,f,c
 12218   01082A  EFC1  F083         	goto	l4433
 12219   01082E                     l4445:
 12220                           
 12221                           ; BSR set to: 0
 12222                           ;C:\Program Files\Microchip\xc8\v2.50\pic\sources\c99\common\doprnt.c: 1665:   if (done)
      +                           {
 12223   01082E  502B               	movf	vfpfcnvrt@done^0,w,c
 12224   010830  B4D8               	btfsc	status,2,c
 12225   010832  EF1D  F084         	goto	u4661
 12226   010836  EF1F  F084         	goto	u4660
 12227   01083A                     u4661:
 12228   01083A  EF64  F084         	goto	l4455
 12229   01083E                     u4660:
 12230   01083E                     
 12231                           ; BSR set to: 0
 12232                           ;C:\Program Files\Microchip\xc8\v2.50\pic\sources\c99\common\doprnt.c: 1669:    for (cha
      +                          r * cp = (*(char * *)__va_arg(*(char * **)ap, (char *)0)); *cp != '\0'; cp++) {
 12233   01083E  C023  FFD9         	movff	vfpfcnvrt@ap,fsr2l
 12234   010842  C024  FFDA         	movff	vfpfcnvrt@ap+1,fsr2h
 12235   010846  0E02               	movlw	2
 12236   010848  26DF               	addwf	indf2,f,c
 12237   01084A  5CDF               	subwf	indf2,w,c
 12238   01084C  6ED9               	movwf	fsr2l,c
 12239   01084E  6ADA               	clrf	fsr2h,c
 12240   010850  CFDE F027          	movff	postinc2,vfpfcnvrt@cp_2271
 12241   010854  CFDE F028          	movff	postinc2,vfpfcnvrt@cp_2271+1
 12242   010858  EF49  F084         	goto	l4453
 12243   01085C                     l4449:
 12244                           
 12245                           ;C:\Program Files\Microchip\xc8\v2.50\pic\sources\c99\common\doprnt.c: 1670:     fputc(*
      +                          cp, fp);
 12246   01085C  C027  FFF6         	movff	vfpfcnvrt@cp_2271,tblptrl
 12247   010860  C028  FFF7         	movff	vfpfcnvrt@cp_2271+1,tblptrh
 12248   010864  0E00               	movlw	low (__mediumconst shr (0+16))
 12249   010866  6EF8               	movwf	tblptru,c
 12250   010868  0E0F               	movlw	(high __ramtop+-1)
 12251   01086A  64F7               	cpfsgt	tblptrh,c
 12252   01086C  D003               	bra	u4677
 12253   01086E  0008               	tblrd		*
 12254   010870  50F5               	movf	tablat,w,c
 12255   010872  D005               	bra	u4670
 12256   010874                     u4677:
 12257   010874  CFF6 FFE9          	movff	tblptrl,fsr0l
 12258   010878  CFF7 FFEA          	movff	tblptrh,fsr0h
 12259   01087C  50EF               	movf	indf0,w,c
 12260   01087E                     u4670:
 12261   01087E  6E25               	movwf	??_vfpfcnvrt^0,c
 12262   010880  5025               	movf	??_vfpfcnvrt^0,w,c
 12263   010882  6E19               	movwf	fputc@c^0,c
 12264   010884  6A1A               	clrf	(fputc@c+1)^0,c
 12265   010886  C021  F01B         	movff	vfpfcnvrt@fp,fputc@fp
 12266   01088A  EC7C  F088         	call	_fputc	;wreg free
 12267   01088E                     
 12268                           ;C:\Program Files\Microchip\xc8\v2.50\pic\sources\c99\common\doprnt.c: 1674:    }
 12269   01088E  4A27               	infsnz	vfpfcnvrt@cp_2271^0,f,c
 12270   010890  2A28               	incf	(vfpfcnvrt@cp_2271+1)^0,f,c
 12271   010892                     l4453:
 12272   010892  C027  FFF6         	movff	vfpfcnvrt@cp_2271,tblptrl
 12273   010896  C028  FFF7         	movff	vfpfcnvrt@cp_2271+1,tblptrh
 12274   01089A  0E00               	movlw	low (__mediumconst shr (0+16))
 12275   01089C  6EF8               	movwf	tblptru,c
 12276   01089E  0E0F               	movlw	(high __ramtop+-1)
 12277   0108A0  64F7               	cpfsgt	tblptrh,c
 12278   0108A2  D003               	bra	u4687
 12279   0108A4  0008               	tblrd		*
 12280   0108A6  50F5               	movf	tablat,w,c
 12281   0108A8  D005               	bra	u4680
 12282   0108AA                     u4687:
 12283   0108AA  CFF6 FFE9          	movff	tblptrl,fsr0l
 12284   0108AE  CFF7 FFEA          	movff	tblptrh,fsr0h
 12285   0108B2  50EF               	movf	indf0,w,c
 12286   0108B4                     u4680:
 12287   0108B4  0900               	iorlw	0
 12288   0108B6  A4D8               	btfss	status,2,c
 12289   0108B8  EF60  F084         	goto	u4691
 12290   0108BC  EF62  F084         	goto	u4690
 12291   0108C0                     u4691:
 12292   0108C0  EF2E  F084         	goto	l4449
 12293   0108C4                     u4690:
 12294   0108C4  EF7F  F084         	goto	l1382
 12295   0108C8                     l4455:
 12296                           
 12297                           ;C:\Program Files\Microchip\xc8\v2.50\pic\sources\c99\common\doprnt.c: 1806:         ++*
      +                          fmt;
 12298   0108C8  5022               	movf	vfpfcnvrt@fmt^0,w,c
 12299   0108CA  6ED9               	movwf	fsr2l,c
 12300   0108CC  6ADA               	clrf	fsr2h,c
 12301   0108CE  2ADE               	incf	postinc2,f,c
 12302   0108D0  0E00               	movlw	0
 12303   0108D2  22DD               	addwfc	postdec2,f,c
 12304   0108D4  EF7F  F084         	goto	l1382
 12305   0108D8                     l4459:
 12306                           
 12307                           ;C:\Program Files\Microchip\xc8\v2.50\pic\sources\c99\common\doprnt.c: 1811:     fputc((
      +                          int)(*fmt)[0], fp);
 12308   0108D8  5022               	movf	vfpfcnvrt@fmt^0,w,c
 12309   0108DA  6ED9               	movwf	fsr2l,c
 12310   0108DC  6ADA               	clrf	fsr2h,c
 12311   0108DE  CFDE FFF6          	movff	postinc2,tblptrl
 12312   0108E2  CFDD FFF7          	movff	postdec2,tblptrh
 12313   0108E6                     	if	0	;tblptru may be non-zero
 12314   0108E6                     	endif
 12315   0108E6                     	if	1	;Program memory is > 0xFFFF, there are 3 active tblptr bytes
 12316   0108E6  0E00               	movlw	low (__mediumconst shr (0+16))
 12317   0108E8  6EF8               	movwf	tblptru,c
 12318   0108EA                     	endif
 12319   0108EA  0008               	tblrd		*
 12320   0108EC  50F5               	movf	tablat,w,c
 12321   0108EE  6E19               	movwf	fputc@c^0,c
 12322   0108F0  6A1A               	clrf	(fputc@c+1)^0,c
 12323   0108F2  C021  F01B         	movff	vfpfcnvrt@fp,fputc@fp
 12324   0108F6  EC7C  F088         	call	_fputc	;wreg free
 12325   0108FA  EF64  F084         	goto	l4455
 12326   0108FE                     l1382:
 12327   0108FE  0012               	return		;funcret
 12328   010900                     __end_of_vfpfcnvrt:
 12329                           	callstack 0
 12330                           
 12331 ;; *************** function _fputc *****************
 12332 ;; Defined at:
 12333 ;;		line 8 in file "C:\Program Files\Microchip\xc8\v2.50\pic\sources\c99\common\nf_fputc.c"
 12334 ;; Parameters:    Size  Location     Type
 12335 ;;  c               2   24[COMRAM] int 
 12336 ;;  fp              1   26[COMRAM] PTR struct _IO_FILE
 12337 ;;		 -> vsnprintf@f(11), NULL(0), 
 12338 ;; Auto vars:     Size  Location     Type
 12339 ;;		None
 12340 ;; Return value:  Size  Location     Type
 12341 ;;                  2   24[COMRAM] int 
 12342 ;; Registers used:
 12343 ;;		wreg, fsr1l, fsr1h, fsr2l, fsr2h, status,2, status,0, cstack
 12344 ;; Tracked objects:
 12345 ;;		On entry : 0/0
 12346 ;;		On exit  : 0/0
 12347 ;;		Unchanged: 0/0
 12348 ;; Data sizes:     COMRAM   BANK0   BANK1   BANK2   BANK3   BANK4   BANK5   BANK6   BANK7   BANK8   BANK9  BANK10  BANK1
      +1  BANK12  BANK14
 12349 ;;      Params:         3       0       0       0       0       0       0       0       0       0       0       0       
      +0       0       0
 12350 ;;      Locals:         0       0       0       0       0       0       0       0       0       0       0       0       
      +0       0       0
 12351 ;;      Temps:          5       0       0       0       0       0       0       0       0       0       0       0       
      +0       0       0
 12352 ;;      Totals:         8       0       0       0       0       0       0       0       0       0       0       0       
      +0       0       0
 12353 ;;Total ram usage:        8 bytes
 12354 ;; Hardware stack levels used: 1
 12355 ;; Hardware stack levels required when called: 4
 12356 ;; This function calls:
 12357 ;;		_putch
 12358 ;; This function is called by:
 12359 ;;		_vfpfcnvrt
 12360 ;; This function uses a non-reentrant model
 12361 ;;
 12362                           
 12363                           	psect	text34
 12364   0110F8                     __ptext34:
 12365                           	callstack 0
 12366   0110F8                     _fputc:
 12367                           	callstack 23
 12368   0110F8  501B               	movf	fputc@fp^0,w,c
 12369   0110FA  B4D8               	btfsc	status,2,c
 12370   0110FC  EF82  F088         	goto	u4461
 12371   011100  EF84  F088         	goto	u4460
 12372   011104                     u4461:
 12373   011104  EF8C  F088         	goto	l4363
 12374   011108                     u4460:
 12375   011108  501B               	movf	fputc@fp^0,w,c
 12376   01110A  A4D8               	btfss	status,2,c
 12377   01110C  EF8A  F088         	goto	u4471
 12378   011110  EF8C  F088         	goto	u4470
 12379   011114                     u4471:
 12380   011114  EF91  F088         	goto	l4365
 12381   011118                     u4470:
 12382   011118                     l4363:
 12383   011118  5019               	movf	fputc@c^0,w,c
 12384   01111A  EC56  F08D         	call	_putch
 12385   01111E  EFD8  F088         	goto	l1414
 12386   011122                     l4365:
 12387   011122  501B               	movf	fputc@fp^0,w,c
 12388   011124  6ED9               	movwf	fsr2l,c
 12389   011126  6ADA               	clrf	fsr2h,c
 12390   011128  0E09               	movlw	9
 12391   01112A  26D9               	addwf	fsr2l,f,c
 12392   01112C  50DE               	movf	postinc2,w,c
 12393   01112E  10DE               	iorwf	postinc2,w,c
 12394   011130  B4D8               	btfsc	status,2,c
 12395   011132  EF9D  F088         	goto	u4481
 12396   011136  EF9F  F088         	goto	u4480
 12397   01113A                     u4481:
 12398   01113A  EFB8  F088         	goto	l4369
 12399   01113E                     u4480:
 12400   01113E  501B               	movf	fputc@fp^0,w,c
 12401   011140  6ED9               	movwf	fsr2l,c
 12402   011142  6ADA               	clrf	fsr2h,c
 12403   011144  0E09               	movlw	9
 12404   011146  26D9               	addwf	fsr2l,f,c
 12405   011148  501B               	movf	fputc@fp^0,w,c
 12406   01114A  6EE1               	movwf	fsr1l,c
 12407   01114C  6AE2               	clrf	fsr1h,c
 12408   01114E  0E02               	movlw	2
 12409   011150  26E1               	addwf	fsr1l,f,c
 12410   011152  50DE               	movf	postinc2,w,c
 12411   011154  5CE6               	subwf	postinc1,w,c
 12412   011156  50E6               	movf	postinc1,w,c
 12413   011158  0A80               	xorlw	128
 12414   01115A  6E20               	movwf	(??_fputc+4)^0,c
 12415   01115C  50DE               	movf	postinc2,w,c
 12416   01115E  0A80               	xorlw	128
 12417   011160  5820               	subwfb	(??_fputc+4)^0,w,c
 12418   011162  B0D8               	btfsc	status,0,c
 12419   011164  EFB6  F088         	goto	u4491
 12420   011168  EFB8  F088         	goto	u4490
 12421   01116C                     u4491:
 12422   01116C  EFD8  F088         	goto	l1414
 12423   011170                     u4490:
 12424   011170                     l4369:
 12425   011170  501B               	movf	fputc@fp^0,w,c
 12426   011172  6ED9               	movwf	fsr2l,c
 12427   011174  6ADA               	clrf	fsr2h,c
 12428   011176  0E02               	movlw	2
 12429   011178  26D9               	addwf	fsr2l,f,c
 12430   01117A  CFDE F01C          	movff	postinc2,??_fputc
 12431   01117E  CFDD F01D          	movff	postdec2,??_fputc+1
 12432   011182  501B               	movf	fputc@fp^0,w,c
 12433   011184  6ED9               	movwf	fsr2l,c
 12434   011186  6ADA               	clrf	fsr2h,c
 12435   011188  CFDE F01E          	movff	postinc2,??_fputc+2
 12436   01118C  CFDD F01F          	movff	postdec2,??_fputc+3
 12437   011190  501C               	movf	??_fputc^0,w,c
 12438   011192  241E               	addwf	(??_fputc+2)^0,w,c
 12439   011194  6ED9               	movwf	fsr2l,c
 12440   011196  501D               	movf	(??_fputc+1)^0,w,c
 12441   011198  201F               	addwfc	(??_fputc+3)^0,w,c
 12442   01119A  6EDA               	movwf	fsr2h,c
 12443   01119C  C019  FFDF         	movff	fputc@c,indf2
 12444   0111A0  501B               	movf	fputc@fp^0,w,c
 12445   0111A2  6ED9               	movwf	fsr2l,c
 12446   0111A4  6ADA               	clrf	fsr2h,c
 12447   0111A6  0E02               	movlw	2
 12448   0111A8  26D9               	addwf	fsr2l,f,c
 12449   0111AA  2ADE               	incf	postinc2,f,c
 12450   0111AC  0E00               	movlw	0
 12451   0111AE  22DD               	addwfc	postdec2,f,c
 12452   0111B0                     l1414:
 12453   0111B0  0012               	return		;funcret
 12454   0111B2                     __end_of_fputc:
 12455                           	callstack 0
 12456                           
 12457 ;; *************** function _putch *****************
 12458 ;; Defined at:
 12459 ;;		line 67 in file "src/TOOLS/Common/Port/Common_pt.c"
 12460 ;; Parameters:    Size  Location     Type
 12461 ;;  s8Data          1    wreg     unsigned char 
 12462 ;; Auto vars:     Size  Location     Type
 12463 ;;  s8Data          1   23[COMRAM] unsigned char 
 12464 ;; Return value:  Size  Location     Type
 12465 ;;                  1    wreg      void 
 12466 ;; Registers used:
 12467 ;;		wreg, status,2, status,0, cstack
 12468 ;; Tracked objects:
 12469 ;;		On entry : 0/0
 12470 ;;		On exit  : 0/0
 12471 ;;		Unchanged: 0/0
 12472 ;; Data sizes:     COMRAM   BANK0   BANK1   BANK2   BANK3   BANK4   BANK5   BANK6   BANK7   BANK8   BANK9  BANK10  BANK1
      +1  BANK12  BANK14
 12473 ;;      Params:         0       0       0       0       0       0       0       0       0       0       0       0       
      +0       0       0
 12474 ;;      Locals:         1       0       0       0       0       0       0       0       0       0       0       0       
      +0       0       0
 12475 ;;      Temps:          0       0       0       0       0       0       0       0       0       0       0       0       
      +0       0       0
 12476 ;;      Totals:         1       0       0       0       0       0       0       0       0       0       0       0       
      +0       0       0
 12477 ;;Total ram usage:        1 bytes
 12478 ;; Hardware stack levels used: 1
 12479 ;; Hardware stack levels required when called: 3
 12480 ;; This function calls:
 12481 ;;		_EUSART_vidSendChar
 12482 ;; This function is called by:
 12483 ;;		_fputc
 12484 ;; This function uses a non-reentrant model
 12485 ;;
 12486                           
 12487                           	psect	text35
 12488   011AAC                     __ptext35:
 12489                           	callstack 0
 12490   011AAC                     _putch:
 12491                           	callstack 23
 12492                           
 12493                           ;incstack = 0
 12494                           ;putch@s8Data stored from wreg
 12495   011AAC  6E18               	movwf	putch@s8Data^0,c
 12496   011AAE                     
 12497                           ;src/TOOLS/Common/Port/Common_pt.c: 67: extern void putch(char s8Data);src/TOOLS/Common/
      +                          Port/Common_pt.c: 68: {;src/TOOLS/Common/Port/Common_pt.c: 69:   EUSART_vidSendChar(s8Da
      +                          ta, 10);
 12498   011AAE  0E0A               	movlw	10
 12499   011AB0  6E0E               	movwf	EUSART_vidSendChar@ku32TimeoutMs^0,c
 12500   011AB2  0E00               	movlw	0
 12501   011AB4  6E0F               	movwf	(EUSART_vidSendChar@ku32TimeoutMs+1)^0,c
 12502   011AB6  0E00               	movlw	0
 12503   011AB8  6E10               	movwf	(EUSART_vidSendChar@ku32TimeoutMs+2)^0,c
 12504   011ABA  0E00               	movlw	0
 12505   011ABC  6E11               	movwf	(EUSART_vidSendChar@ku32TimeoutMs+3)^0,c
 12506   011ABE  5018               	movf	putch@s8Data^0,w,c
 12507   011AC0  ECDF  F089         	call	_EUSART_vidSendChar
 12508   011AC4  0012               	return		;funcret
 12509   011AC6                     __end_of_putch:
 12510                           	callstack 0
 12511                           
 12512 ;; *************** function _EUSART_vidSendChar *****************
 12513 ;; Defined at:
 12514 ;;		line 295 in file "src/HARDWARE/EUSART/EUSART.c"
 12515 ;; Parameters:    Size  Location     Type
 12516 ;;  ks8Data         1    wreg     const unsigned char 
 12517 ;;  ku32TimeoutM    4   13[COMRAM] const unsigned long 
 12518 ;; Auto vars:     Size  Location     Type
 12519 ;;  ks8Data         1   18[COMRAM] const unsigned char 
 12520 ;;  u32TimeoutId    4   19[COMRAM] unsigned long 
 12521 ;;  enuStatus       1    0        enum E13273
 12522 ;; Return value:  Size  Location     Type
 12523 ;;                  1    wreg      enum E13273
 12524 ;; Registers used:
 12525 ;;		wreg, status,2, status,0
 12526 ;; Tracked objects:
 12527 ;;		On entry : 0/0
 12528 ;;		On exit  : 0/0
 12529 ;;		Unchanged: 0/0
 12530 ;; Data sizes:     COMRAM   BANK0   BANK1   BANK2   BANK3   BANK4   BANK5   BANK6   BANK7   BANK8   BANK9  BANK10  BANK1
      +1  BANK12  BANK14
 12531 ;;      Params:         4       0       0       0       0       0       0       0       0       0       0       0       
      +0       0       0
 12532 ;;      Locals:         5       0       0       0       0       0       0       0       0       0       0       0       
      +0       0       0
 12533 ;;      Temps:          1       0       0       0       0       0       0       0       0       0       0       0       
      +0       0       0
 12534 ;;      Totals:        10       0       0       0       0       0       0       0       0       0       0       0       
      +0       0       0
 12535 ;;Total ram usage:       10 bytes
 12536 ;; Hardware stack levels used: 1
 12537 ;; Hardware stack levels required when called: 2
 12538 ;; This function calls:
 12539 ;;		Nothing
 12540 ;; This function is called by:
 12541 ;;		_putch
 12542 ;; This function uses a non-reentrant model
 12543 ;;
 12544                           
 12545                           	psect	text36
 12546   0113BE                     __ptext36:
 12547                           	callstack 0
 12548   0113BE                     _EUSART_vidSendChar:
 12549                           	callstack 23
 12550                           
 12551                           ;incstack = 0
 12552                           ;EUSART_vidSendChar@ks8Data stored from wreg
 12553   0113BE  6E13               	movwf	EUSART_vidSendChar@ks8Data^0,c
 12554   0113C0                     
 12555                           ;src/HARDWARE/EUSART/EUSART.c: 298:   uint32_t u32TimeoutIdx = 0;
 12556   0113C0  0E00               	movlw	0
 12557   0113C2  6E14               	movwf	EUSART_vidSendChar@u32TimeoutIdx^0,c
 12558   0113C4  0E00               	movlw	0
 12559   0113C6  6E15               	movwf	(EUSART_vidSendChar@u32TimeoutIdx+1)^0,c
 12560   0113C8  0E00               	movlw	0
 12561   0113CA  6E16               	movwf	(EUSART_vidSendChar@u32TimeoutIdx+2)^0,c
 12562   0113CC  0E00               	movlw	0
 12563   0113CE  6E17               	movwf	(EUSART_vidSendChar@u32TimeoutIdx+3)^0,c
 12564                           
 12565                           ;src/HARDWARE/EUSART/EUSART.c: 300:   while((PIR3bits.TX2IF == 0) && (u32TimeoutIdx < ku
      +                          32TimeoutMs))
 12566   0113D0  EFF8  F089         	goto	l4243
 12567   0113D4                     l4239:
 12568                           
 12569                           ; BSR set to: 14
 12570                           ;src/HARDWARE/EUSART/EUSART.c: 301:   {;src/HARDWARE/EUSART/EUSART.c: 302:     _delay((u
      +                          nsigned long)((1)*((32 * 1000000UL)/4000.0)));
 12571   0113D4  0E0B               	movlw	11
 12572   0113D6  6E12               	movwf	??_EUSART_vidSendChar^0,c
 12573   0113D8  0E62               	movlw	98
 12574   0113DA                     u5647:
 12575   0113DA  2EE8               	decfsz	wreg,f,c
 12576   0113DC  D7FE               	bra	u5647
 12577   0113DE  2E12               	decfsz	??_EUSART_vidSendChar^0,f,c
 12578   0113E0  D7FC               	bra	u5647
 12579   0113E2  D000               	nop2	
 12580   0113E4                     
 12581                           ;src/HARDWARE/EUSART/EUSART.c: 304:     u32TimeoutIdx++;
 12582   0113E4  0E01               	movlw	1
 12583   0113E6  2614               	addwf	EUSART_vidSendChar@u32TimeoutIdx^0,f,c
 12584   0113E8  0E00               	movlw	0
 12585   0113EA  2215               	addwfc	(EUSART_vidSendChar@u32TimeoutIdx+1)^0,f,c
 12586   0113EC  2216               	addwfc	(EUSART_vidSendChar@u32TimeoutIdx+2)^0,f,c
 12587   0113EE  2217               	addwfc	(EUSART_vidSendChar@u32TimeoutIdx+3)^0,f,c
 12588   0113F0                     l4243:
 12589                           
 12590                           ;src/HARDWARE/EUSART/EUSART.c: 300:   while((PIR3bits.TX2IF == 0) && (u32TimeoutIdx < ku
      +                          32TimeoutMs))
 12591   0113F0  010E               	movlb	14	; () banked
 12592   0113F2  BDC8               	btfsc	200,6,b	;volatile
 12593   0113F4  EFFE  F089         	goto	u4291
 12594   0113F8  EF00  F08A         	goto	u4290
 12595   0113FC                     u4291:
 12596   0113FC  EF0F  F08A         	goto	l4247
 12597   011400                     u4290:
 12598   011400                     
 12599                           ; BSR set to: 14
 12600   011400  500E               	movf	EUSART_vidSendChar@ku32TimeoutMs^0,w,c
 12601   011402  5C14               	subwf	EUSART_vidSendChar@u32TimeoutIdx^0,w,c
 12602   011404  500F               	movf	(EUSART_vidSendChar@ku32TimeoutMs+1)^0,w,c
 12603   011406  5815               	subwfb	(EUSART_vidSendChar@u32TimeoutIdx+1)^0,w,c
 12604   011408  5010               	movf	(EUSART_vidSendChar@ku32TimeoutMs+2)^0,w,c
 12605   01140A  5816               	subwfb	(EUSART_vidSendChar@u32TimeoutIdx+2)^0,w,c
 12606   01140C  5011               	movf	(EUSART_vidSendChar@ku32TimeoutMs+3)^0,w,c
 12607   01140E  5817               	subwfb	(EUSART_vidSendChar@u32TimeoutIdx+3)^0,w,c
 12608   011410  A0D8               	btfss	status,0,c
 12609   011412  EF0D  F08A         	goto	u4301
 12610   011416  EF0F  F08A         	goto	u4300
 12611   01141A                     u4301:
 12612   01141A  EFEA  F089         	goto	l4239
 12613   01141E                     u4300:
 12614   01141E                     l4247:
 12615                           
 12616                           ; BSR set to: 14
 12617                           ;src/HARDWARE/EUSART/EUSART.c: 307:   if(u32TimeoutIdx >= ku32TimeoutMs)
 12618   01141E  500E               	movf	EUSART_vidSendChar@ku32TimeoutMs^0,w,c
 12619   011420  5C14               	subwf	EUSART_vidSendChar@u32TimeoutIdx^0,w,c
 12620   011422  500F               	movf	(EUSART_vidSendChar@ku32TimeoutMs+1)^0,w,c
 12621   011424  5815               	subwfb	(EUSART_vidSendChar@u32TimeoutIdx+1)^0,w,c
 12622   011426  5010               	movf	(EUSART_vidSendChar@ku32TimeoutMs+2)^0,w,c
 12623   011428  5816               	subwfb	(EUSART_vidSendChar@u32TimeoutIdx+2)^0,w,c
 12624   01142A  5011               	movf	(EUSART_vidSendChar@ku32TimeoutMs+3)^0,w,c
 12625   01142C  5817               	subwfb	(EUSART_vidSendChar@u32TimeoutIdx+3)^0,w,c
 12626   01142E  A0D8               	btfss	status,0,c
 12627   011430  EF1C  F08A         	goto	u4311
 12628   011434  EF1E  F08A         	goto	u4310
 12629   011438                     u4311:
 12630   011438  EF22  F08A         	goto	l355
 12631   01143C                     u4310:
 12632   01143C                     
 12633                           ; BSR set to: 14
 12634                           ;src/HARDWARE/EUSART/EUSART.c: 310:     RC2STAbits.SPEN = 0;
 12635   01143C  9F98               	bcf	152,7,b	;volatile
 12636   01143E                     
 12637                           ; BSR set to: 14
 12638                           ;src/HARDWARE/EUSART/EUSART.c: 311:     RC2STAbits.SPEN = 1;
 12639   01143E  8F98               	bsf	152,7,b	;volatile
 12640                           
 12641                           ;src/HARDWARE/EUSART/EUSART.c: 312:   }
 12642   011440  EF22  F08A         	goto	l356
 12643   011444                     l355:
 12644   011444                     l356:
 12645                           
 12646                           ; BSR set to: 14
 12647                           ;src/HARDWARE/EUSART/EUSART.c: 319:   TX2REG = ks8Data;
 12648   011444  C013  FE95         	movff	EUSART_vidSendChar@ks8Data,3733	;volatile
 12649   011448                     
 12650                           ; BSR set to: 14
 12651   011448  0012               	return		;funcret
 12652   01144A                     __end_of_EUSART_vidSendChar:
 12653                           	callstack 0
 12654                           
 12655 ;; *************** function _abs *****************
 12656 ;; Defined at:
 12657 ;;		line 1 in file "C:\Program Files\Microchip\xc8\v2.50\pic\sources\c99\common\abs.c"
 12658 ;; Parameters:    Size  Location     Type
 12659 ;;  a               2   19[COMRAM] int 
 12660 ;; Auto vars:     Size  Location     Type
 12661 ;;		None
 12662 ;; Return value:  Size  Location     Type
 12663 ;;                  2   19[COMRAM] int 
 12664 ;; Registers used:
 12665 ;;		wreg, status,2, status,0
 12666 ;; Tracked objects:
 12667 ;;		On entry : 0/0
 12668 ;;		On exit  : 0/0
 12669 ;;		Unchanged: 0/0
 12670 ;; Data sizes:     COMRAM   BANK0   BANK1   BANK2   BANK3   BANK4   BANK5   BANK6   BANK7   BANK8   BANK9  BANK10  BANK1
      +1  BANK12  BANK14
 12671 ;;      Params:         2       0       0       0       0       0       0       0       0       0       0       0       
      +0       0       0
 12672 ;;      Locals:         0       0       0       0       0       0       0       0       0       0       0       0       
      +0       0       0
 12673 ;;      Temps:          2       0       0       0       0       0       0       0       0       0       0       0       
      +0       0       0
 12674 ;;      Totals:         4       0       0       0       0       0       0       0       0       0       0       0       
      +0       0       0
 12675 ;;Total ram usage:        4 bytes
 12676 ;; Hardware stack levels used: 1
 12677 ;; Hardware stack levels required when called: 2
 12678 ;; This function calls:
 12679 ;;		Nothing
 12680 ;; This function is called by:
 12681 ;;		_vfpfcnvrt
 12682 ;; This function uses a non-reentrant model
 12683 ;;
 12684                           
 12685                           	psect	text37
 12686   0119C8                     __ptext37:
 12687                           	callstack 0
 12688   0119C8                     _abs:
 12689                           	callstack 25
 12690   0119C8  BE15               	btfsc	(abs@a+1)^0,7,c
 12691   0119CA  EFE9  F08C         	goto	u4501
 12692   0119CE  EFEB  F08C         	goto	u4500
 12693   0119D2                     u4501:
 12694   0119D2  EFF1  F08C         	goto	l1399
 12695   0119D6                     u4500:
 12696   0119D6  C014  F014         	movff	abs@a,?_abs
 12697   0119DA  C015  F015         	movff	abs@a+1,?_abs+1
 12698   0119DE  EFFD  F08C         	goto	l1402
 12699   0119E2                     l1399:
 12700   0119E2  C014  F016         	movff	abs@a,??_abs
 12701   0119E6  C015  F017         	movff	abs@a+1,??_abs+1
 12702   0119EA  1E16               	comf	??_abs^0,f,c
 12703   0119EC  1E17               	comf	(??_abs+1)^0,f,c
 12704   0119EE  4A16               	infsnz	??_abs^0,f,c
 12705   0119F0  2A17               	incf	(??_abs+1)^0,f,c
 12706   0119F2  C016  F014         	movff	??_abs,?_abs
 12707   0119F6  C017  F015         	movff	??_abs+1,?_abs+1
 12708   0119FA                     l1402:
 12709   0119FA  0012               	return		;funcret
 12710   0119FC                     __end_of_abs:
 12711                           	callstack 0
 12712                           
 12713 ;; *************** function ___awmod *****************
 12714 ;; Defined at:
 12715 ;;		line 7 in file "C:\Program Files\Microchip\xc8\v2.50\pic\sources\c99\common\awmod.c"
 12716 ;; Parameters:    Size  Location     Type
 12717 ;;  dividend        2   13[COMRAM] int 
 12718 ;;  divisor         2   15[COMRAM] int 
 12719 ;; Auto vars:     Size  Location     Type
 12720 ;;  sign            1   18[COMRAM] unsigned char 
 12721 ;;  counter         1   17[COMRAM] unsigned char 
 12722 ;; Return value:  Size  Location     Type
 12723 ;;                  2   13[COMRAM] int 
 12724 ;; Registers used:
 12725 ;;		wreg, status,2, status,0
 12726 ;; Tracked objects:
 12727 ;;		On entry : 0/0
 12728 ;;		On exit  : 0/0
 12729 ;;		Unchanged: 0/0
 12730 ;; Data sizes:     COMRAM   BANK0   BANK1   BANK2   BANK3   BANK4   BANK5   BANK6   BANK7   BANK8   BANK9  BANK10  BANK1
      +1  BANK12  BANK14
 12731 ;;      Params:         4       0       0       0       0       0       0       0       0       0       0       0       
      +0       0       0
 12732 ;;      Locals:         2       0       0       0       0       0       0       0       0       0       0       0       
      +0       0       0
 12733 ;;      Temps:          0       0       0       0       0       0       0       0       0       0       0       0       
      +0       0       0
 12734 ;;      Totals:         6       0       0       0       0       0       0       0       0       0       0       0       
      +0       0       0
 12735 ;;Total ram usage:        6 bytes
 12736 ;; Hardware stack levels used: 1
 12737 ;; Hardware stack levels required when called: 2
 12738 ;; This function calls:
 12739 ;;		Nothing
 12740 ;; This function is called by:
 12741 ;;		_vfpfcnvrt
 12742 ;; This function uses a non-reentrant model
 12743 ;;
 12744                           
 12745                           	psect	text38
 12746   011310                     __ptext38:
 12747                           	callstack 0
 12748   011310                     ___awmod:
 12749                           	callstack 25
 12750   011310  6A13               	clrf	___awmod@sign^0,c
 12751   011312  BE0F               	btfsc	(___awmod@dividend+1)^0,7,c
 12752   011314  EF90  F089         	goto	u4400
 12753   011318  EF8E  F089         	goto	u4401
 12754   01131C                     u4401:
 12755   01131C  EF96  F089         	goto	l4331
 12756   011320                     u4400:
 12757   011320  6C0E               	negf	___awmod@dividend^0,c
 12758   011322  1E0F               	comf	(___awmod@dividend+1)^0,f,c
 12759   011324  B0D8               	btfsc	status,0,c
 12760   011326  2A0F               	incf	(___awmod@dividend+1)^0,f,c
 12761   011328  0E01               	movlw	1
 12762   01132A  6E13               	movwf	___awmod@sign^0,c
 12763   01132C                     l4331:
 12764   01132C  BE11               	btfsc	(___awmod@divisor+1)^0,7,c
 12765   01132E  EF9D  F089         	goto	u4410
 12766   011332  EF9B  F089         	goto	u4411
 12767   011336                     u4411:
 12768   011336  EFA1  F089         	goto	l4335
 12769   01133A                     u4410:
 12770   01133A  6C10               	negf	___awmod@divisor^0,c
 12771   01133C  1E11               	comf	(___awmod@divisor+1)^0,f,c
 12772   01133E  B0D8               	btfsc	status,0,c
 12773   011340  2A11               	incf	(___awmod@divisor+1)^0,f,c
 12774   011342                     l4335:
 12775   011342  5010               	movf	___awmod@divisor^0,w,c
 12776   011344  1011               	iorwf	(___awmod@divisor+1)^0,w,c
 12777   011346  B4D8               	btfsc	status,2,c
 12778   011348  EFA8  F089         	goto	u4421
 12779   01134C  EFAA  F089         	goto	u4420
 12780   011350                     u4421:
 12781   011350  EFCE  F089         	goto	l4351
 12782   011354                     u4420:
 12783   011354  0E01               	movlw	1
 12784   011356  6E12               	movwf	___awmod@counter^0,c
 12785   011358  EFB2  F089         	goto	l4341
 12786   01135C                     l4339:
 12787   01135C  90D8               	bcf	status,0,c
 12788   01135E  3610               	rlcf	___awmod@divisor^0,f,c
 12789   011360  3611               	rlcf	(___awmod@divisor+1)^0,f,c
 12790   011362  2A12               	incf	___awmod@counter^0,f,c
 12791   011364                     l4341:
 12792   011364  AE11               	btfss	(___awmod@divisor+1)^0,7,c
 12793   011366  EFB7  F089         	goto	u4431
 12794   01136A  EFB9  F089         	goto	u4430
 12795   01136E                     u4431:
 12796   01136E  EFAE  F089         	goto	l4339
 12797   011372                     u4430:
 12798   011372                     l4343:
 12799   011372  5010               	movf	___awmod@divisor^0,w,c
 12800   011374  5C0E               	subwf	___awmod@dividend^0,w,c
 12801   011376  5011               	movf	(___awmod@divisor+1)^0,w,c
 12802   011378  580F               	subwfb	(___awmod@dividend+1)^0,w,c
 12803   01137A  A0D8               	btfss	status,0,c
 12804   01137C  EFC2  F089         	goto	u4441
 12805   011380  EFC4  F089         	goto	u4440
 12806   011384                     u4441:
 12807   011384  EFC8  F089         	goto	l4347
 12808   011388                     u4440:
 12809   011388  5010               	movf	___awmod@divisor^0,w,c
 12810   01138A  5E0E               	subwf	___awmod@dividend^0,f,c
 12811   01138C  5011               	movf	(___awmod@divisor+1)^0,w,c
 12812   01138E  5A0F               	subwfb	(___awmod@dividend+1)^0,f,c
 12813   011390                     l4347:
 12814   011390  90D8               	bcf	status,0,c
 12815   011392  3211               	rrcf	(___awmod@divisor+1)^0,f,c
 12816   011394  3210               	rrcf	___awmod@divisor^0,f,c
 12817   011396  2E12               	decfsz	___awmod@counter^0,f,c
 12818   011398  EFB9  F089         	goto	l4343
 12819   01139C                     l4351:
 12820   01139C  5013               	movf	___awmod@sign^0,w,c
 12821   01139E  B4D8               	btfsc	status,2,c
 12822   0113A0  EFD4  F089         	goto	u4451
 12823   0113A4  EFD6  F089         	goto	u4450
 12824   0113A8                     u4451:
 12825   0113A8  EFDA  F089         	goto	l4355
 12826   0113AC                     u4450:
 12827   0113AC  6C0E               	negf	___awmod@dividend^0,c
 12828   0113AE  1E0F               	comf	(___awmod@dividend+1)^0,f,c
 12829   0113B0  B0D8               	btfsc	status,0,c
 12830   0113B2  2A0F               	incf	(___awmod@dividend+1)^0,f,c
 12831   0113B4                     l4355:
 12832   0113B4  C00E  F00E         	movff	___awmod@dividend,?___awmod
 12833   0113B8  C00F  F00F         	movff	___awmod@dividend+1,?___awmod+1
 12834   0113BC  0012               	return		;funcret
 12835   0113BE                     __end_of___awmod:
 12836                           	callstack 0
 12837                           
 12838 ;; *************** function ___awdiv *****************
 12839 ;; Defined at:
 12840 ;;		line 7 in file "C:\Program Files\Microchip\xc8\v2.50\pic\sources\c99\common\awdiv.c"
 12841 ;; Parameters:    Size  Location     Type
 12842 ;;  dividend        2   13[COMRAM] int 
 12843 ;;  divisor         2   15[COMRAM] int 
 12844 ;; Auto vars:     Size  Location     Type
 12845 ;;  quotient        2   19[COMRAM] int 
 12846 ;;  sign            1   18[COMRAM] unsigned char 
 12847 ;;  counter         1   17[COMRAM] unsigned char 
 12848 ;; Return value:  Size  Location     Type
 12849 ;;                  2   13[COMRAM] int 
 12850 ;; Registers used:
 12851 ;;		wreg, status,2, status,0
 12852 ;; Tracked objects:
 12853 ;;		On entry : 0/0
 12854 ;;		On exit  : 0/0
 12855 ;;		Unchanged: 0/0
 12856 ;; Data sizes:     COMRAM   BANK0   BANK1   BANK2   BANK3   BANK4   BANK5   BANK6   BANK7   BANK8   BANK9  BANK10  BANK1
      +1  BANK12  BANK14
 12857 ;;      Params:         4       0       0       0       0       0       0       0       0       0       0       0       
      +0       0       0
 12858 ;;      Locals:         4       0       0       0       0       0       0       0       0       0       0       0       
      +0       0       0
 12859 ;;      Temps:          0       0       0       0       0       0       0       0       0       0       0       0       
      +0       0       0
 12860 ;;      Totals:         8       0       0       0       0       0       0       0       0       0       0       0       
      +0       0       0
 12861 ;;Total ram usage:        8 bytes
 12862 ;; Hardware stack levels used: 1
 12863 ;; Hardware stack levels required when called: 2
 12864 ;; This function calls:
 12865 ;;		Nothing
 12866 ;; This function is called by:
 12867 ;;		_vfpfcnvrt
 12868 ;; This function uses a non-reentrant model
 12869 ;;
 12870                           
 12871                           	psect	text39
 12872   011036                     __ptext39:
 12873                           	callstack 0
 12874   011036                     ___awdiv:
 12875                           	callstack 25
 12876   011036  6A13               	clrf	___awdiv@sign^0,c
 12877   011038  BE11               	btfsc	(___awdiv@divisor+1)^0,7,c
 12878   01103A  EF23  F088         	goto	u4340
 12879   01103E  EF21  F088         	goto	u4341
 12880   011042                     u4341:
 12881   011042  EF29  F088         	goto	l4287
 12882   011046                     u4340:
 12883   011046  6C10               	negf	___awdiv@divisor^0,c
 12884   011048  1E11               	comf	(___awdiv@divisor+1)^0,f,c
 12885   01104A  B0D8               	btfsc	status,0,c
 12886   01104C  2A11               	incf	(___awdiv@divisor+1)^0,f,c
 12887   01104E  0E01               	movlw	1
 12888   011050  6E13               	movwf	___awdiv@sign^0,c
 12889   011052                     l4287:
 12890   011052  BE0F               	btfsc	(___awdiv@dividend+1)^0,7,c
 12891   011054  EF30  F088         	goto	u4350
 12892   011058  EF2E  F088         	goto	u4351
 12893   01105C                     u4351:
 12894   01105C  EF36  F088         	goto	l4293
 12895   011060                     u4350:
 12896   011060  6C0E               	negf	___awdiv@dividend^0,c
 12897   011062  1E0F               	comf	(___awdiv@dividend+1)^0,f,c
 12898   011064  B0D8               	btfsc	status,0,c
 12899   011066  2A0F               	incf	(___awdiv@dividend+1)^0,f,c
 12900   011068  0E01               	movlw	1
 12901   01106A  1A13               	xorwf	___awdiv@sign^0,f,c
 12902   01106C                     l4293:
 12903   01106C  0E00               	movlw	0
 12904   01106E  6E15               	movwf	(___awdiv@quotient+1)^0,c
 12905   011070  0E00               	movlw	0
 12906   011072  6E14               	movwf	___awdiv@quotient^0,c
 12907   011074  5010               	movf	___awdiv@divisor^0,w,c
 12908   011076  1011               	iorwf	(___awdiv@divisor+1)^0,w,c
 12909   011078  B4D8               	btfsc	status,2,c
 12910   01107A  EF41  F088         	goto	u4361
 12911   01107E  EF43  F088         	goto	u4360
 12912   011082                     u4361:
 12913   011082  EF6B  F088         	goto	l4315
 12914   011086                     u4360:
 12915   011086  0E01               	movlw	1
 12916   011088  6E12               	movwf	___awdiv@counter^0,c
 12917   01108A  EF4B  F088         	goto	l4301
 12918   01108E                     l4299:
 12919   01108E  90D8               	bcf	status,0,c
 12920   011090  3610               	rlcf	___awdiv@divisor^0,f,c
 12921   011092  3611               	rlcf	(___awdiv@divisor+1)^0,f,c
 12922   011094  2A12               	incf	___awdiv@counter^0,f,c
 12923   011096                     l4301:
 12924   011096  AE11               	btfss	(___awdiv@divisor+1)^0,7,c
 12925   011098  EF50  F088         	goto	u4371
 12926   01109C  EF52  F088         	goto	u4370
 12927   0110A0                     u4371:
 12928   0110A0  EF47  F088         	goto	l4299
 12929   0110A4                     u4370:
 12930   0110A4                     l4303:
 12931   0110A4  90D8               	bcf	status,0,c
 12932   0110A6  3614               	rlcf	___awdiv@quotient^0,f,c
 12933   0110A8  3615               	rlcf	(___awdiv@quotient+1)^0,f,c
 12934   0110AA  5010               	movf	___awdiv@divisor^0,w,c
 12935   0110AC  5C0E               	subwf	___awdiv@dividend^0,w,c
 12936   0110AE  5011               	movf	(___awdiv@divisor+1)^0,w,c
 12937   0110B0  580F               	subwfb	(___awdiv@dividend+1)^0,w,c
 12938   0110B2  A0D8               	btfss	status,0,c
 12939   0110B4  EF5E  F088         	goto	u4381
 12940   0110B8  EF60  F088         	goto	u4380
 12941   0110BC                     u4381:
 12942   0110BC  EF65  F088         	goto	l4311
 12943   0110C0                     u4380:
 12944   0110C0  5010               	movf	___awdiv@divisor^0,w,c
 12945   0110C2  5E0E               	subwf	___awdiv@dividend^0,f,c
 12946   0110C4  5011               	movf	(___awdiv@divisor+1)^0,w,c
 12947   0110C6  5A0F               	subwfb	(___awdiv@dividend+1)^0,f,c
 12948   0110C8  8014               	bsf	___awdiv@quotient^0,0,c
 12949   0110CA                     l4311:
 12950   0110CA  90D8               	bcf	status,0,c
 12951   0110CC  3211               	rrcf	(___awdiv@divisor+1)^0,f,c
 12952   0110CE  3210               	rrcf	___awdiv@divisor^0,f,c
 12953   0110D0  2E12               	decfsz	___awdiv@counter^0,f,c
 12954   0110D2  EF52  F088         	goto	l4303
 12955   0110D6                     l4315:
 12956   0110D6  5013               	movf	___awdiv@sign^0,w,c
 12957   0110D8  B4D8               	btfsc	status,2,c
 12958   0110DA  EF71  F088         	goto	u4391
 12959   0110DE  EF73  F088         	goto	u4390
 12960   0110E2                     u4391:
 12961   0110E2  EF77  F088         	goto	l4319
 12962   0110E6                     u4390:
 12963   0110E6  6C14               	negf	___awdiv@quotient^0,c
 12964   0110E8  1E15               	comf	(___awdiv@quotient+1)^0,f,c
 12965   0110EA  B0D8               	btfsc	status,0,c
 12966   0110EC  2A15               	incf	(___awdiv@quotient+1)^0,f,c
 12967   0110EE                     l4319:
 12968   0110EE  C014  F00E         	movff	___awdiv@quotient,?___awdiv
 12969   0110F2  C015  F00F         	movff	___awdiv@quotient+1,?___awdiv+1
 12970   0110F6  0012               	return		;funcret
 12971   0110F8                     __end_of___awdiv:
 12972                           	callstack 0
 12973                           
 12974 ;; *************** function _CMN_vidPortDisableIsr *****************
 12975 ;; Defined at:
 12976 ;;		line 126 in file "src/TOOLS/Common/Port/Common_pt.c"
 12977 ;; Parameters:    Size  Location     Type
 12978 ;;		None
 12979 ;; Auto vars:     Size  Location     Type
 12980 ;;		None
 12981 ;; Return value:  Size  Location     Type
 12982 ;;                  1    wreg      void 
 12983 ;; Registers used:
 12984 ;;		None
 12985 ;; Tracked objects:
 12986 ;;		On entry : 0/0
 12987 ;;		On exit  : 0/0
 12988 ;;		Unchanged: 0/0
 12989 ;; Data sizes:     COMRAM   BANK0   BANK1   BANK2   BANK3   BANK4   BANK5   BANK6   BANK7   BANK8   BANK9  BANK10  BANK1
      +1  BANK12  BANK14
 12990 ;;      Params:         0       0       0       0       0       0       0       0       0       0       0       0       
      +0       0       0
 12991 ;;      Locals:         0       0       0       0       0       0       0       0       0       0       0       0       
      +0       0       0
 12992 ;;      Temps:          0       0       0       0       0       0       0       0       0       0       0       0       
      +0       0       0
 12993 ;;      Totals:         0       0       0       0       0       0       0       0       0       0       0       0       
      +0       0       0
 12994 ;;Total ram usage:        0 bytes
 12995 ;; Hardware stack levels used: 1
 12996 ;; Hardware stack levels required when called: 2
 12997 ;; This function calls:
 12998 ;;		Nothing
 12999 ;; This function is called by:
 13000 ;;		_CMN_vidManageAssert
 13001 ;;		_CMN_vidManageAbort
 13002 ;; This function uses a non-reentrant model
 13003 ;;
 13004                           
 13005                           	psect	text40
 13006   011B2C                     __ptext40:
 13007                           	callstack 0
 13008   011B2C                     _CMN_vidPortDisableIsr:
 13009                           	callstack 26
 13010   011B2C                     
 13011                           ;src/TOOLS/Common/Port/Common_pt.c: 128:   (INTCONbits.GIE = 0);
 13012   011B2C  9EF2               	bcf	242,7,c	;volatile
 13013                           
 13014                           ;src/TOOLS/Common/Port/Common_pt.c: 129:   (INTCONbits.PEIE = 0);
 13015   011B2E  9CF2               	bcf	242,6,c	;volatile
 13016   011B30  0012               	return		;funcret
 13017   011B32                     __end_of_CMN_vidPortDisableIsr:
 13018                           	callstack 0
 13019                           
 13020 ;; *************** function _CMN_vidPortDelayMs *****************
 13021 ;; Defined at:
 13022 ;;		line 104 in file "src/TOOLS/Common/Port/Common_pt.c"
 13023 ;; Parameters:    Size  Location     Type
 13024 ;;  ku32DelayMs     4   13[COMRAM] const unsigned long 
 13025 ;; Auto vars:     Size  Location     Type
 13026 ;;  u32DelayIdx     4   18[COMRAM] unsigned long 
 13027 ;; Return value:  Size  Location     Type
 13028 ;;                  1    wreg      void 
 13029 ;; Registers used:
 13030 ;;		wreg, status,2, status,0
 13031 ;; Tracked objects:
 13032 ;;		On entry : 0/0
 13033 ;;		On exit  : 0/0
 13034 ;;		Unchanged: 0/0
 13035 ;; Data sizes:     COMRAM   BANK0   BANK1   BANK2   BANK3   BANK4   BANK5   BANK6   BANK7   BANK8   BANK9  BANK10  BANK1
      +1  BANK12  BANK14
 13036 ;;      Params:         4       0       0       0       0       0       0       0       0       0       0       0       
      +0       0       0
 13037 ;;      Locals:         4       0       0       0       0       0       0       0       0       0       0       0       
      +0       0       0
 13038 ;;      Temps:          1       0       0       0       0       0       0       0       0       0       0       0       
      +0       0       0
 13039 ;;      Totals:         9       0       0       0       0       0       0       0       0       0       0       0       
      +0       0       0
 13040 ;;Total ram usage:        9 bytes
 13041 ;; Hardware stack levels used: 1
 13042 ;; Hardware stack levels required when called: 2
 13043 ;; This function calls:
 13044 ;;		Nothing
 13045 ;; This function is called by:
 13046 ;;		_CMN_vidManageAssert
 13047 ;;		_CMN_vidManageAbort
 13048 ;;		_CMN_vidDelayMs
 13049 ;; This function uses a non-reentrant model
 13050 ;;
 13051                           
 13052                           	psect	text41
 13053   0115D0                     __ptext41:
 13054                           	callstack 0
 13055   0115D0                     _CMN_vidPortDelayMs:
 13056                           	callstack 26
 13057   0115D0                     
 13058                           ;src/TOOLS/Common/Port/Common_pt.c: 104: void CMN_vidPortDelayMs(const uint32_t ku32Dela
      +                          yMs);src/TOOLS/Common/Port/Common_pt.c: 105: {;src/TOOLS/Common/Port/Common_pt.c: 106:  
      +                           uint32_t u32DelayIdx = 0;
 13059   0115D0  0E00               	movlw	0
 13060   0115D2  6E13               	movwf	CMN_vidPortDelayMs@u32DelayIdx^0,c
 13061   0115D4  0E00               	movlw	0
 13062   0115D6  6E14               	movwf	(CMN_vidPortDelayMs@u32DelayIdx+1)^0,c
 13063   0115D8  0E00               	movlw	0
 13064   0115DA  6E15               	movwf	(CMN_vidPortDelayMs@u32DelayIdx+2)^0,c
 13065   0115DC  0E00               	movlw	0
 13066   0115DE  6E16               	movwf	(CMN_vidPortDelayMs@u32DelayIdx+3)^0,c
 13067                           
 13068                           ;src/TOOLS/Common/Port/Common_pt.c: 108:   for(u32DelayIdx = 0; u32DelayIdx < ku32DelayM
      +                          s; u32DelayIdx++)
 13069   0115E0  0E00               	movlw	0
 13070   0115E2  6E13               	movwf	CMN_vidPortDelayMs@u32DelayIdx^0,c
 13071   0115E4  0E00               	movlw	0
 13072   0115E6  6E14               	movwf	(CMN_vidPortDelayMs@u32DelayIdx+1)^0,c
 13073   0115E8  0E00               	movlw	0
 13074   0115EA  6E15               	movwf	(CMN_vidPortDelayMs@u32DelayIdx+2)^0,c
 13075   0115EC  0E00               	movlw	0
 13076   0115EE  6E16               	movwf	(CMN_vidPortDelayMs@u32DelayIdx+3)^0,c
 13077   0115F0  500E               	movf	CMN_vidPortDelayMs@ku32DelayMs^0,w,c
 13078   0115F2  100F               	iorwf	(CMN_vidPortDelayMs@ku32DelayMs+1)^0,w,c
 13079   0115F4  1010               	iorwf	(CMN_vidPortDelayMs@ku32DelayMs+2)^0,w,c
 13080   0115F6  1011               	iorwf	(CMN_vidPortDelayMs@ku32DelayMs+3)^0,w,c
 13081   0115F8  A4D8               	btfss	status,2,c
 13082   0115FA  EF01  F08B         	goto	u4271
 13083   0115FE  EF03  F08B         	goto	u4270
 13084   011602                     u4271:
 13085   011602  EF05  F08B         	goto	l4227
 13086   011606                     u4270:
 13087   011606  EF22  F08B         	goto	l567
 13088   01160A                     l4227:
 13089                           
 13090                           ;src/TOOLS/Common/Port/Common_pt.c: 109:   {;src/TOOLS/Common/Port/Common_pt.c: 110:    
      +                           _delay((unsigned long)((1)*((32 * 1000000UL)/4000.0)));
 13091   01160A  0E0B               	movlw	11
 13092   01160C  6E12               	movwf	??_CMN_vidPortDelayMs^0,c
 13093   01160E  0E62               	movlw	98
 13094   011610                     u5657:
 13095   011610  2EE8               	decfsz	wreg,f,c
 13096   011612  D7FE               	bra	u5657
 13097   011614  2E12               	decfsz	??_CMN_vidPortDelayMs^0,f,c
 13098   011616  D7FC               	bra	u5657
 13099   011618  D000               	nop2	
 13100   01161A                     
 13101                           ;src/TOOLS/Common/Port/Common_pt.c: 111:   }
 13102   01161A  0E01               	movlw	1
 13103   01161C  2613               	addwf	CMN_vidPortDelayMs@u32DelayIdx^0,f,c
 13104   01161E  0E00               	movlw	0
 13105   011620  2214               	addwfc	(CMN_vidPortDelayMs@u32DelayIdx+1)^0,f,c
 13106   011622  2215               	addwfc	(CMN_vidPortDelayMs@u32DelayIdx+2)^0,f,c
 13107   011624  2216               	addwfc	(CMN_vidPortDelayMs@u32DelayIdx+3)^0,f,c
 13108   011626  500E               	movf	CMN_vidPortDelayMs@ku32DelayMs^0,w,c
 13109   011628  5C13               	subwf	CMN_vidPortDelayMs@u32DelayIdx^0,w,c
 13110   01162A  500F               	movf	(CMN_vidPortDelayMs@ku32DelayMs+1)^0,w,c
 13111   01162C  5814               	subwfb	(CMN_vidPortDelayMs@u32DelayIdx+1)^0,w,c
 13112   01162E  5010               	movf	(CMN_vidPortDelayMs@ku32DelayMs+2)^0,w,c
 13113   011630  5815               	subwfb	(CMN_vidPortDelayMs@u32DelayIdx+2)^0,w,c
 13114   011632  5011               	movf	(CMN_vidPortDelayMs@ku32DelayMs+3)^0,w,c
 13115   011634  5816               	subwfb	(CMN_vidPortDelayMs@u32DelayIdx+3)^0,w,c
 13116   011636  A0D8               	btfss	status,0,c
 13117   011638  EF20  F08B         	goto	u4281
 13118   01163C  EF22  F08B         	goto	u4280
 13119   011640                     u4281:
 13120   011640  EF05  F08B         	goto	l4227
 13121   011644                     u4280:
 13122   011644                     l567:
 13123   011644  0012               	return		;funcret
 13124   011646                     __end_of_CMN_vidPortDelayMs:
 13125                           	callstack 0
 13126                           
 13127 ;; *************** function _CMN_vidErrorLedUnset *****************
 13128 ;; Defined at:
 13129 ;;		line 95 in file "src/TOOLS/Common/Port/Common_pt.c"
 13130 ;; Parameters:    Size  Location     Type
 13131 ;;		None
 13132 ;; Auto vars:     Size  Location     Type
 13133 ;;		None
 13134 ;; Return value:  Size  Location     Type
 13135 ;;                  1    wreg      void 
 13136 ;; Registers used:
 13137 ;;		None
 13138 ;; Tracked objects:
 13139 ;;		On entry : 0/0
 13140 ;;		On exit  : 0/0
 13141 ;;		Unchanged: 0/0
 13142 ;; Data sizes:     COMRAM   BANK0   BANK1   BANK2   BANK3   BANK4   BANK5   BANK6   BANK7   BANK8   BANK9  BANK10  BANK1
      +1  BANK12  BANK14
 13143 ;;      Params:         0       0       0       0       0       0       0       0       0       0       0       0       
      +0       0       0
 13144 ;;      Locals:         0       0       0       0       0       0       0       0       0       0       0       0       
      +0       0       0
 13145 ;;      Temps:          0       0       0       0       0       0       0       0       0       0       0       0       
      +0       0       0
 13146 ;;      Totals:         0       0       0       0       0       0       0       0       0       0       0       0       
      +0       0       0
 13147 ;;Total ram usage:        0 bytes
 13148 ;; Hardware stack levels used: 1
 13149 ;; Hardware stack levels required when called: 2
 13150 ;; This function calls:
 13151 ;;		Nothing
 13152 ;; This function is called by:
 13153 ;;		_CMN_vidInitialize
 13154 ;;		_CMN_vidManageAssert
 13155 ;;		_CMN_vidManageAbort
 13156 ;; This function uses a non-reentrant model
 13157 ;;
 13158                           
 13159                           	psect	text42
 13160   011B36                     __ptext42:
 13161                           	callstack 0
 13162   011B36                     _CMN_vidErrorLedUnset:
 13163                           	callstack 26
 13164   011B36                     
 13165                           ;src/TOOLS/Common/Port/Common_pt.c: 98:   LATAbits.LATA7 = 0;
 13166   011B36  9E82               	bcf	130,7,c	;volatile
 13167   011B38  0012               	return		;funcret
 13168   011B3A                     __end_of_CMN_vidErrorLedUnset:
 13169                           	callstack 0
 13170                           
 13171 ;; *************** function _CMN_vidErrorLedSet *****************
 13172 ;; Defined at:
 13173 ;;		line 86 in file "src/TOOLS/Common/Port/Common_pt.c"
 13174 ;; Parameters:    Size  Location     Type
 13175 ;;		None
 13176 ;; Auto vars:     Size  Location     Type
 13177 ;;		None
 13178 ;; Return value:  Size  Location     Type
 13179 ;;                  1    wreg      void 
 13180 ;; Registers used:
 13181 ;;		None
 13182 ;; Tracked objects:
 13183 ;;		On entry : 0/0
 13184 ;;		On exit  : 0/0
 13185 ;;		Unchanged: 0/0
 13186 ;; Data sizes:     COMRAM   BANK0   BANK1   BANK2   BANK3   BANK4   BANK5   BANK6   BANK7   BANK8   BANK9  BANK10  BANK1
      +1  BANK12  BANK14
 13187 ;;      Params:         0       0       0       0       0       0       0       0       0       0       0       0       
      +0       0       0
 13188 ;;      Locals:         0       0       0       0       0       0       0       0       0       0       0       0       
      +0       0       0
 13189 ;;      Temps:          0       0       0       0       0       0       0       0       0       0       0       0       
      +0       0       0
 13190 ;;      Totals:         0       0       0       0       0       0       0       0       0       0       0       0       
      +0       0       0
 13191 ;;Total ram usage:        0 bytes
 13192 ;; Hardware stack levels used: 1
 13193 ;; Hardware stack levels required when called: 2
 13194 ;; This function calls:
 13195 ;;		Nothing
 13196 ;; This function is called by:
 13197 ;;		_CMN_vidManageAssert
 13198 ;;		_CMN_vidManageAbort
 13199 ;; This function uses a non-reentrant model
 13200 ;;
 13201                           
 13202                           	psect	text43
 13203   011B3A                     __ptext43:
 13204                           	callstack 0
 13205   011B3A                     _CMN_vidErrorLedSet:
 13206                           	callstack 26
 13207   011B3A                     
 13208                           ;src/TOOLS/Common/Port/Common_pt.c: 89:   LATAbits.LATA7 = 1;
 13209   011B3A  8E82               	bsf	130,7,c	;volatile
 13210   011B3C  0012               	return		;funcret
 13211   011B3E                     __end_of_CMN_vidErrorLedSet:
 13212                           	callstack 0
 13213                           
 13214 ;; *************** function _vidInterruptManager *****************
 13215 ;; Defined at:
 13216 ;;		line 69 in file "src/HARDWARE/ISR/ISR.c"
 13217 ;; Parameters:    Size  Location     Type
 13218 ;;		None
 13219 ;; Auto vars:     Size  Location     Type
 13220 ;;  enuPeriphera    1   12[COMRAM] enum E13254
 13221 ;;  bIsIsrFound     1   11[COMRAM] _Bool 
 13222 ;; Return value:  Size  Location     Type
 13223 ;;                  1    wreg      void 
 13224 ;; Registers used:
 13225 ;;		wreg, fsr2l, fsr2h, status,2, status,0, pcl, pclath, pclatu, tosl, prodl, prodh, cstack
 13226 ;; Tracked objects:
 13227 ;;		On entry : 0/0
 13228 ;;		On exit  : 0/0
 13229 ;;		Unchanged: 0/0
 13230 ;; Data sizes:     COMRAM   BANK0   BANK1   BANK2   BANK3   BANK4   BANK5   BANK6   BANK7   BANK8   BANK9  BANK10  BANK1
      +1  BANK12  BANK14
 13231 ;;      Params:         0       0       0       0       0       0       0       0       0       0       0       0       
      +0       0       0
 13232 ;;      Locals:         2       0       0       0       0       0       0       0       0       0       0       0       
      +0       0       0
 13233 ;;      Temps:          9       0       0       0       0       0       0       0       0       0       0       0       
      +0       0       0
 13234 ;;      Totals:        11       0       0       0       0       0       0       0       0       0       0       0       
      +0       0       0
 13235 ;;Total ram usage:       11 bytes
 13236 ;; Hardware stack levels used: 1
 13237 ;; Hardware stack levels required when called: 1
 13238 ;; This function calls:
 13239 ;;		NULL
 13240 ;;		_bInterruptHandler
 13241 ;;		_bInterruptHandler@TIMER$F1421
 13242 ;; This function is called by:
 13243 ;;		Interrupt level 2
 13244 ;; This function uses a non-reentrant model
 13245 ;;
 13246                           
 13247                           	psect	intcode
 13248   000008                     __pintcode:
 13249                           	callstack 0
 13250   000008                     _vidInterruptManager:
 13251                           	callstack 19
 13252                           
 13253                           ;incstack = 0
 13254   000008  8252               	bsf	int$flags,1,c	;set compiler interrupt flag (level 2)
 13255   00000A  CFFA F006          	movff	pclath,??_vidInterruptManager+3
 13256   00000E  CFFB F007          	movff	pclatu,??_vidInterruptManager+4
 13257   000012  CFD9 F008          	movff	fsr2l,??_vidInterruptManager+5
 13258   000016  CFDA F009          	movff	fsr2h,??_vidInterruptManager+6
 13259   00001A  CFF3 F00A          	movff	prodl,??_vidInterruptManager+7
 13260   00001E  CFF4 F00B          	movff	prodh,??_vidInterruptManager+8
 13261   000022                     
 13262                           ;src/HARDWARE/ISR/ISR.c: 77:   for(enuPeripheral = 0, bIsIsrFound = 0; ((enuPeripheral <
      +                           ISR_ePERIPHERAL_END) && (bIsIsrFound == 0)); enuPeripheral++)
 13263   000022  6A0D               	clrf	vidInterruptManager@enuPeripheral^0,c
 13264   000024  6A0C               	clrf	vidInterruptManager@bIsIsrFound^0,c
 13265   000026  EF39  F000         	goto	i2l4197
 13266   00002A                     i2l4191:
 13267                           
 13268                           ;src/HARDWARE/ISR/ISR.c: 78:   {;src/HARDWARE/ISR/ISR.c: 83:     if(ISR_apfbCallback[enu
      +                          Peripheral] != ((void*)0))
 13269   00002A  500D               	movf	vidInterruptManager@enuPeripheral^0,w,c
 13270   00002C  0D03               	mullw	3
 13271   00002E  50F3               	movf	243,w,c
 13272   000030  0F80               	addlw	low _ISR_apfbCallback
 13273   000032  6ED9               	movwf	fsr2l,c
 13274   000034  6ADA               	clrf	fsr2h,c
 13275   000036  50DE               	movf	postinc2,w,c
 13276   000038  10DE               	iorwf	postinc2,w,c
 13277   00003A  10DE               	iorwf	postinc2,w,c
 13278   00003C  B4D8               	btfsc	status,2,c
 13279   00003E  EF23  F000         	goto	i2u423_41
 13280   000042  EF25  F000         	goto	i2u423_40
 13281   000046                     i2u423_41:
 13282   000046  EF38  F000         	goto	i2l4195
 13283   00004A                     i2u423_40:
 13284   00004A                     
 13285                           ;src/HARDWARE/ISR/ISR.c: 84:     {;src/HARDWARE/ISR/ISR.c: 88:       (void)ISR_apfbCallb
      +                          ack[enuPeripheral]();
 13286   00004A  500D               	movf	vidInterruptManager@enuPeripheral^0,w,c
 13287   00004C  0D03               	mullw	3
 13288   00004E  50F3               	movf	243,w,c
 13289   000050  0F80               	addlw	low _ISR_apfbCallback
 13290   000052  6ED9               	movwf	fsr2l,c
 13291   000054  6ADA               	clrf	fsr2h,c
 13292   000056  D802               	call	i2u424_48
 13293   000058  EF38  F000         	goto	i2u424_49
 13294   00005C                     i2u424_48:
 13295   00005C  0005               	push	
 13296   00005E  6EFA               	movwf	pclath,c
 13297   000060  50DE               	movf	postinc2,w,c
 13298   000062  6EFD               	movwf	tosl,c
 13299   000064  50DE               	movf	postinc2,w,c
 13300   000066  6EFE               	movwf	tosh,c
 13301   000068  50DE               	movf	postinc2,w,c
 13302   00006A  6EFF               	movwf	tosu,c
 13303   00006C  50FA               	movf	pclath,w,c
 13304   00006E  0012               	return		;indir
 13305   000070                     i2u424_49:
 13306   000070                     i2l4195:
 13307                           
 13308                           ;src/HARDWARE/ISR/ISR.c: 91:   }
 13309   000070  2A0D               	incf	vidInterruptManager@enuPeripheral^0,f,c
 13310   000072                     i2l4197:
 13311   000072  500D               	movf	vidInterruptManager@enuPeripheral^0,w,c
 13312   000074  0A80               	xorlw	128
 13313   000076  0F7D               	addlw	-131
 13314   000078  B0D8               	btfsc	status,0,c
 13315   00007A  EF41  F000         	goto	i2u425_41
 13316   00007E  EF43  F000         	goto	i2u425_40
 13317   000082                     i2u425_41:
 13318   000082  EF4B  F000         	goto	i2l456
 13319   000086                     i2u425_40:
 13320   000086  500C               	movf	vidInterruptManager@bIsIsrFound^0,w,c
 13321   000088  B4D8               	btfsc	status,2,c
 13322   00008A  EF49  F000         	goto	i2u426_41
 13323   00008E  EF4B  F000         	goto	i2u426_40
 13324   000092                     i2u426_41:
 13325   000092  EF15  F000         	goto	i2l4191
 13326   000096                     i2u426_40:
 13327   000096                     i2l456:
 13328   000096  C00B  FFF4         	movff	??_vidInterruptManager+8,prodh
 13329   00009A  C00A  FFF3         	movff	??_vidInterruptManager+7,prodl
 13330   00009E  C009  FFDA         	movff	??_vidInterruptManager+6,fsr2h
 13331   0000A2  C008  FFD9         	movff	??_vidInterruptManager+5,fsr2l
 13332   0000A6  C007  FFFB         	movff	??_vidInterruptManager+4,pclatu
 13333   0000AA  C006  FFFA         	movff	??_vidInterruptManager+3,pclath
 13334   0000AE  9252               	bcf	int$flags,1,c	;clear compiler interrupt flag (level 2)
 13335   0000B0  0011               	retfie		f
 13336   0000B2                     __end_of_vidInterruptManager:
 13337                           	callstack 0
 13338                           
 13339 ;; *************** function _bInterruptHandler *****************
 13340 ;; Defined at:
 13341 ;;		line 133 in file "src/HARDWARE/EUSART/EUSART.c"
 13342 ;; Parameters:    Size  Location     Type
 13343 ;;		None
 13344 ;; Auto vars:     Size  Location     Type
 13345 ;;  u8TimeoutIdx    1    1[COMRAM] unsigned char 
 13346 ;;  enuStatus       1    0        enum E13273
 13347 ;;  bIsIsrFound     1    0        _Bool 
 13348 ;;  s8RxData        1    0        unsigned char 
 13349 ;; Return value:  Size  Location     Type
 13350 ;;                  1    wreg      _Bool 
 13351 ;; Registers used:
 13352 ;;		wreg, status,2, status,0
 13353 ;; Tracked objects:
 13354 ;;		On entry : 0/0
 13355 ;;		On exit  : 0/0
 13356 ;;		Unchanged: 0/0
 13357 ;; Data sizes:     COMRAM   BANK0   BANK1   BANK2   BANK3   BANK4   BANK5   BANK6   BANK7   BANK8   BANK9  BANK10  BANK1
      +1  BANK12  BANK14
 13358 ;;      Params:         0       0       0       0       0       0       0       0       0       0       0       0       
      +0       0       0
 13359 ;;      Locals:         1       0       0       0       0       0       0       0       0       0       0       0       
      +0       0       0
 13360 ;;      Temps:          1       0       0       0       0       0       0       0       0       0       0       0       
      +0       0       0
 13361 ;;      Totals:         2       0       0       0       0       0       0       0       0       0       0       0       
      +0       0       0
 13362 ;;Total ram usage:        2 bytes
 13363 ;; Hardware stack levels used: 1
 13364 ;; This function calls:
 13365 ;;		Nothing
 13366 ;; This function is called by:
 13367 ;;		_EUSART_enuRegisterRxCbk
 13368 ;;		_vidInterruptManager
 13369 ;; This function uses a non-reentrant model
 13370 ;;
 13371                           
 13372                           	psect	text45
 13373   0114D0                     __ptext45:
 13374                           	callstack 0
 13375   0114D0                     _bInterruptHandler:
 13376                           	callstack 19
 13377   0114D0                     
 13378                           ;src/HARDWARE/EUSART/EUSART.c: 138:   uint8_t u8TimeoutIdx = 0;
 13379   0114D0  6A02               	clrf	bInterruptHandler@u8TimeoutIdx^0,c
 13380   0114D2                     
 13381                           ;src/HARDWARE/EUSART/EUSART.c: 141:   if((PIE3bits.RC2IE == 1) && (PIR3bits.RC2IF == 1))
 13382   0114D2  010E               	movlb	14	; () banked
 13383   0114D4  AFC0               	btfss	192,7,b	;volatile
 13384   0114D6  EF6F  F08A         	goto	i2u348_41
 13385   0114DA  EF71  F08A         	goto	i2u348_40
 13386   0114DE                     i2u348_41:
 13387   0114DE  EFAA  F08A         	goto	i2l324
 13388   0114E2                     i2u348_40:
 13389   0114E2                     
 13390                           ; BSR set to: 14
 13391   0114E2  AFC8               	btfss	200,7,b	;volatile
 13392   0114E4  EF76  F08A         	goto	i2u349_41
 13393   0114E8  EF78  F08A         	goto	i2u349_40
 13394   0114EC                     i2u349_41:
 13395   0114EC  EFAA  F08A         	goto	i2l324
 13396   0114F0                     i2u349_40:
 13397   0114F0                     
 13398                           ; BSR set to: 14
 13399                           ;src/HARDWARE/EUSART/EUSART.c: 147:     while((PIR3bits.RC2IF == 0) && (u8TimeoutIdx < 1
      +                          0))
 13400   0114F0  EF83  F08A         	goto	i2l3725
 13401   0114F4                     i2l3721:
 13402                           
 13403                           ; BSR set to: 14
 13404                           ;src/HARDWARE/EUSART/EUSART.c: 148:     {;src/HARDWARE/EUSART/EUSART.c: 149:       _dela
      +                          y((unsigned long)((1)*((32 * 1000000UL)/4000.0)));
 13405   0114F4  0E0B               	movlw	11
 13406   0114F6  6E01               	movwf	??_bInterruptHandler^0,c
 13407   0114F8  0E62               	movlw	98
 13408   0114FA                     i2u566_47:
 13409   0114FA  2EE8               	decfsz	wreg,f,c
 13410   0114FC  D7FE               	bra	i2u566_47
 13411   0114FE  2E01               	decfsz	??_bInterruptHandler^0,f,c
 13412   011500  D7FC               	bra	i2u566_47
 13413   011502  D000               	nop2	
 13414   011504                     
 13415                           ;src/HARDWARE/EUSART/EUSART.c: 151:       u8TimeoutIdx++;
 13416   011504  2A02               	incf	bInterruptHandler@u8TimeoutIdx^0,f,c
 13417   011506                     i2l3725:
 13418                           
 13419                           ;src/HARDWARE/EUSART/EUSART.c: 147:     while((PIR3bits.RC2IF == 0) && (u8TimeoutIdx < 1
      +                          0))
 13420   011506  010E               	movlb	14	; () banked
 13421   011508  BFC8               	btfsc	200,7,b	;volatile
 13422   01150A  EF89  F08A         	goto	i2u350_41
 13423   01150E  EF8B  F08A         	goto	i2u350_40
 13424   011512                     i2u350_41:
 13425   011512  EF93  F08A         	goto	i2l318
 13426   011516                     i2u350_40:
 13427   011516                     
 13428                           ; BSR set to: 14
 13429   011516  0E09               	movlw	9
 13430   011518  6402               	cpfsgt	bInterruptHandler@u8TimeoutIdx^0,c
 13431   01151A  EF91  F08A         	goto	i2u351_41
 13432   01151E  EF93  F08A         	goto	i2u351_40
 13433   011522                     i2u351_41:
 13434   011522  EF7A  F08A         	goto	i2l3721
 13435   011526                     i2u351_40:
 13436   011526                     i2l318:
 13437                           
 13438                           ; BSR set to: 14
 13439                           ;src/HARDWARE/EUSART/EUSART.c: 155:     if(RC2STAbits.OERR == 1)
 13440   011526  A398               	btfss	152,1,b	;volatile
 13441   011528  EF98  F08A         	goto	i2u352_41
 13442   01152C  EF9A  F08A         	goto	i2u352_40
 13443   011530                     i2u352_41:
 13444   011530  EF9E  F08A         	goto	i2l319
 13445   011534                     i2u352_40:
 13446   011534                     
 13447                           ; BSR set to: 14
 13448                           ;src/HARDWARE/EUSART/EUSART.c: 156:     {;src/HARDWARE/EUSART/EUSART.c: 157:       RC2ST
      +                          Abits.SPEN = 0;
 13449   011534  9F98               	bcf	152,7,b	;volatile
 13450                           
 13451                           ;src/HARDWARE/EUSART/EUSART.c: 158:       RC2STAbits.SPEN = 1;
 13452   011536  8F98               	bsf	152,7,b	;volatile
 13453   011538                     
 13454                           ; BSR set to: 14
 13455                           ;src/HARDWARE/EUSART/EUSART.c: 160:     }
 13456   011538  EFA9  F08A         	goto	i2l320
 13457   01153C                     i2l319:
 13458                           
 13459                           ; BSR set to: 14
 13460   01153C  A598               	btfss	152,2,b	;volatile
 13461   01153E  EFA3  F08A         	goto	i2u353_41
 13462   011542  EFA5  F08A         	goto	i2u353_40
 13463   011546                     i2u353_41:
 13464   011546  EFA9  F08A         	goto	i2l321
 13465   01154A                     i2u353_40:
 13466   01154A                     
 13467                           ; BSR set to: 14
 13468                           ;src/HARDWARE/EUSART/EUSART.c: 163:     {;src/HARDWARE/EUSART/EUSART.c: 164:       RC2ST
      +                          Abits.SPEN = 0;
 13469   01154A  9F98               	bcf	152,7,b	;volatile
 13470                           
 13471                           ;src/HARDWARE/EUSART/EUSART.c: 165:       RC2STAbits.SPEN = 1;
 13472   01154C  8F98               	bsf	152,7,b	;volatile
 13473   01154E                     
 13474                           ; BSR set to: 14
 13475                           ;src/HARDWARE/EUSART/EUSART.c: 167:     }
 13476   01154E  EFA9  F08A         	goto	i2l320
 13477   011552                     i2l321:
 13478   011552                     i2l320:
 13479                           
 13480                           ; BSR set to: 14
 13481   011552  5194               	movf	148,w,b	;volatile
 13482   011554                     i2l324:
 13483                           
 13484                           ; BSR set to: 14
 13485   011554  0012               	return		;funcret
 13486   011556                     __end_of_bInterruptHandler:
 13487                           	callstack 0
 13488                           
 13489 ;; *************** function _bInterruptHandler@TIMER$F1421 *****************
 13490 ;; Defined at:
 13491 ;;		line 70 in file "src/HARDWARE/TIMER/TIMER.c"
 13492 ;; Parameters:    Size  Location     Type
 13493 ;;		None
 13494 ;; Auto vars:     Size  Location     Type
 13495 ;;  bIsIsrFound     1    0        _Bool 
 13496 ;; Return value:  Size  Location     Type
 13497 ;;                  1    wreg      _Bool 
 13498 ;; Registers used:
 13499 ;;		wreg, status,2
 13500 ;; Tracked objects:
 13501 ;;		On entry : 0/0
 13502 ;;		On exit  : 0/0
 13503 ;;		Unchanged: 0/0
 13504 ;; Data sizes:     COMRAM   BANK0   BANK1   BANK2   BANK3   BANK4   BANK5   BANK6   BANK7   BANK8   BANK9  BANK10  BANK1
      +1  BANK12  BANK14
 13505 ;;      Params:         0       0       0       0       0       0       0       0       0       0       0       0       
      +0       0       0
 13506 ;;      Locals:         0       0       0       0       0       0       0       0       0       0       0       0       
      +0       0       0
 13507 ;;      Temps:          0       0       0       0       0       0       0       0       0       0       0       0       
      +0       0       0
 13508 ;;      Totals:         0       0       0       0       0       0       0       0       0       0       0       0       
      +0       0       0
 13509 ;;Total ram usage:        0 bytes
 13510 ;; Hardware stack levels used: 1
 13511 ;; This function calls:
 13512 ;;		Nothing
 13513 ;; This function is called by:
 13514 ;;		_TIM0_vidInitialize
 13515 ;;		_vidInterruptManager
 13516 ;; This function uses a non-reentrant model
 13517 ;;
 13518                           
 13519                           	psect	text46
 13520   011A70                     __ptext46:
 13521                           	callstack 0
 13522   011A70                     _bInterruptHandler@TIMER$F1421:
 13523                           	callstack 19
 13524   011A70                     
 13525                           ;src/HARDWARE/TIMER/TIMER.c: 78:   if((PIE0bits.TMR0IE == 1) && (PIR0bits.TMR0IF == 1))
 13526   011A70  010E               	movlb	14	; () banked
 13527   011A72  ABBD               	btfss	189,5,b	;volatile
 13528   011A74  EF3E  F08D         	goto	i2u354_41
 13529   011A78  EF40  F08D         	goto	i2u354_40
 13530   011A7C                     i2u354_41:
 13531   011A7C  EF48  F08D         	goto	i2l487
 13532   011A80                     i2u354_40:
 13533   011A80                     
 13534                           ; BSR set to: 14
 13535   011A80  ABC5               	btfss	197,5,b	;volatile
 13536   011A82  EF45  F08D         	goto	i2u355_41
 13537   011A86  EF47  F08D         	goto	i2u355_40
 13538   011A8A                     i2u355_41:
 13539   011A8A  EF48  F08D         	goto	i2l487
 13540   011A8E                     i2u355_40:
 13541   011A8E                     
 13542                           ; BSR set to: 14
 13543                           ;src/HARDWARE/TIMER/TIMER.c: 84:     PIR0bits.TMR0IF = 0;
 13544   011A8E  9BC5               	bcf	197,5,b	;volatile
 13545   011A90                     i2l487:
 13546                           
 13547                           ; BSR set to: 14
 13548   011A90  0012               	return		;funcret
 13549   011A92                     __end_of_bInterruptHandler@TIMER$F1421:
 13550                           	callstack 0
 13551                           
 13552                           	psect	rparam
 13553   000001                     ___rparam_used  equ	1
 13554   000000                     ___param_bank   equ	0
 13555   000000                     __Lparam        equ	__Lrparam
 13556   000000                     __Hparam        equ	__Hrparam
 13557                           
 13558                           	psect	temp
 13559   000052                     btemp:
 13560                           	callstack 0
 13561   000052                     	ds	1
 13562   000052                     int$flags       set	btemp
 13563   000053                     wtemp8          set	btemp+1
 13564   000053                     ttemp5          set	btemp+1
 13565   000056                     ttemp6          set	btemp+4
 13566   00005A                     ttemp7          set	btemp+8
 13567                           
 13568                           	psect	config
 13569                           
 13570                           ;Config register CONFIG1L @ 0x300000
 13571                           ;	External Oscillator mode Selection bits
 13572                           ;	FEXTOSC = OFF, Oscillator not enabled
 13573                           ;	Power-up default value for COSC bits
 13574                           ;	RSTOSC = HFINTOSC_64MHZ, HFINTOSC with HFFRQ = 64 MHz and CDIV = 1:1
 13575   300000                     	org	3145728
 13576   300000  8C                 	db	140
 13577                           
 13578                           ;Config register CONFIG1H @ 0x300001
 13579                           ;	unspecified, using default values
 13580                           ;	Clock Out Enable bit
 13581                           ;	CLKOUTEN = 0x1, unprogrammed default
 13582                           ;	Clock Switch Enable bit
 13583                           ;	CSWEN = 0x1, unprogrammed default
 13584                           ;	Fail-Safe Clock Monitor Enable bit
 13585                           ;	FCMEN = 0x1, unprogrammed default
 13586   300001                     	org	3145729
 13587   300001  FF                 	db	255
 13588                           
 13589                           ;Config register CONFIG3L @ 0x300004
 13590                           ;	WDT Period Select bits
 13591                           ;	WDTCPS = 0x1F, unprogrammed default
 13592                           ;	WDT operating mode
 13593                           ;	WDTE = OFF, WDT Disabled
 13594   300004                     	org	3145732
 13595   300004  9F                 	db	159
 13596                           
 13597                           ;Config register CONFIG3H @ 0x300005
 13598                           ;	unspecified, using default values
 13599                           ;	WDT Window Select bits
 13600                           ;	WDTCWS = 0x7, unprogrammed default
 13601                           ;	WDT input clock selector
 13602                           ;	WDTCCS = 0x7, unprogrammed default
 13603   300005                     	org	3145733
 13604   300005  FF                 	db	255
 13605                           
 13606                           ;Config register CONFIG4L @ 0x300006
 13607                           ;	unspecified, using default values
 13608                           ;	Write Protection Block 0
 13609                           ;	WRT0 = 0x1, unprogrammed default
 13610                           ;	Write Protection Block 1
 13611                           ;	WRT1 = 0x1, unprogrammed default
 13612                           ;	Write Protection Block 2
 13613                           ;	WRT2 = 0x1, unprogrammed default
 13614                           ;	Write Protection Block 3
 13615                           ;	WRT3 = 0x1, unprogrammed default
 13616                           ;	Write Protection Block 4
 13617                           ;	WRT4 = 0x1, unprogrammed default
 13618                           ;	Write Protection Block 5
 13619                           ;	WRT5 = 0x1, unprogrammed default
 13620                           ;	Write Protection Block 6
 13621                           ;	WRT6 = 0x1, unprogrammed default
 13622                           ;	Write Protection Block 7
 13623                           ;	WRT7 = 0x1, unprogrammed default
 13624   300006                     	org	3145734
 13625   300006  FF                 	db	255
 13626                           
 13627                           ;Config register CONFIG4H @ 0x300007
 13628                           ;	Configuration Register Write Protection bit
 13629                           ;	WRTC = 0x1, unprogrammed default
 13630                           ;	Boot Block Write Protection bit
 13631                           ;	WRTB = 0x1, unprogrammed default
 13632                           ;	Data EEPROM Write Protection bit
 13633                           ;	WRTD = 0x1, unprogrammed default
 13634                           ;	Scanner Enable bit
 13635                           ;	SCANE = 0x1, unprogrammed default
 13636                           ;	Low Voltage Programming Enable bit
 13637                           ;	LVP = ON, Low voltage programming enabled. MCLR/VPP pin function is MCLR. MCLRE config
      +                          uration bit is ignored
 13638   300007                     	org	3145735
 13639   300007  FF                 	db	255
 13640                           tosu	equ	0xFFF
 13641                           tosh	equ	0xFFE
 13642                           tosl	equ	0xFFD
 13643                           stkptr	equ	0xFFC
 13644                           pclatu	equ	0xFFB
 13645                           pclath	equ	0xFFA
 13646                           pcl	equ	0xFF9
 13647                           tblptru	equ	0xFF8
 13648                           tblptrh	equ	0xFF7
 13649                           tblptrl	equ	0xFF6
 13650                           tablat	equ	0xFF5
 13651                           prodh	equ	0xFF4
 13652                           prodl	equ	0xFF3
 13653                           indf0	equ	0xFEF
 13654                           postinc0	equ	0xFEE
 13655                           postdec0	equ	0xFED
 13656                           preinc0	equ	0xFEC
 13657                           plusw0	equ	0xFEB
 13658                           fsr0h	equ	0xFEA
 13659                           fsr0l	equ	0xFE9
 13660                           wreg	equ	0xFE8
 13661                           indf1	equ	0xFE7
 13662                           postinc1	equ	0xFE6
 13663                           postdec1	equ	0xFE5
 13664                           preinc1	equ	0xFE4
 13665                           plusw1	equ	0xFE3
 13666                           fsr1h	equ	0xFE2
 13667                           fsr1l	equ	0xFE1
 13668                           bsr	equ	0xFE0
 13669                           indf2	equ	0xFDF
 13670                           postinc2	equ	0xFDE
 13671                           postdec2	equ	0xFDD
 13672                           preinc2	equ	0xFDC
 13673                           plusw2	equ	0xFDB
 13674                           fsr2h	equ	0xFDA
 13675                           fsr2l	equ	0xFD9
 13676                           status	equ	0xFD8

Data Sizes:
    Strings     422
    Constant    76
    Data        0
    BSS         77
    Persistent  0
    Stack       0

Auto Spaces:
    Space          Size  Autos    Used
    COMRAM           94     65      81
    BANK0           160     20      81
    BANK1           256      0       0
    BANK2           256      0       0
    BANK3           256      0       0
    BANK4           256      0       0
    BANK5           256      0       0
    BANK6           256      0       0
    BANK7           256      0       0
    BANK8           256      0       0
    BANK9           256      0       0
    BANK10          256      0       0
    BANK11          256      0       0
    BANK12          256      0       0
    BANK14           31      0       0

Pointer List with Targets:

    brkp	PTR unsigned char  size(2) Largest target is 0
		 -> __heap_hi(UNKNOWN), NULL(NULL[0]), 

    bSendToI2c@pkstrThisConfig	PTR const struct LCD_tstrLcdConfig size(2) Largest target is 8
		 -> LCD_kastrLcdConfigList(CODE[8]), NULL(NULL[0]), 

    bSetCursor@pkstrThisConfig	PTR const struct LCD_tstrLcdConfig size(2) Largest target is 8
		 -> LCD_kastrLcdConfigList(CODE[8]), NULL(NULL[0]), 

    CMN_vidManageAbort@kpkpau8FileName	const PTR const unsigned char  size(2) Largest target is 29
		 -> STR_2(CODE[11]), STR_38(CODE[29]), 

    CMN_vidManageAbort@kpkpau8FunctionName	const PTR const unsigned char  size(2) Largest target is 21
		 -> STR_3(CODE[5]), STR_39(CODE[21]), 

    CMN_vidManageAssert@kpkpau8FileName	const PTR const unsigned char  size(2) Largest target is 29
		 -> STR_10(CODE[27]), STR_12(CODE[27]), STR_14(CODE[27]), STR_16(CODE[27]), 
		 -> STR_18(CODE[27]), STR_20(CODE[27]), STR_22(CODE[27]), STR_24(CODE[27]), 
		 -> STR_26(CODE[27]), STR_28(CODE[27]), STR_30(CODE[28]), STR_32(CODE[28]), 
		 -> STR_34(CODE[28]), STR_36(CODE[29]), STR_4(CODE[27]), STR_40(CODE[27]), 
		 -> STR_6(CODE[27]), STR_8(CODE[27]), 

    CMN_vidManageAssert@kpkpau8FunctionName	const PTR const unsigned char  size(2) Largest target is 21
		 -> STR_11(CODE[18]), STR_13(CODE[18]), STR_15(CODE[18]), STR_17(CODE[18]), 
		 -> STR_19(CODE[18]), STR_21(CODE[18]), STR_23(CODE[18]), STR_25(CODE[18]), 
		 -> STR_27(CODE[18]), STR_29(CODE[18]), STR_31(CODE[18]), STR_33(CODE[18]), 
		 -> STR_35(CODE[18]), STR_37(CODE[21]), STR_41(CODE[19]), STR_5(CODE[18]), 
		 -> STR_7(CODE[18]), STR_9(CODE[18]), 

    EUSART_pfRxCallback	PTR FTN(const PTR const unsigned char ,const unsigned short ,const enum E13273,)void  size(3) Largest target is 1
		 -> NULL(), NULL(NULL[0]), 

    EUSART_pfRxCallback$0	const PTR const unsigned char  size(1) Largest target is 1
		 -> bInterruptHandler@s8RxData(COMRAM[1]), 

    __expand_heap@new_brkp	PTR unsigned char  size(2) Largest target is 0
		 -> __heap_hi(UNKNOWN), NULL(NULL[0]), 

    __expand_heap@pn	PTR unsigned int  size(1) Largest target is 2
		 -> malloc@m(COMRAM[2]), 

    f$.$buffer	PTR unsigned char  size(2) Largest target is 0
		 -> __heap_hi(UNKNOWN), NULL(NULL[0]), 

    f$.$source	PTR const unsigned char  size(2) Largest target is 0

    fputc@fp	PTR struct _IO_FILE size(1) Largest target is 12
		 -> vsnprintf@f(COMRAM[11]), NULL(NULL[0]), 

    fputc@fp$.$buffer	PTR unsigned char  size(2) Largest target is 0
		 -> __heap_hi(UNKNOWN), NULL(NULL[0]), 

    fputc@fp$.$source	PTR const unsigned char  size(2) Largest target is 0

    free@c$.$next	PTR struct chunk size(2) Largest target is 0
		 -> NULL(NULL[0]), 

    free@c$.$next$.$next	PTR struct chunk size(2) Largest target is 0
		 -> NULL(NULL[0]), 

    __freelist	PTR struct chunk size(2) Largest target is 0
		 -> NULL(NULL[0]), 

    __freelist$.$next	PTR struct chunk size(2) Largest target is 0
		 -> NULL(NULL[0]), 

    I2CM_enuWriteBuffer@kpku8TxBuffer	const PTR const unsigned char  size(1) Largest target is 1
		 -> bSendToI2c@u8Message(COMRAM[1]), 

    ISR_apfbCallback	PTR FTN()_Bool [3] size(3) Largest target is 1
		 -> bInterruptHandler(), bInterruptHandler@TIMER$F1421(), NULL(), NULL(NULL[0]), 

    ISR_bRegisterIsrCbk@kpfbCallback	const PTR FTN()_Bool  size(3) Largest target is 1
		 -> bInterruptHandler(), bInterruptHandler@TIMER$F1421(), 

    LCD_astrDisplayData$pau8DataBuffer	PTR unsigned char  size(2) Largest target is 0
		 -> __heap_hi(UNKNOWN), NULL(NULL[0]), 

    LCD_enuPrintf@pstrThisData$pau8DataBuffer	PTR unsigned char  size(2) Largest target is 0
		 -> __heap_hi(UNKNOWN), NULL(NULL[0]), 

    LCD_kpkstrGetLcdConfig@pkstrThisConfig	PTR const struct LCD_tstrLcdConfig size(2) Largest target is 8
		 -> LCD_kastrLcdConfigList(CODE[8]), NULL(NULL[0]), 

    LCD_vidInitialize@pkstrThisConfig	PTR const struct LCD_tstrLcdConfig size(2) Largest target is 8
		 -> LCD_kastrLcdConfigList(CODE[8]), NULL(NULL[0]), 

    LCD_vidInitialize@pstrThisData	PTR struct tstrDisplayData size(1) Largest target is 11
		 -> LCD_astrDisplayData(BANK0[10]), NULL(NULL[0]), 

    LCD_vidInitialize@pstrThisData$pau8DataBuffer	PTR unsigned char  size(2) Largest target is 0
		 -> __heap_hi(UNKNOWN), NULL(NULL[0]), 

    malloc@cur	PTR unsigned char  size(2) Largest target is 0
		 -> __heap_hi(UNKNOWN), NULL(NULL[0]), 

    malloc@end	PTR unsigned char  size(2) Largest target is 0
		 -> __heap_hi(UNKNOWN), NULL(NULL[0]), 

    malloc@new	PTR unsigned char  size(2) Largest target is 0
		 -> __heap_hi(UNKNOWN), NULL(NULL[0]), 

    malloc@p	PTR void  size(2) Largest target is 0
		 -> __heap_hi(UNKNOWN), NULL(NULL[0]), 

    malloc@sz	PTR unsigned int  size(2) Largest target is 0
		 -> __heap_hi(UNKNOWN), NULL(NULL[0]), 

    memset@dest	PTR void  size(2) Largest target is 0
		 -> __heap_hi(UNKNOWN), NULL(NULL[0]), 

    memset@p	PTR unsigned char  size(2) Largest target is 0
		 -> __heap_hi(UNKNOWN), NULL(NULL[0]), 

    NULL$0	const PTR const unsigned char  size(1) Largest target is 1
		 -> bInterruptHandler@s8RxData(COMRAM[1]), 

    printf@ap	PTR void [1] size(1) Largest target is 2
		 -> ?_LCD_enuPrintf(COMRAM[1]), ?_printf(COMRAM[2]), 

    printf@fmt	PTR const unsigned char  size(2) Largest target is 69
		 -> STR_1(CODE[17]), STR_42(CODE[69]), STR_43(CODE[67]), STR_44(CODE[66]), 

    S124tstrDisplayData$pau8DataBuffer	PTR unsigned char  size(2) Largest target is 0
		 -> __heap_hi(UNKNOWN), NULL(NULL[0]), 

    S2113$next	PTR struct chunk size(2) Largest target is 0
		 -> NULL(NULL[0]), 

    S2190$buffer	PTR unsigned char  size(2) Largest target is 0
		 -> __heap_hi(UNKNOWN), NULL(NULL[0]), 

    S2190$source	PTR const unsigned char  size(2) Largest target is 0

    ?___simple_search_fl$.$next	PTR struct chunk size(2) Largest target is 0
		 -> NULL(NULL[0]), 

    __simple_search_fl@best	PTR struct chunk size(2) Largest target is 0
		 -> NULL(NULL[0]), 

    __simple_search_fl@best$.$next	PTR struct chunk size(2) Largest target is 0
		 -> NULL(NULL[0]), 

    __simple_search_fl@best_last	PTR struct chunk size(2) Largest target is 0
		 -> NULL(NULL[0]), 

    __simple_search_fl@best_last$.$next	PTR struct chunk size(2) Largest target is 0
		 -> NULL(NULL[0]), 

    __simple_search_fl@best_last$.$next$.$next	PTR struct chunk size(2) Largest target is 0
		 -> NULL(NULL[0]), 

    __simple_search_fl@c	PTR struct chunk size(2) Largest target is 0
		 -> NULL(NULL[0]), 

    __simple_search_fl@c$.$next	PTR struct chunk size(2) Largest target is 0
		 -> NULL(NULL[0]), 

    __simple_search_fl@last	PTR struct chunk size(2) Largest target is 0
		 -> NULL(NULL[0]), 

    __simple_search_fl@last$.$next	PTR struct chunk size(2) Largest target is 0
		 -> NULL(NULL[0]), 

    __simple_search_fl@last$.$next$.$next	PTR struct chunk size(2) Largest target is 0
		 -> NULL(NULL[0]), 

    __simple_search_fl@next	PTR struct chunk size(2) Largest target is 0
		 -> NULL(NULL[0]), 

    __simple_search_fl@next$.$next	PTR struct chunk size(2) Largest target is 0
		 -> NULL(NULL[0]), 

    __simple_search_fl@split	PTR struct chunk size(2) Largest target is 0
		 -> NULL(NULL[0]), 

    __simple_search_fl@split$.$next	PTR struct chunk size(2) Largest target is 0
		 -> NULL(NULL[0]), 

    __simple_search_fl@split$.$next$.$next	PTR struct chunk size(2) Largest target is 0
		 -> NULL(NULL[0]), 

    sp____expand_heap	PTR void  size(2) Largest target is 0
		 -> __heap_hi(UNKNOWN), NULL(NULL[0]), 

    sp____simple_search_fl	PTR void  size(2) Largest target is 0
		 -> NULL(NULL[0]), 

    sp____simple_search_fl$.$next	PTR struct chunk size(2) Largest target is 0
		 -> NULL(NULL[0]), 

    sp__LCD_kpkstrGetLcdConfig	PTR const struct LCD_tstrLcdConfig size(2) Largest target is 8
		 -> LCD_kastrLcdConfigList(CODE[8]), NULL(NULL[0]), 

    sp__malloc	PTR void  size(2) Largest target is 0
		 -> __heap_hi(UNKNOWN), NULL(NULL[0]), 

    sp__memset	PTR void  size(2) Largest target is 0
		 -> __heap_hi(UNKNOWN), NULL(NULL[0]), 

    TIM0_pfRxCallback	PTR FTN()void  size(3) Largest target is 1
		 -> NULL(), 

    vfpfcnvrt@ap	PTR PTR void  size(2) Largest target is 1
		 -> LCD_enuPrintf@args(COMRAM[1]), printf@ap(COMRAM[1]), 

    vfpfcnvrt@cp	PTR unsigned char  size(2) Largest target is 69
		 -> STR_1(CODE[17]), STR_42(CODE[69]), STR_43(CODE[67]), STR_44(CODE[66]), 

    vfpfcnvrt@cp_2271	PTR unsigned char  size(2) Largest target is 29
		 -> ?_LCD_enuPrintf(COMRAM[1]), ?_printf(COMRAM[2]), STR_10(CODE[27]), STR_11(CODE[18]), 
		 -> STR_12(CODE[27]), STR_13(CODE[18]), STR_14(CODE[27]), STR_15(CODE[18]), 
		 -> STR_16(CODE[27]), STR_17(CODE[18]), STR_18(CODE[27]), STR_19(CODE[18]), 
		 -> STR_2(CODE[11]), STR_20(CODE[27]), STR_21(CODE[18]), STR_22(CODE[27]), 
		 -> STR_23(CODE[18]), STR_24(CODE[27]), STR_25(CODE[18]), STR_26(CODE[27]), 
		 -> STR_27(CODE[18]), STR_28(CODE[27]), STR_29(CODE[18]), STR_3(CODE[5]), 
		 -> STR_30(CODE[28]), STR_31(CODE[18]), STR_32(CODE[28]), STR_33(CODE[18]), 
		 -> STR_34(CODE[28]), STR_35(CODE[18]), STR_36(CODE[29]), STR_37(CODE[21]), 
		 -> STR_38(CODE[29]), STR_39(CODE[21]), STR_4(CODE[27]), STR_40(CODE[27]), 
		 -> STR_41(CODE[19]), STR_5(CODE[18]), STR_6(CODE[27]), STR_7(CODE[18]), 
		 -> STR_8(CODE[27]), STR_9(CODE[18]), 

    vfpfcnvrt@fmt	PTR PTR unsigned char  size(1) Largest target is 2
		 -> vfprintf@cfmt(COMRAM[2]), 

    vfpfcnvrt@fp	PTR struct _IO_FILE size(1) Largest target is 12
		 -> vsnprintf@f(COMRAM[11]), NULL(NULL[0]), 

    vfprintf@ap	PTR PTR void  size(1) Largest target is 1
		 -> LCD_enuPrintf@args(COMRAM[1]), printf@ap(COMRAM[1]), 

    vfprintf@cfmt	PTR unsigned char  size(2) Largest target is 69
		 -> STR_1(CODE[17]), STR_42(CODE[69]), STR_43(CODE[67]), STR_44(CODE[66]), 

    vfprintf@fmt	PTR const unsigned char  size(2) Largest target is 69
		 -> STR_1(CODE[17]), STR_42(CODE[69]), STR_43(CODE[67]), STR_44(CODE[66]), 

    vfprintf@fp	PTR struct _IO_FILE size(1) Largest target is 12
		 -> vsnprintf@f(COMRAM[11]), NULL(NULL[0]), 


Critical Paths under _main in COMRAM

    _TIM0_vidInitialize->_CMN_vidManageAssert
    _LCD_vidInitialize->_CMN_vidManageAssert
    _malloc->___simple_search_fl
    _bSetDisplayOn->_bSendCommand
    _bReturnHome->_bSendCommand
    _bClearDisplay->_bSetCursor
    _bSetCursor->_bSendCommand
    _bSendCommand->_bGenericSend
    _bGenericSend->_bWrite4Bits
    _bWrite4Bits->_bPulseEnable
    _bPulseEnable->_bSendToI2c
    _bSendToI2c->_I2CM_enuWriteBuffer
    _I2CM_enuWriteBuffer->_bI2cReservedAddress
    _CMN_vidDelayMs->_CMN_vidPortDelayMs
    _EUSART_vidInitialize->_CMN_vidManageAssert
    _CMN_vidManageAbort->_printf
    _ADC_vidInitialize->_CMN_vidManageAssert
    _CMN_vidManageAssert->_printf
    _printf->_vfprintf
    _vfprintf->_vfpfcnvrt
    _vfpfcnvrt->_fputc
    _fputc->_putch
    _putch->_EUSART_vidSendChar
    _abs->___awmod

Critical Paths under _vidInterruptManager in COMRAM

    _vidInterruptManager->_bInterruptHandler

Critical Paths under _main in BANK0

    _main->_LCD_vidInitialize
    _TIM0_vidInitialize->_CMN_vidManageAssert
    _LCD_vidInitialize->_CMN_vidManageAssert
    _EUSART_vidInitialize->_CMN_vidManageAbort
    _EUSART_vidInitialize->_CMN_vidManageAssert
    _ADC_vidInitialize->_CMN_vidManageAssert

Critical Paths under _vidInterruptManager in BANK0

    None.

Critical Paths under _main in BANK1

    None.

Critical Paths under _vidInterruptManager in BANK1

    None.

Critical Paths under _main in BANK2

    None.

Critical Paths under _vidInterruptManager in BANK2

    None.

Critical Paths under _main in BANK3

    None.

Critical Paths under _vidInterruptManager in BANK3

    None.

Critical Paths under _main in BANK4

    None.

Critical Paths under _vidInterruptManager in BANK4

    None.

Critical Paths under _main in BANK5

    None.

Critical Paths under _vidInterruptManager in BANK5

    None.

Critical Paths under _main in BANK6

    None.

Critical Paths under _vidInterruptManager in BANK6

    None.

Critical Paths under _main in BANK7

    None.

Critical Paths under _vidInterruptManager in BANK7

    None.

Critical Paths under _main in BANK8

    None.

Critical Paths under _vidInterruptManager in BANK8

    None.

Critical Paths under _main in BANK9

    None.

Critical Paths under _vidInterruptManager in BANK9

    None.

Critical Paths under _main in BANK10

    None.

Critical Paths under _vidInterruptManager in BANK10

    None.

Critical Paths under _main in BANK11

    None.

Critical Paths under _vidInterruptManager in BANK11

    None.

Critical Paths under _main in BANK12

    None.

Critical Paths under _vidInterruptManager in BANK12

    None.

Critical Paths under _main in BANK14

    None.

Critical Paths under _vidInterruptManager in BANK14

    None.

Call Graph Tables:

 ---------------------------------------------------------------------------------
 (Depth) Function   	        Calls       Base Space   Used Autos Params    Refs
 ---------------------------------------------------------------------------------
 (0) _main                                                 2     2      0   43041
                                             18 BANK0      2     2      0
                  _ADC_vidInitialize
                _CLOCK_vidInitialize
                     _CMN_vidEndInit
                  _CMN_vidInitialize
                 _CMN_vidManageAbort
               _EUSART_vidInitialize
                  _I2CM_vidInitalize
                  _LCD_vidInitialize
                 _TIM0_vidInitialize
                             _printf
 ---------------------------------------------------------------------------------
 (1) _TIM0_vidInitialize                                   1     1      0    3877
                                              6 BANK0      1     1      0
                _CMN_vidManageAssert
                _ISR_bRegisterIsrCbk
 ---------------------------------------------------------------------------------
 (2) _ISR_bRegisterIsrCbk                                  5     2      3     246
                                             13 COMRAM     5     2      3
 ---------------------------------------------------------------------------------
 (1) _LCD_vidInitialize                                   12    12      0   22293
                                              6 BANK0     12    12      0
                     _CMN_vidDelayMs
                _CMN_vidManageAssert
             _LCD_kpkstrGetLcdConfig
                      _bClearDisplay
                        _bReturnHome
                       _bSendCommand
                         _bSendToI2c
                      _bSetDisplayOn
                        _bWrite4Bits
                             _malloc
                             _memset
 ---------------------------------------------------------------------------------
 (2) _memset                                               8     2      6      99
                                             13 COMRAM     8     2      6
 ---------------------------------------------------------------------------------
 (2) _malloc                                              15    12      3    1461
                                             34 COMRAM    13    10      3
                      ___expand_heap
                 ___simple_search_fl
 ---------------------------------------------------------------------------------
 (3) ___simple_search_fl                                  21    18      3     827
                                             13 COMRAM    21    18      3
 ---------------------------------------------------------------------------------
 (3) ___expand_heap                                        9     6      3     136
                                             13 COMRAM     9     6      3
 ---------------------------------------------------------------------------------
 (2) _bSetDisplayOn                                        3     2      1    2521
                                             46 COMRAM     3     2      1
                       _bSendCommand
 ---------------------------------------------------------------------------------
 (2) _bReturnHome                                          1     1      0    2309
                                             46 COMRAM     1     1      0
                       _bSendCommand
 ---------------------------------------------------------------------------------
 (2) _bClearDisplay                                        2     2      0    5639
                                             57 COMRAM     2     2      0
                     _CMN_vidDelayMs
                       _bSendCommand
                         _bSetCursor
 ---------------------------------------------------------------------------------
 (3) _bSetCursor                                          11     9      2    3043
                                             46 COMRAM    11     9      2
             _LCD_kpkstrGetLcdConfig
                       _bSendCommand
 ---------------------------------------------------------------------------------
 (3) _bSendCommand                                         2     1      1    2262
                                             44 COMRAM     2     1      1
                       _bGenericSend
 ---------------------------------------------------------------------------------
 (4) _bGenericSend                                         4     2      2    2145
                                             40 COMRAM     4     2      2
                        _bWrite4Bits
 ---------------------------------------------------------------------------------
 (2) _bWrite4Bits                                          3     2      1    1878
                                             37 COMRAM     3     2      1
                       _bPulseEnable
                         _bSendToI2c
 ---------------------------------------------------------------------------------
 (3) _bPulseEnable                                         3     2      1    1033
                                             34 COMRAM     3     2      1
                     _CMN_vidDelayMs
                         _bSendToI2c
 ---------------------------------------------------------------------------------
 (3) _bSendToI2c                                          10     9      1     634
                                             24 COMRAM    10     9      1
                _I2CM_enuWriteBuffer
             _LCD_kpkstrGetLcdConfig
 ---------------------------------------------------------------------------------
 (4) _LCD_kpkstrGetLcdConfig                              10     7      3     111
                                             13 COMRAM    10     7      3
 ---------------------------------------------------------------------------------
 (4) _I2CM_enuWriteBuffer                                  8     4      4     345
                                             16 COMRAM     8     4      4
                _bI2cReservedAddress
              _vidI2c1IsrFlagPolling
 ---------------------------------------------------------------------------------
 (5) _vidI2c1IsrFlagPolling                                0     0      0       0
 ---------------------------------------------------------------------------------
 (5) _bI2cReservedAddress                                  3     3      0      82
                                             13 COMRAM     3     3      0
 ---------------------------------------------------------------------------------
 (4) _CMN_vidDelayMs                                       4     0      4     203
                                             22 COMRAM     4     0      4
                 _CMN_vidPortDelayMs
 ---------------------------------------------------------------------------------
 (1) _I2CM_vidInitalize                                    0     0      0       0
 ---------------------------------------------------------------------------------
 (1) _EUSART_vidInitialize                                 4     4      0    6984
                                              6 BANK0      4     4      0
                 _CMN_vidManageAbort
                _CMN_vidManageAssert
 ---------------------------------------------------------------------------------
 (2) _CMN_vidManageAbort                                   6     0      6    3276
                                              0 BANK0      6     0      6
                 _CMN_vidErrorLedSet
               _CMN_vidErrorLedUnset
                 _CMN_vidPortDelayMs
              _CMN_vidPortDisableIsr
                             _printf
 ---------------------------------------------------------------------------------
 (1) _CMN_vidInitialize                                    0     0      0       0
                _CMN_vidErrorLedInit
               _CMN_vidErrorLedUnset
 ---------------------------------------------------------------------------------
 (2) _CMN_vidErrorLedInit                                  0     0      0       0
 ---------------------------------------------------------------------------------
 (1) _CMN_vidEndInit                                       0     0      0       0
 ---------------------------------------------------------------------------------
 (1) _CLOCK_vidInitialize                                  0     0      0       0
 ---------------------------------------------------------------------------------
 (1) _ADC_vidInitialize                                    0     0      0    3594
                _CMN_vidManageAssert
 ---------------------------------------------------------------------------------
 (2) _CMN_vidManageAssert                                  8     2      6    3594
                                             63 COMRAM     2     2      0
                                              0 BANK0      6     0      6
                 _CMN_vidErrorLedSet
               _CMN_vidErrorLedUnset
                 _CMN_vidPortDelayMs
              _CMN_vidPortDisableIsr
                             _printf
 ---------------------------------------------------------------------------------
 (1) _printf                                              11     3      8    3017
                                             54 COMRAM     9     1      8
                           _vfprintf
 ---------------------------------------------------------------------------------
 (2) _vfprintf                                             6     2      4    2918
                                             48 COMRAM     6     2      4
                          _vfpfcnvrt
 ---------------------------------------------------------------------------------
 (3) _vfpfcnvrt                                           16    12      4    2691
                                             32 COMRAM    16    12      4
                            ___awdiv
                            ___awmod
                                _abs
                              _fputc
 ---------------------------------------------------------------------------------
 (4) _fputc                                                8     5      3     578
                                             24 COMRAM     8     5      3
                              _putch
 ---------------------------------------------------------------------------------
 (5) _putch                                                1     1      0     243
                                             23 COMRAM     1     1      0
                 _EUSART_vidSendChar
 ---------------------------------------------------------------------------------
 (6) _EUSART_vidSendChar                                  11     7      4     196
                                             13 COMRAM    10     6      4
 ---------------------------------------------------------------------------------
 (4) _abs                                                  4     2      2      96
                                             19 COMRAM     4     2      2
                            ___awmod (ARG)
 ---------------------------------------------------------------------------------
 (4) ___awmod                                              6     2      4     439
                                             13 COMRAM     6     2      4
 ---------------------------------------------------------------------------------
 (4) ___awdiv                                              8     4      4     451
                                             13 COMRAM     8     4      4
 ---------------------------------------------------------------------------------
 (3) _CMN_vidPortDisableIsr                                0     0      0       0
 ---------------------------------------------------------------------------------
 (3) _CMN_vidPortDelayMs                                   9     5      4     148
                                             13 COMRAM     9     5      4
 ---------------------------------------------------------------------------------
 (3) _CMN_vidErrorLedUnset                                 0     0      0       0
 ---------------------------------------------------------------------------------
 (3) _CMN_vidErrorLedSet                                   0     0      0       0
 ---------------------------------------------------------------------------------
 Estimated maximum stack depth 6
 ---------------------------------------------------------------------------------
 (Depth) Function   	        Calls       Base Space   Used Autos Params    Refs
 ---------------------------------------------------------------------------------
 (11) _vidInterruptManager                                11    11      0     139
                                              2 COMRAM    11    11      0
                                NULL *
                  _bInterruptHandler *
      _bInterruptHandler@TIMER$F1421 *
 ---------------------------------------------------------------------------------
 (12) _bInterruptHandler@TIMER$F1421                       1     1      0       8
 ---------------------------------------------------------------------------------
 (12) _bInterruptHandler                                   5     5      0      38
                                              0 COMRAM     2     2      0
 ---------------------------------------------------------------------------------
 (12) NULL(Fake)                                           0     0      0       0
 ---------------------------------------------------------------------------------
 Estimated maximum stack depth 12
 ---------------------------------------------------------------------------------

 Call Graph Graphs:

 _main (ROOT)
   _ADC_vidInitialize
     _CMN_vidManageAssert
       _CMN_vidErrorLedSet
       _CMN_vidErrorLedUnset
       _CMN_vidPortDelayMs
       _CMN_vidPortDisableIsr
       _printf
         _vfprintf
           _vfpfcnvrt
             ___awdiv
             ___awmod
             _abs
               ___awmod (ARG)
             _fputc
               _putch
                 _EUSART_vidSendChar
   _CLOCK_vidInitialize
   _CMN_vidEndInit
   _CMN_vidInitialize
     _CMN_vidErrorLedInit
     _CMN_vidErrorLedUnset
   _CMN_vidManageAbort
     _CMN_vidErrorLedSet
     _CMN_vidErrorLedUnset
     _CMN_vidPortDelayMs
     _CMN_vidPortDisableIsr
     _printf
   _EUSART_vidInitialize
     _CMN_vidManageAbort
     _CMN_vidManageAssert
   _I2CM_vidInitalize
   _LCD_vidInitialize
     _CMN_vidDelayMs
       _CMN_vidPortDelayMs
     _CMN_vidManageAssert
     _LCD_kpkstrGetLcdConfig
     _bClearDisplay
       _CMN_vidDelayMs
       _bSendCommand
         _bGenericSend
           _bWrite4Bits
             _bPulseEnable
               _CMN_vidDelayMs
               _bSendToI2c
                 _I2CM_enuWriteBuffer
                   _bI2cReservedAddress
                   _vidI2c1IsrFlagPolling
                 _LCD_kpkstrGetLcdConfig
             _bSendToI2c
       _bSetCursor
         _LCD_kpkstrGetLcdConfig
         _bSendCommand
     _bReturnHome
       _bSendCommand
     _bSendCommand
     _bSendToI2c
     _bSetDisplayOn
       _bSendCommand
     _bWrite4Bits
     _malloc
       ___expand_heap
       ___simple_search_fl
     _memset
   _TIM0_vidInitialize
     _CMN_vidManageAssert
     _ISR_bRegisterIsrCbk
   _printf

 _vidInterruptManager (ROOT)
   NULL(Fake) *
   _bInterruptHandler *
   _bInterruptHandler@TIMER$F1421 *

Address spaces:
Name               Size   Autos  Total    Usage
BIGRAM            3327      0       0      0.0%
BITBIGSFR_1lh      286      0       0      0.0%
BITBIGSFR          256      0       0      0.0%
BITBANK12          256      0       0      0.0%
BANK12             256      0       0      0.0%
BITBANK11          256      0       0      0.0%
BANK11             256      0       0      0.0%
BITBANK10          256      0       0      0.0%
BANK10             256      0       0      0.0%
BITBANK9           256      0       0      0.0%
BANK9              256      0       0      0.0%
BITBANK8           256      0       0      0.0%
BANK8              256      0       0      0.0%
BITBANK7           256      0       0      0.0%
BANK7              256      0       0      0.0%
BITBANK6           256      0       0      0.0%
BANK6              256      0       0      0.0%
BITBANK5           256      0       0      0.0%
BANK5              256      0       0      0.0%
BITBANK4           256      0       0      0.0%
BANK4              256      0       0      0.0%
BITBANK3           256      0       0      0.0%
BANK3              256      0       0      0.0%
BITBANK2           256      0       0      0.0%
BANK2              256      0       0      0.0%
BITBANK1           256      0       0      0.0%
BANK1              256      0       0      0.0%
BITBANK0           160      0       0      0.0%
BANK0              160     20      81     50.6%
BITBIGSFR_1lll     105      0       0      0.0%
BITCOMRAM           94      0       0      0.0%
COMRAM              94     65      81     86.2%
BITBIGSFR_1llh      74      0       0      0.0%
BITBANK14           31      0       0      0.0%
BANK14              31      0       0      0.0%
BIGRAM_1            31      0       0      0.0%
BITBIGSFR_1h        13      0       0      0.0%
STACK                0      0       0      0.0%
DATA                 0      0     162      0.0%


Microchip Technology PIC18 Macro Assembler V2.50 build 20240725155939 
Symbol Table                                                                                   Fri Oct 10 17:15:55 2025

                bWrite4Bits@bReturnCode 0027                      bWrite4Bits@ku8Data 0026  
                                    l60 14CE                                      l64 1920  
                                    l72 1990                                      l59 14CC  
                                    l75 1B00                                      l68 1A28  
                                    l92 17AE                                      l99 0D78  
                          ___awdiv@sign 0013               bClearDisplay@kenuDeviceId 003B  
                ?_vidI2c1IsrFlagPolling 0001                                     l102 0E0C  
                                   l106 18DA                                     l109 1B0E  
                                   l126 059C                                     l330 0E3C  
                                   l402 0F9E                                     l411 102A  
                                   l412 1034                                     l253 15CE  
                                   l336 0F32                                     l522 1B2A  
                                   l355 1444                                     l531 1260  
                                   l356 1444                                     l268 1B1A  
                                   l540 1ADA                                     l460 175A  
                                   l357 1448                                     l390 1AEE  
                                   l519 1B24                                     l384 19C6  
                                   l553 1AC4                                     l393 1A4C  
                                   l562 1B38                                     l490 184C  
                                   l387 1ADC                                     l556 1B34  
                                   l573 1B30                                     l813 10F6  
                                   l389 1AEC                                     l559 1B3C  
                                   l567 1644                                     l826 13BC  
                                   l579 16A2                                     _abs 19C8  
                    _CMN_bSystemStarted 0051                            ___awmod@sign 0013  
                                   tosl 0FFD                                     wreg 0FE8  
                            _TXSTA2bits 0E99              ISR_bRegisterIsrCbk@bStatus 0011  
                          _BAUD2CONbits 0E9A                                    ?_abs 0014  
                                  l1301 0B74                                    l1312 0B30  
                                  l1402 19FA                                    l2141 1A42  
                                  l1309 0A26                                    l1414 11B0  
                                  l2063 1B10                                    l2143 1A44  
                                  l2135 1A2A                                    l1272 0CD4  
                                  l2145 1A46                                    l2137 1A3C  
                                  l1329 1958                                    l1290 128A  
                                  l1274 0C88                                    l1371 074E  
                                  l2059 1B32                                    l2139 1A40  
                                  l1276 0C7C                                    l1429 1AAA  
                                  l2253 1B26                                    l3301 0B54  
                                  l1382 08FE                                    l1295 130E  
                                  l3311 1262                                    l3303 0B68  
                                  l3321 12B4                                    l3313 1270  
                                  l3401 0B76                                    l1395 1894  
                                  l3331 12FE                                    l3323 12D2  
                                  l3315 1282                                    l3411 0BAE  
                                  l3403 0B76                                    l4221 15D0  
                                  l4301 1096                                    l3325 12E8  
                                  l3317 12A0                                    l3261 0942  
                                  l3253 0900                                    l3421 0BE2  
                                  l3413 0BCC                                    l3405 0B88  
                                  l4231 1626                                    l4223 15F0  
                                  l4311 10CA                                    l4303 10A4  
                                  l1399 19E2                                    l3327 12F2  
                                  l3319 12A8                                    l3263 0962  
                                  l3255 092A                                    l3431 0C46  
                                  l3423 0BF6                                    l3415 0BD6  
                                  l3407 0B8C                                    l4313 10D0  
                                  l4305 10AA                                    l4241 13E4  
                                  l4401 0630                                    l4233 1AC6  
                                  l3281 0A16                                    l3265 0974  
                                  l3273 09BC                                    l3441 0C90  
                                  l3425 0C08                                    l3409 0BA2  
                                  l4227 160A                                    l4307 10C0  
                                  l4315 10D6                                    l4331 132C  
                                  l4323 1310                                    l4251 143C  
                                  l4243 13F0                                    l4235 13C0  
                                  l4411 06AC                                    l4403 064A  
                                  l3291 0AA8                                    l3283 0A2E  
                                  l3275 09DA                                    l3267 0998  
                                  l3259 0936                                    l3443 0C98  
                                  l3427 0C2A                                    l3451 0CCC  
                                  l3419 0BE2                                    l4229 161A  
                                  l4317 10E6                                    l4309 10C8  
                                  l4341 1364                                    l4333 133A  
                                  l4325 1312                                    l4253 143E  
                                  l4245 1400                                    l4237 13C0  
                                  l4421 070A                                    l4413 06C8  
                                  l4405 0664                                    l2901 0FA6  
                                  l4261 190A                                    l4501 0DA4  
                                  l3293 0ACC                                    l3277 09EC  
                                  l3269 09AC                                    l3285 0A42  
                                  l3445 0CA8                                    l3437 0C5C  
                                  l3429 0C36                                    l3461 193E  
                                  l4319 10EE                                    l4343 1372  
                                  l4351 139C                                    l4335 1342  
                                  l4327 1320                                    l4247 141E  
                                  l4239 13D4                                    l4431 0776  
                                  l4423 071C                                    l4415 06DA  
                                  l4407 0668                                    l2911 0FC8  
                                  l2903 0FAA                                    l4263 191E  
                                  l4255 18DE                                    l4271 1A00  
                                  l4511 0DF6                                    l4503 0DC2  
                                  l3295 0ADC                                    l3287 0A54  
                                  l3447 0CB0                                    l3439 0C74  
                                  l3455 1922                                    l4281 1038  
                                  l4353 13AC                                    l4345 1388  
                                  l4337 1354                                    l4329 1328  
                                  l4249 143C                                    l4361 1108  
                                  l4441 081C                                    l4433 0782  
                                  l4425 0736                                    l4417 06EA  
                                  l4409 067C                                    l4601 1B1C  
                                  l4521 16A4                                    l2921 0FEC  
                                  l2913 0FCE                                    l2905 0FB2  
                                  l4257 18E0                                    l4273 1A1A  
                                  l4505 0DD2                                    l3297 0B14  
                                  l3289 0A66                                    l3449 0CB8  
                                  l3457 192E                                    l4515 1B36  
                                  l4291 1068                                    l4283 1046  
                                  l4355 13B4                                    l4347 1390  
                                  l4339 135C                                    l4267 1AAE  
                                  l4363 1118                                    l4451 088E  
                                  l4435 078A                                    l4419 06FA  
                                  l4427 0738                                    l4531 16E8  
                                  l4523 16C8                                    l4611 0E4A  
                                  l4603 0E0E                                    l2931 101A  
                                  l2923 0FFA                                    l2915 0FD6  
                                  l2907 0FB6                                    l4259 18FC  
                                  l4275 1A26                                    l4507 0DD6  
                                  l3299 0B48                                    l3459 193A  
                                  l4517 1B3A                                    l4293 106C  
                                  l4285 104E                                    l4349 1396  
                                  l4373 19C8                                    l4365 1122  
                                  l4453 0892                                    l4437 07B0  
                                  l4445 082E                                    l4429 0750  
                                  l4525 16CC                                    l4613 0E52  
                                  l4621 0EB8                                    l4605 0E14  
                                  l2861 19C2                                    l2933 102C  
                                  l2925 0FFE                                    l2917 0FDC  
                                  l2909 0FC4                                    l4269 19FE  
                                  l4381 197C                                    l4509 0DE6  
                                  l4541 1792                                    l4533 175E  
                                  l4701 00F6                                    l4519 1B2C  
                                  l4295 1074                                    l4287 1052  
                                  l4279 1036                                    l4375 19D6  
                                  l4367 113E                                    l4359 10F8  
                                  l4447 083E                                    l4455 08C8  
                                  l4439 07E6                                    l4391 05D0  
                                  l4471 185A                                    l4527 16D0  
                                  l4631 0F20                                    l4623 0F14  
                                  l4615 0E5A                                    l4607 0E1A  
                                  l2863 19C4                                    l2855 1994  
                                  l2935 1030                                    l2927 1000  
                                  l2919 0FE8                                    l2871 1650  
                                  l4383 198E                                    l4551 18B4  
                                  l4543 17AC                                    l4535 175E  
                                  l3399 0B76                                    l4711 0192  
                                  l4703 0108                                    l4297 1086  
                                  l4289 1060                                    l4369 1170  
                                  l4449 085C                                    l4393 05DE  
                                  l4473 186C                                    l4481 1A96  
                                  l4529 16E4                                    l4641 0F2E  
                                  l4633 0F22                                    l4625 0F16  
                                  l5097 0E92                                    l4609 0E42  
                                  l2857 1998                                    l2929 1004  
                                  l2937 1032                                    l2881 0F36  
                                  l2873 165E                                    l2961 14C8  
                                  l2953 144C                                    l4377 195C  
                                  l4465 1AF2                                    l4553 18C8  
                                  l4537 176E                                    l4721 01EA  
                                  l4713 01BE                                    l4705 0114  
                                  l4299 108E                                    l4395 05E2  
                                  l4459 08D8                                    l4387 059E  
                                  l4475 188C                                    l4571 11FC  
                                  l4563 11B4                                    l4651 15B6  
                                  l4643 0F30                                    l4635 0F24  
                                  l4627 0F18                                    l4619 0E7A  
                                  l2859 19AE                                    l2867 1ADC  
                                  l2891 0F64                                    l2883 0F36  
                                  l2875 1672                                    l2955 144E  
                                  l4379 195E                                    l4491 0D1A  
                                  l4555 18D8                                    l4547 1898  
                                  l4539 1782                                    l4731 027C  
                                  l4723 01F8                                    l4715 01CA  
                                  l4707 0122                                    l4811 17B8  
                                  l4397 05F0                                    l4389 05C4  
                                  l4469 184E                                    l4581 1244  
                                  l4573 1204                                    l4565 11B8  
                                  l4661 15C6                                    l4653 15B8  
                                  l4637 0F28                                    l4629 0F1C  
                                  l2893 0F6C                                    l2885 0F36  
                                  l2877 169A                                    l2869 1648  
                                  l2957 1460                                    l4493 0D1C  
                                  l4485 0CD8                                    l4549 189A  
                                  l4741 02F4                                    l4733 0290  
                                  l4725 0228                                    l4717 01D2  
                                  l4709 0152                                    l4821 17CC  
                                  l4813 17BC                                    l4399 0610  
                                  l4479 1A92                                    l4583 1248  
                                  l4575 1228                                    l4567 11C8  
                                  l4663 15C8                                    l4655 15BC  
                                  l4639 0F2C                                    l2895 0F7C  
                                  l2887 0F46                                    l2959 146E  
                                  l4495 0D2C                                    l4487 0CE6  
                                  l4559 1B04                                    l4751 0398  
                                  l4743 0324                                    l4735 02A0  
                                  l4727 023C                                    l4719 01DC  
                                  l4591 1728                                    l4671 181C  
                                  l4823 17D0                                    l4815 17C0  
                                  l4807 17B0                                    l4577 122C  
                                  l4569 11D8                                    l4665 15CA  
                                  l4657 15BE                                    l4649 1556  
                                  l2897 0F84                                    l2889 0F4E  
                                  l4497 0D2E                                    l4489 0D0A  
                                  l4761 0430                                    l4753 03A8  
                                  l4745 0338                                    l4737 02D0  
                                  l4729 024C                                    l4681 0018  
                                  l4673 0000                                    l4593 173C  
                                  l4585 1704                                    l4825 17D4  
                                  l4817 17C4                                    l4809 17B4  
                                  l4579 1230                                    l4659 15C2  
                                  l2899 0F96                                    l4499 0D5A  
                                  l4771 0516                                    l4763 0460  
                                  l4755 03D8                                    l4747 0354  
                                  l4739 02E4                                    l4691 005E  
                                  l4675 0004                                    l4595 1754  
                                  l4587 1706                                    l4667 1802  
                                  l4827 17EE                                    l4819 17C8  
                                  l4773 0552                                    l4765 046C  
                                  l4757 03E4                                    l4749 0384  
                                  l4693 007E                                    l4677 0004  
                                  l4589 1714                                    l4597 1758  
                                  l4669 1806                                    l4767 049C  
                                  l4759 0414                                    l4695 008A  
                                  l4775 0584                                    l4687 001C  
                                  l4679 0004                                    l4777 0588  
                                  l4769 04EC                                    l4697 00BA  
                                  l4689 002A                                    l4699 00CA  
                                  STR_1 FFDE                                    STR_2 FFEF  
                                  STR_3 FFFA                                    STR_4 FF77  
                                  STR_5 FFCC                                    STR_6 FF77  
                                  STR_7 FFCC                                    STR_8 FF77  
                                  STR_9 FFCC                                    u2200 1672  
                                  u3000 0C08                                    u2201 166E  
                                  u3001 0C04                                    u2210 0F46  
                                  u3010 0C2A                                    u2211 0F42  
                                  u3011 0C26                                    u2220 0F64  
                                  u3020 0C58                                    u2221 0F60  
                                  u3021 0C54                                    u2230 0F7C  
                                  u2310 14C8                                    u3030 0C74  
                                  u2231 0F78                                    u2311 14C4  
                                  u3031 0C70                                    u2160 19AE  
                                  u2240 0F96                                    u3040 1958  
                                  u2161 19AA                                    u2241 0F92  
                                  u3041 1954                                    u2170 19C2  
                                  u2250 0FC4                                    u2171 19BE  
                                  u2251 0FC0                                    u2180 1AEC  
                                  u2260 0FFA                                    u2181 1AE8  
                                  u2261 0FF6                                    u2270 101A  
                                  u2190 165E                                    u2271 1016  
                                  u2191 165A                                    u2280 102A  
                                  u5000 02CA                                    u2281 1026  
                                  u5001 02C4                                    u5010 02CC  
                                  u4300 141E                                    u5100 045A  
                                  u5020 031E                                    u4301 141A  
                                  u5101 0454                                    u5021 0318  
                                  u4310 143C                                    u5110 045C  
                                  u5030 0320                                    u4311 1438  
                                  u4400 1320                                    u4320 18FC  
                                  u2800 0962                                    u5120 0496  
                                  u5040 037E                                    u4401 131C  
                                  u4321 18F8                                    u2801 095E  
                                  u5121 0490                                    u5041 0378  
                                  u4410 133A                                    u4330 1A1A  
                                  u2810 0974                                    u5130 0498  
                                  u5050 0380                                    u4411 1336  
                                  u4331 1A16                                    u2811 0970  
                                  u4340 1046                                    u4420 1354  
                                  u4500 19D6                                    u2900 12A0  
                                  u2820 09DA                                    u5140 054C  
                                  u5060 03D2                                    u4341 1042  
                                  u4421 1350                                    u4501 19D2  
                                  u2901 129C                                    u2821 09D6  
                                  u5141 0546                                    u5061 03CC  
                                  u4270 1606                                    u4350 1060  
                                  u4430 1372                                    u4510 197C  
                                  u2910 12D2                                    u2830 09EC  
                                  u5150 054E                                    u5070 03D4  
                                  u4271 1602                                    u4351 105C  
                                  u4431 136E                                    u4511 1978  
                                  u2911 12CE                                    u2831 09E8  
                                  u4280 1644                                    u4360 1086  
                                  u4440 1388                                    u4600 070A  
                                  u4520 05C4                                    u2920 12E8  
                                  u2840 0A12                                    u5160 059C  
                                  u5080 040E                                    u4281 1640  
                                  u4361 1082                                    u4441 1384  
                                  u4601 0706                                    u4521 05C0  
                                  u2921 12E4                                    u2841 0A0E  
                                  u5161 0598                                    u5081 0408  
                                  u4370 10A4                                    u4450 13AC  
                                  u4290 1400                                    u4610 074A  
                                  u4530 0610                                    u2850 0A54  
                                  u5090 0410                                    u4371 10A0  
                                  u4451 13A8                                    u4291 13FC  
                                  u4611 0746                                    u4531 060C  
                                  u2851 0A50                                    u4380 10C0  
                                  u4460 1108                                    u4620 0776  
                                  u4540 0630                                    u4700 188C  
                                  u2860 0A66                                    u4381 10BC  
                                  u4461 1104                                    u4621 0772  
                                  u4541 062C                                    u4701 1888  
                                  u2861 0A62                                    u4390 10E6  
                                  u4470 1118                                    u4630 07B0  
                                  u4550 0678                                    u4710 0D1A  
                                  u2870 0AA8                                    u2790 092A  
                                  u4391 10E2                                    u4471 1114  
                                  u4631 07AC                                    u4551 0672  
                                  u4711 0D16                                    u2871 0AA4  
                                  u2791 0926                                    u4480 113E  
                                  u4640 07E6                                    u4560 067A  
                                  u4720 0D2C                                    u2880 0B48  
                                  u4800 1714                                    u4481 113A  
                                  u4641 07E2                                    u4721 0D28  
                                  u2881 0B44                                    u4801 1710  
                                  u4490 1170                                    u4650 081C  
                                  u4570 06DA                                    u4730 0D5A  
                                  u2890 1282                                    u2970 0B88  
                                  u4810 1728                                    u4491 116C  
                                  u4651 0818                                    u4571 06D6  
                                  u4731 0D56                                    u2891 127E  
                                  u2971 0B84                                    u4811 1724  
                                  u4660 083E                                    u4580 06EA  
                                  u4740 0DA4                                    u2980 0BA2  
                                  u4900 00F6                                    u4820 173C  
                                  u4661 083A                                    u4581 06E6  
                                  u4741 0DA0                                    u2981 0B9E  
                                  u4901 00F2                                    u4821 1738  
                                  u4670 087E                                    u4590 06FA  
                                  u4750 0DD2                                    u2990 0BCC  
                                  u4910 014C                                    u4830 1846  
                                  u4591 06F6                                    u4751 0DCE  
                                  u2991 0BC8                                    u4911 0146  
                                  u4831 1840                                    u4680 08B4  
                                  u4760 176E                                    u4920 014E  
                                  u4840 1848                                    u4761 176A  
                                  u4690 08C4                                    u4770 18B4  
                                  u4930 0184                                    u4850 0058  
                                  u4691 08C0                                    u4771 18B0  
                                  u4931 017C                                    u4851 0052  
                                  u4780 11C8                                    u4860 005A  
                                  u4677 0874                                    u4781 11C4  
                                  u5637 17E0                                    u4790 11D8  
                                  u4950 01BE                                    u4870 007E  
                                  u5647 13DA                                    u4687 08AA  
                                  u4791 11D4                                    u4951 01BA  
                                  u4871 007A                                    u4960 0222  
                                  u4880 00B4                                    u5657 1610  
                                  u4961 021C                                    u4881 00AE  
                                  u4970 0224                                    u4890 00B6  
                                  u4980 0276                                    u4948 0188  
                                  u4981 0270                                    u4990 0278  
                                  abs@a 0014                                    _dbuf 0060  
                                  _brkp 004A                                    _main 17B0  
                                  _prec 008F         EUSART_vidSendChar@u32TimeoutIdx 0014  
                                  fsr0h 0FEA                                    fsr1h 0FE2  
                                  indf0 0FEF                                    fsr2h 0FDA  
                                  fsr0l 0FE9                                    indf2 0FDF  
                                  fsr1l 0FE1                                    fsr2l 0FD9  
                                  btemp 0052                                    prodh 0FF4  
                                  prodl 0FF3                                    start 00B2  
        __end_of_LCD_kastrLcdConfigList FE59                            ___param_bank 0000  
                                 ??_abs 0016                                   ?_main 0001  
                                 _ADPCH 0F5A                         __end_of___awdiv 10F8  
                                 STR_10 FF77                                   STR_11 FFCC  
                                 STR_20 FF77                                   STR_12 FF77  
                                 STR_21 FFCC                                   STR_13 FFCC  
                                 STR_22 FF77                                   STR_14 FF77  
                                 STR_30 FF40                                   STR_23 FFCC  
                                 STR_15 FFCC                                   STR_31 FFBA  
                                 STR_32 FF40                                   STR_24 FF77  
                                 STR_16 FF77                                   STR_40 FF5C  
                                 STR_33 FFBA                                   STR_25 FFCC  
                                 STR_17 FFCC                                   STR_41 FFA7  
                                 STR_34 FF40                                   STR_26 FF77  
                                 STR_18 FF77                                   STR_42 FE59  
                                 STR_35 FFBA                                   STR_27 FFCC  
                                 STR_19 FFCC                                   STR_43 FE9E  
                                 STR_28 FF77                                   STR_36 FF23  
                                 STR_44 FEE1                         __end_of___awmod 13BE  
                                 STR_29 FFCC                                   STR_37 FF92  
                                 STR_38 FF23                                   STR_39 FF92  
              bGenericSend@kenuDeviceId 002C                         ___awdiv@divisor 0010  
                                 i2l320 1552                                   i2l321 1552  
                                 i2l324 1554                                   i2l318 1526  
                                 i2l319 153C                                   i2l456 0096  
                                 i2l487 1A90                         ___awdiv@counter 0012  
                          vfpfcnvrt@fmt 0022                                   _TMR0H 0FD3  
                                 _TMR0L 0FD2                bSetDisplayOn@bReturnCode 0030  
         __end_of_CMN_vidPortDisableIsr 1B32          vidInterruptManager@bIsIsrFound 000C  
                        _CMN_vidDelayMs 1AC6                          _CMN_vidEndInit 1B26  
      vidInterruptManager@enuPeripheral 000D                                   _flags 0050  
                                 _errno 0091                                   _fputc 10F8  
                                 _width 008D                                   _putch 1AAC  
      bI2cReservedAddress@ku8I2cAddress 0010                                   pclath 0FFA  
                                 pclatu 0FFB                                   tablat 0FF5  
                      ___expand_heap@pn 000E                                   plusw2 0FDB  
                                 ttemp5 0053                                   ttemp6 0056  
                                 ttemp7 005A                     _vidInterruptManager 0008  
                                 status 0FD8                      _TIM0_vidInitialize 1802  
                                 wtemp8 0053                bPulseEnable@kenuDeviceId 0025  
              bSendCommand@kenuDeviceId 002E                   bSetDisplayOn@bSetToOn 002F  
                       __initialization 1A4E                     ?_TIM0_vidInitialize 0001  
                          __end_of_main 1802                           ___expand_heap 1262  
                  _EUSART_vidInitialize 0E0E                    ?_vidInterruptManager 0001  
                                ??_main 00AF                    _CMN_vidErrorLedUnset 1B36  
                         __activetblptr 0003                  __end_of_CMN_vidDelayMs 1ADC  
                __end_of_CMN_vidEndInit 1B2C            I2CM_enuWriteBuffer@kenuI2cId 0015  
          I2CM_enuWriteBuffer@enuStatus 0018                    ??_TIM0_vidInitialize 0042  
                     bSendToI2c@bStatus 001E                                  _ADCON0 0F5B  
                                ?_fputc 0019                                  _ADRESH 0F5F  
                                _ADRESL 0F5E                       bSendToI2c@ku8Data 0019  
                      ___awdiv@dividend 000E                                  ?_putch 0001  
                                _RC2REG 0E94                                  _RB1PPS 0EEB  
                                _RB2PPS 0EEC                                  _RD0PPS 0EFA  
                                i2l3711 14D0                                  i2l4191 002A  
                                i2l4183 0022                                  i2l3721 14F4  
                                i2l3713 14D0                                  i2l4193 004A  
                                i2l4185 0022                                  i2l3731 1538  
                                i2l3723 1504                                  i2l3715 14D2  
                                i2l3707 14D0                                  i2l4195 0070  
                                i2l4187 0022                                  i2l3741 1A80  
                                i2l3733 154A                                  i2l3725 1506  
                                i2l3717 14E2                                  i2l3709 14D0  
                                i2l4197 0072                                  i2l4189 0024  
                                i2l3743 1A8E                                  i2l3735 154E  
                                i2l3727 1516                                  i2l3719 14F0  
                                i2l4199 0086                                  i2l3745 1A8E  
                                i2l3729 1534                                  i2l3739 1A70  
                         vfpfcnvrt@done 002B                                  _RX2PPS 0E88  
                                _TX2REG 0E95          CMN_vidManageAssert@kbCondition 0040  
                          vfprintf@cfmt 0035                     _CLOCK_vidInitialize 1B10  
                        ?___expand_heap 000E               EUSART_vidSendChar@ks8Data 0013  
               ___simple_search_fl@best 0021  CMN_vidManageAssert@kpkpau8FunctionName 00A1  
               ___simple_search_fl@last 001B                 ___simple_search_fl@next 001D  
                 ?_EUSART_vidInitialize 0001                               ??___awdiv 0012  
                             ??___awmod 0012                                  _malloc 0B76  
                                _memset 1922                                  clear_0 1A54  
                                clear_1 1A60                   ??_vidInterruptManager 0003  
                      ___awdiv@quotient 0014                         ___awmod@divisor 0010  
         CMN_vidPortDelayMs@u32DelayIdx 0013                                  isa$std 0001  
                 ?_CMN_vidErrorLedUnset 0001                         ___awmod@counter 0012  
                                _printf 1A92                              _bSendToI2c 144A  
                            _bSetCursor 0CD6                                  fputc@c 0019  
                       ?_CMN_vidDelayMs 0017                         ?_CMN_vidEndInit 0001  
                          __mediumconst FE0C                                  tblptrh 0FF7  
                                tblptrl 0FF6                                  tblptru 0FF8  
                  ?_CLOCK_vidInitialize 0001                         bSetCursor@u8Row 0030  
                      __end_of_vfprintf 1896                 bGenericSend@bReturnCode 002B  
                         ?_bGenericSend 0029         EUSART_vidSendChar@ku32TimeoutMs 000E  
            __end_of_EUSART_vidSendChar 144A                       _TIM0_pfRxCallback 0042  
                            __accesstop 0060                 __end_of__initialization 1A66  
           __end_of_bI2cReservedAddress 19C8                           ___rparam_used 0001  
                            ___freelist 0048                          __pcstackCOMRAM 0001  
              _EUSART_vidInitialize$880 00A5                 ??_vidI2c1IsrFlagPolling 000E  
                         ??_bReturnHome 002F                           __end_of_fputc 11B2  
                 __end_of_bSetDisplayOn 17B0                           __end_of_putch 1AC6  
                         _bClearDisplay 1896                        _ISR_apfbCallback 0080  
                 ??_CLOCK_vidInitialize 000E                ??_LCD_kpkstrGetLcdConfig 0011  
                               ??_fputc 001C              __end_of___simple_search_fl 0B76  
                        ??_bGenericSend 002B                                 ??_putch 0018  
                            __pbssBANK0 0060                           ??_bWrite4Bits 0027  
                       ??___expand_heap 0011                  ??_EUSART_vidInitialize 00A3  
         bInterruptHandler@u8TimeoutIdx 0002                  ??_CMN_vidErrorLedUnset 000E  
                               ?_malloc 0023                                 ?_memset 000E  
                           ?_bSendToI2c 0019                                 ?_printf 0037  
                        ?_bClearDisplay 0001                             ?_bSetCursor 002F  
                   __end_of_bReturnHome 1B10                                 _SP2BRGH 0E97  
                               _SP2BRGL 0E96                                 _SSP1ADD 0F92  
                               _SSP1BUF 0F91               bSetDisplayOn@kenuDeviceId 0031  
                             _ADREFbits 0F53                   _LCD_vidInitialize$341 00A8  
                               __Hparam 0000                                 __Lparam 0000  
                  ___simple_search_fl@c 001F                    ___simple_search_fl@n 000E  
                     _I2CM_vidInitalize 1A2A               bSetCursor@pkstrThisConfig 0038  
                         ?_bSendCommand 002D                                 ___awdiv 1036  
                               ___awmod 1310       CMN_vidManageAbort@kpkpau8FileName 009F  
                    ?_I2CM_vidInitalize 0001                               ?_vfprintf 0031  
                   __end_of_bWrite4Bits 1A2A                ___simple_search_fl@split 0019  
                               __pcinit 1A4E                                 __ramtop 1000  
                               __ptext0 17B0                                 __ptext1 1802  
                               __ptext2 1702                                 __ptext3 0000  
                               __ptext4 1922                                 __ptext5 0B76  
                               __ptext6 0900                                 __ptext7 1262  
                               __ptext8 175C                                 __ptext9 1B02  
                   ??_I2CM_vidInitalize 000E                        ___awmod@dividend 000E  
            __end_of_CMN_vidManageAbort 1702                        bSetCursor@F13614 FE4D  
                 _CMN_vidPortDisableIsr 1B2C                    end_of_initialization 1A66  
                               malloc@m 0028                                 malloc@n 0023  
                               malloc@p 002C                  ___expand_heap@new_brkp 0015  
                               fputc@fp 001B                                 memset@c 0010  
                               memset@n 0012                                 memset@p 0014  
                      vfpfcnvrt@cp_2271 0027                     _CMN_vidManageAssert 11B2  
             __end_of_I2CM_vidInitalize 1A4E                          ??_bSendCommand 002E  
                     __end_of_vfpfcnvrt 0900                                 postdec1 0FE5  
                               postdec2 0FDD                                 postinc0 0FEE  
                               postinc1 0FE6                                 postinc2 0FDE  
                      vfpfcnvrt@convarg 002C               TIM0_vidInitialize@bStatus 00A3  
                   _I2CM_enuWriteBuffer 0F34                              ??_vfprintf 0035  
               bSetCursor@kau8RowOffset 0033                    __end_of_bGenericSend 1992  
                   _ISR_bRegisterIsrCbk 1702                             _bReturnHome 1B02  
                      ??_CMN_vidDelayMs 001B                         ??_bClearDisplay 003A  
                      ??_CMN_vidEndInit 000E                    ?_CMN_vidManageAssert 009D  
            __end_of_CMN_vidErrorLedSet 1B3E                               _TRISAbits 0F87  
                             _TRISDbits 0F8A                    ?_I2CM_enuWriteBuffer 0011  
                  ?_ISR_bRegisterIsrCbk 000E             I2CM_enuWriteBuffer@u16Index 0016  
                         ?_bPulseEnable 0023                       _LCD_vidInitialize 0000  
                           _bWrite4Bits 19FC                      ?_LCD_vidInitialize 0001  
           __end_of_vidInterruptManager 00B2           CMN_vidPortDelayMs@ku32DelayMs 000E  
                _LCD_kpkstrGetLcdConfig 1646   I2CM_enuWriteBuffer@ku8I2cSlaveAddress 0011  
                    _EUSART_vidSendChar 13BE                     _LCD_astrDisplayData 0093  
                           vfpfcnvrt@ap 0023                             vfpfcnvrt@cp 0029  
                           vfpfcnvrt@fp 0021                     ??_LCD_vidInitialize 00A3  
         __end_of_vidI2c1IsrFlagPolling 1AF0                          __end_of_malloc 0CD6  
                        __end_of_memset 195A                   ??_CMN_vidManageAssert 0040  
                   ?_EUSART_vidSendChar 000E                         ___expand_heap@n 0013  
                        __end_of_printf 1AAC                             putch@s8Data 0018  
               bReturnHome@kenuDeviceId 002F                     start_initialization 1A4E  
                            malloc@lock 0089                             __end_of_abs 19FC  
                ?_CMN_vidPortDisableIsr 0001                   ??_I2CM_enuWriteBuffer 0015  
       LCD_vidInitialize@bCommandStatus 00AC                   ??_ISR_bRegisterIsrCbk 0011  
                     _bInterruptHandler 14D0                     _CMN_vidErrorLedInit 1B32  
                    ?_bInterruptHandler 0001               __end_of_LCD_vidInitialize 059E  
                        ??_bPulseEnable 0024                    ??_EUSART_vidSendChar 0012  
                   ??_bInterruptHandler 0001                      ___simple_search_fl 0900  
                           vfprintf@fmt 0032            ___simple_search_fl@best_last 0017  
                  ?_CMN_vidErrorLedInit 0001                                ??_malloc 0026  
   I2CM_enuWriteBuffer@ku16TxBufferSize 0013                                ??_memset 0014  
               bWrite4Bits@kenuDeviceId 0028                     ?___simple_search_fl 000E  
                            memset@dest 000E                            ??_bSendToI2c 001A  
           __end_of_CLOCK_vidInitialize 1B1C                                ??_printf 003F  
   ISR_bRegisterIsrCbk@kenuPeripheralId 0012                     bPulseEnable@ku8Data 0023  
                          ??_bSetCursor 0031                               ___heap_hi 0D00  
                             ___heap_lo 00B1                             __pbssCOMRAM 0042  
       ISR_bRegisterIsrCbk@kpfbCallback 000E                           __pcstackBANK0 009D  
             __end_of_bInterruptHandler 1556              __end_of_CMN_vidPortDelayMs 1646  
                  __end_of_bSendCommand 1B02          EUSART_vidInitialize@enuCLockId 00A6  
                  ??___simple_search_fl 0011                     bSendToI2c@u8Message 001F  
                    __end_of_bSendToI2c 14D0                      __end_of_bSetCursor 0E0E  
    CMN_vidManageAssert@kpkpau8FileName 009F                   __end_of___expand_heap 1310  
                             __pintcode 0008                   ??_CMN_vidErrorLedInit 000E  
              __end_ofbSetCursor@F13614 FE51                           __pmediumconst FE0C  
                              ?___awdiv 000E                                ?___awmod 000E  
         CMN_vidManageAssert@bDontBlock 0041         ??_bInterruptHandler@TIMER$F1421 0001  
 CMN_vidManageAbort@kpkpau8FunctionName 00A1        I2CM_enuWriteBuffer@kpku8TxBuffer 0012  
         LCD_vidInitialize@pstrThisData 00AE               LCD_vidInitialize@enuLcdId 00AD  
                          _bGenericSend 195A                                _LATAbits 0F82  
                              _PIE0bits 0EBD                                _PIE3bits 0EC0  
                    _CMN_vidManageAbort 16A4                                i2u350_40 1516  
                              i2u350_41 1512                                i2u351_40 1526  
                              i2u423_40 004A                                i2u351_41 1522  
                              i2u423_41 0046                                _PIR0bits 0EC5  
                              i2u352_40 1534                                i2u352_41 1530  
                              i2u353_40 154A                                i2u425_40 0086  
                              i2u424_48 005C                                i2u353_41 1546  
                              i2u425_41 0082                                i2u424_49 0070  
                              i2u354_40 1A80                                i2u426_40 0096  
                              i2u354_41 1A7C                                i2u426_41 0092  
                              i2u355_40 1A8E                                i2u355_41 1A8A  
                              i2u348_40 14E2                                i2u348_41 14DE  
                              i2u349_40 14F0                                i2u349_41 14EC  
                              _PIR3bits 0EC8                                i2u566_47 14FA  
                   ?_CMN_vidManageAbort 009D                            ?_bReturnHome 0001  
                             _vfpfcnvrt 059E                           _bSetDisplayOn 175C  
                _LCD_kastrLcdConfigList FE51                    __end_of_bPulseEnable 1922  
                   _EUSART_pfRxCallback 0045                                _WPUBbits 0F13  
               bPulseEnable@bReturnCode 0024                              vfpfcnvrt@c 0030  
                   bGenericSend@ku8Data 0029                    ??_CMN_vidManageAbort 0040  
                   bGenericSend@ku8Mode 002A                               malloc@end 004C  
                             malloc@cur 004E                               malloc@new 002E  
                    _CMN_vidErrorLedSet 1B3A                 ?_LCD_kpkstrGetLcdConfig 000E  
                          ?_bWrite4Bits 0026                                __Hrparam 0000  
                            vfprintf@ap 0034                                __Lrparam 0000  
                            vfprintf@fp 0031                     ?_CMN_vidErrorLedSet 0001  
                   bSendCommand@ku8Data 002D                          ?_bSetDisplayOn 002F  
                            ?_vfpfcnvrt 0021                   __end_of_bClearDisplay 18DC  
       CMN_vidManageAssert@ku16FileLine 009D                              _ANSELBbits 0F14  
                            _ANSELDbits 0F21                 ??_CMN_vidPortDisableIsr 000E  
            __end_of_TIM0_vidInitialize 184E                              _T0CON0bits 0FD4  
                            _T0CON1bits 0FD5        LCD_vidInitialize@pkstrThisConfig 00AA  
                  ??_CMN_vidErrorLedSet 000E                                __ptext10 1896  
                              __ptext11 0CD6                                __ptext20 1992  
                              __ptext12 1AF0                                __ptext21 1AC6  
                              __ptext13 195A                                __ptext30 11B2  
                              __ptext22 1A2A                                __ptext14 19FC  
                              __ptext31 1A92                                __ptext23 0E0E  
                              __ptext15 18DC                                __ptext40 1B2C  
                              __ptext32 184E                                __ptext24 16A4  
                              __ptext16 144A                                __ptext41 15D0  
                              __ptext33 059E                                __ptext25 1B1C  
                              __ptext17 1646                                __ptext42 1B36  
                              __ptext34 10F8                                __ptext26 1B32  
                              __ptext18 0F34                                __ptext43 1B3A  
                              __ptext35 1AAC                                __ptext27 1B26  
                              __ptext19 1ADC                                __ptext36 13BE  
                              __ptext28 1B10                                __ptext45 14D0  
                              __ptext37 19C8                                __ptext29 1556  
                              __ptext46 1A70                                __ptext38 1310  
                              __ptext39 1036                            _SSP1CON1bits 0F95  
                          _SSP1CON2bits 0F96                     _bI2cReservedAddress 1992  
 __end_of_bInterruptHandler@TIMER$F1421 1A92           _bInterruptHandler@TIMER$F1421 1A70  
              _bI2cReservedAddress$1152 000F                             _OSCCON1bits 0ED3  
      __end_of_EUSART_kau16BaudRateCoef FE4D          __end_of_LCD_kpkstrGetLcdConfig 16A4  
             CMN_vidDelayMs@ku32DelayMs 0017                              _RC2STAbits 0E98  
                              isa$xinst 0000                    ?_bI2cReservedAddress 0001  
           __end_of_CMN_vidManageAssert 1262                            _bSendCommand 1AF0  
                              int$flags 0052                                _vfprintf 184E  
                     _ADC_vidInitialize 1556                               printf@fmt 0037  
                    ?_ADC_vidInitialize 0001             __end_of_I2CM_enuWriteBuffer 1036  
                    bSetCursor@u8Column 002F                                malloc@sz 002A  
                 _vidI2c1IsrFlagPolling 1ADC             __end_of_ISR_bRegisterIsrCbk 175C  
                            _INTCONbits 0FF2       ___simple_search_fl@remaining_size 0015  
                     _CMN_vidInitialize 1B1C                     ??_ADC_vidInitialize 0042  
                    ?_CMN_vidInitialize 0001                bClearDisplay@bReturnCode 003A  
                              intlevel2 0000                  bSendToI2c@kenuDeviceId 0022  
                   ??_CMN_vidInitialize 000E                      _CMN_vidPortDelayMs 15D0  
                 ??_bI2cReservedAddress 000E                         ??_bSetDisplayOn 0030  
             __end_of_ADC_vidInitialize 15D0                                printf@ap 003F  
        CMN_vidManageAbort@ku16FileLine 009D                     ?_CMN_vidPortDelayMs 000E  
                           ??_vfpfcnvrt 0025                              _SSP1DATPPS 0EB3  
             __end_of_CMN_vidInitialize 1B26                              _SSP1CLKPPS 0EB2  
                bSetCursor@kenuDeviceId 0037            __end_of_EUSART_vidInitialize 0F34  
                            _TX2STAbits 0E99                    ??_CMN_vidPortDelayMs 0012  
    LCD_kpkstrGetLcdConfig@kenuDeviceId 0017               bSendToI2c@pkstrThisConfig 0020  
          __end_of_CMN_vidErrorLedUnset 1B3A          ?_bInterruptHandler@TIMER$F1421 0001  
           __end_of_CMN_vidErrorLedInit 1B36   LCD_kpkstrGetLcdConfig@pkstrThisConfig 0015  
                          _bPulseEnable 18DC                _EUSART_kau16BaudRateCoef FE0D  
